Name,Age,Gender,Education_Level,Field_of_Study,Experience_Years,current_title_norm,previous_titles_norm,skills_canonical,Certifications,is_fresh_graduate,has_certification,has_prev_role,edu_level_ord,candidate_profile_text
Akash Pillai,30,Non-Binary,Master's,Cybersecurity,0,,,"[""deep learning"", ""javascript"", ""node"", ""sql"", ""statistics""]",Google Cloud Professional,1,1,0,4,"Skills: deep learning, javascript, node, sql, statistics. Education: Master's in Cybersecurity. Experience: 0 years. Certifications: Google Cloud Professional."
Charlotte Taylor,27,Non-Binary,Bachelor's,Electronics Engineering,5,cybersecurity engineer,,"[""kubernetes"", ""natural language processing"", ""spark"", ""terraform""]",TensorFlow Developer Certificate,0,1,0,3,"Current role: cybersecurity engineer. Skills: kubernetes, natural language processing, spark, terraform. Education: Bachelor's in Electronics Engineering. Experience: 5 years. Certifications: TensorFlow Developer Certificate."
James Zhou,45,Male,Bachelor's,Computer Science,2,prompt engineer,,"[""data analysis"", ""jenkins"", ""linux"", ""machine learning"", ""network security"", ""node"", ""rest apis""]","Microsoft Azure Fundamentals, Cisco Certified Network Associate, Oracle Certified Professional",0,1,0,3,"Current role: prompt engineer. Skills: data analysis, jenkins, linux, machine learning, network security, node, rest apis. Education: Bachelor's in Computer Science. Experience: 2 years. Certifications: Microsoft Azure Fundamentals, Cisco Certified Network Associate, Oracle Certified Professional."
Amelia Thomas,28,Male,Master's,Information Technology,2,ai engineer,,"[""blockchain"", ""docker"", ""kubernetes"", ""spark""]",,0,0,0,4,"Current role: ai engineer. Skills: blockchain, docker, kubernetes, spark. Education: Master's in Information Technology. Experience: 2 years."
Amanda Jain,42,Non-Binary,Master's,Electronics Engineering,2,cybersecurity engineer,,"[""blockchain"", ""cybersecurity"", ""kubernetes"", ""statistics""]",,0,0,0,4,"Current role: cybersecurity engineer. Skills: blockchain, cybersecurity, kubernetes, statistics. Education: Master's in Electronics Engineering. Experience: 2 years."
Sarah Nair,40,Male,Bachelor's,Software Engineering,0,,,"[""amazon web services"", ""ci/cd"", ""git"", ""java"", ""linux"", ""natural language processing"", ""network security"", ""python""]",,1,0,0,3,"Skills: amazon web services, ci/cd, git, java, linux, natural language processing, network security, python. Education: Bachelor's in Software Engineering. Experience: 0 years."
Rahul Patel,45,Non-Binary,Master's,Software Engineering,0,,,"[""ansible"", ""blockchain"", ""computer vision"", ""devops"", ""kubernetes"", ""machine learning"", ""pytorch""]","Certified Ethical Hacker, Project Management Professional",1,1,0,4,"Skills: ansible, blockchain, computer vision, devops, kubernetes, machine learning, pytorch. Education: Master's in Software Engineering. Experience: 0 years. Certifications: Certified Ethical Hacker, Project Management Professional."
Aisha Anderson,21,Non-Binary,Master's,Electrical Engineering,7,product manager,"site reliability engineer, software engineer, cloud engineer","[""deep learning"", ""javascript"", ""node"", ""react""]","Google Cloud Professional, Google Data Analytics Professional",0,1,1,4,"Current role: product manager. Previous roles: site reliability engineer, software engineer, cloud engineer. Skills: deep learning, javascript, node, react. Education: Master's in Electrical Engineering. Experience: 7 years. Certifications: Google Cloud Professional, Google Data Analytics Professional."
Jessica Jackson,32,Female,Bachelor's,Robotics,1,data scientist,,"[""agile"", ""mongodb"", ""react"", ""rest apis""]",Certified Kubernetes Administrator,0,1,0,3,"Current role: data scientist. Skills: agile, mongodb, react, rest apis. Education: Bachelor's in Robotics. Experience: 1 years. Certifications: Certified Kubernetes Administrator."
Jackson Patel,35,Non-Binary,Bachelor's,Electronics Engineering,6,quantum computing specialist,"ui/ux designer, site reliability engineer, frontend developer","[""graphql"", ""kubernetes"", ""natural language processing"", ""sql""]","TensorFlow Developer Certificate, Certified Kubernetes Administrator, Certified Ethical Hacker",0,1,1,3,"Current role: quantum computing specialist. Previous roles: ui/ux designer, site reliability engineer, frontend developer. Skills: graphql, kubernetes, natural language processing, sql. Education: Bachelor's in Electronics Engineering. Experience: 6 years. Certifications: TensorFlow Developer Certificate, Certified Kubernetes Administrator, Certified Ethical Hacker."
Rohan Park,43,Female,Bachelor's,Computer Engineering,0,,,"[""kafka"", ""linux"", ""react"", ""terraform""]",,1,0,0,3,"Skills: kafka, linux, react, terraform. Education: Bachelor's in Computer Engineering. Experience: 0 years."
Sneha Gupta,26,Male,Master's,Electronics Engineering,5,product manager,prompt engineer,"[""amazon web services"", ""graphql"", ""javascript"", ""jenkins"", ""linux"", ""natural language processing"", ""sql""]","Certified Kubernetes Administrator, Project Management Professional",0,1,1,4,"Current role: product manager. Previous roles: prompt engineer. Skills: amazon web services, graphql, javascript, jenkins, linux, natural language processing, sql. Education: Master's in Electronics Engineering. Experience: 5 years. Certifications: Certified Kubernetes Administrator, Project Management Professional."
Aadhya White,40,Non-Binary,Certificate,Information Technology,8,cloud architect,,"[""azure"", ""cloud computing"", ""computer vision"", ""node"", ""scrum""]",Certified Information Systems Security Professional,0,1,0,0,"Current role: cloud architect. Skills: azure, cloud computing, computer vision, node, scrum. Education: Certificate in Information Technology. Experience: 8 years. Certifications: Certified Information Systems Security Professional."
Rohan Martinez,42,Male,PhD,Software Engineering,0,,,"[""ansible"", ""data analysis"", ""docker"", ""mongodb""]","Scrum Master Certified, Certified Kubernetes Administrator",1,1,0,5,"Skills: ansible, data analysis, docker, mongodb. Education: PhD in Software Engineering. Experience: 0 years. Certifications: Scrum Master Certified, Certified Kubernetes Administrator."
Sneha Rao,29,Male,Bachelor's,Artificial Intelligence,2,blockchain engineer,,"[""agile"", ""azure"", ""computer vision"", ""python""]",CompTIA Security+,0,1,0,3,"Current role: blockchain engineer. Skills: agile, azure, computer vision, python. Education: Bachelor's in Artificial Intelligence. Experience: 2 years. Certifications: CompTIA Security+."
Ashley Mittal,38,Male,PhD,Electrical Engineering,0,,,"[""azure"", ""blockchain"", ""ci/cd"", ""git"", ""javascript""]",,1,0,0,5,"Skills: azure, blockchain, ci/cd, git, javascript. Education: PhD in Electrical Engineering. Experience: 0 years."
Benjamin Zhou,38,Female,Diploma,Robotics,1,machine learning engineer,,"[""agile"", ""graphql"", ""java"", ""kubernetes"", ""tensorflow""]","Oracle Certified Professional, Project Management Professional, Certified Kubernetes Administrator",0,1,0,0,"Current role: machine learning engineer. Skills: agile, graphql, java, kubernetes, tensorflow. Education: Diploma in Robotics. Experience: 1 years. Certifications: Oracle Certified Professional, Project Management Professional, Certified Kubernetes Administrator."
Priya Jones,27,Female,Bachelor's,Data Science,3,product manager,ai engineer,"[""agile"", ""data analysis"", ""pytorch"", ""rest apis""]",,0,0,1,3,"Current role: product manager. Previous roles: ai engineer. Skills: agile, data analysis, pytorch, rest apis. Education: Bachelor's in Data Science. Experience: 3 years."
Ava Johnson,39,Female,High School,Electrical Engineering,8,site reliability engineer,big data engineer,"[""amazon web services"", ""blockchain"", ""cloud computing"", ""linux"", ""microservices"", ""pytorch""]","AWS Certified Solutions Architect, CompTIA Security+",0,1,1,1,"Current role: site reliability engineer. Previous roles: big data engineer. Skills: amazon web services, blockchain, cloud computing, linux, microservices, pytorch. Education: High School in Electrical Engineering. Experience: 8 years. Certifications: AWS Certified Solutions Architect, CompTIA Security+."
Aisha Park,31,Non-Binary,Bachelor's,Information Technology,0,,,"[""azure"", ""git"", ""graphql"", ""kafka"", ""linux"", ""pytorch"", ""rest apis"", ""statistics""]","Project Management Professional, CompTIA Security+, Microsoft Azure Fundamentals",1,1,0,3,"Skills: azure, git, graphql, kafka, linux, pytorch, rest apis, statistics. Education: Bachelor's in Information Technology. Experience: 0 years. Certifications: Project Management Professional, CompTIA Security+, Microsoft Azure Fundamentals."
Isabella Brown,34,Non-Binary,Master's,Cybersecurity,0,,,"[""cloud computing"", ""kubernetes"", ""machine learning"", ""penetration testing"", ""solidity"", ""sql"", ""statistics""]","Google Cloud Professional, Certified Kubernetes Administrator",1,1,0,4,"Skills: cloud computing, kubernetes, machine learning, penetration testing, solidity, sql, statistics. Education: Master's in Cybersecurity. Experience: 0 years. Certifications: Google Cloud Professional, Certified Kubernetes Administrator."
Jackson Reddy,40,Male,Master's,Electronics Engineering,4,software developer,"product manager, cloud engineer","[""docker"", ""microservices"", ""natural language processing"", ""network security"", ""rest apis""]",,0,0,1,4,"Current role: software developer. Previous roles: product manager, cloud engineer. Skills: docker, microservices, natural language processing, network security, rest apis. Education: Master's in Electronics Engineering. Experience: 4 years."
Arjun White,42,Non-Binary,Certificate,Electrical Engineering,0,,,"[""ansible"", ""blockchain"", ""cloud computing"", ""jenkins"", ""kubernetes"", ""penetration testing"", ""solidity""]","Oracle Certified Professional, Certified Kubernetes Administrator",1,1,0,0,"Skills: ansible, blockchain, cloud computing, jenkins, kubernetes, penetration testing, solidity. Education: Certificate in Electrical Engineering. Experience: 0 years. Certifications: Oracle Certified Professional, Certified Kubernetes Administrator."
Ethan Patel,43,Female,Bachelor's,Cybersecurity,0,,,"[""azure"", ""deep learning"", ""docker"", ""jenkins"", ""machine learning"", ""microservices"", ""node"", ""sql""]","Certified Ethical Hacker, Certified Information Systems Security Professional, Google Data Analytics Professional",1,1,0,3,"Skills: azure, deep learning, docker, jenkins, machine learning, microservices, node, sql. Education: Bachelor's in Cybersecurity. Experience: 0 years. Certifications: Certified Ethical Hacker, Certified Information Systems Security Professional, Google Data Analytics Professional."
Alexander Zhou,39,Non-Binary,High School,Electrical Engineering,0,,,"[""deep learning"", ""git"", ""graphql"", ""microservices"", ""network security"", ""python"", ""scrum""]",Cisco Certified Network Associate,1,1,0,1,"Skills: deep learning, git, graphql, microservices, network security, python, scrum. Education: High School in Electrical Engineering. Experience: 0 years. Certifications: Cisco Certified Network Associate."
Jessica Chen,33,Non-Binary,Bachelor's,Machine Learning,3,machine learning engineer,blockchain engineer,"[""azure"", ""blockchain"", ""cybersecurity"", ""java"", ""kafka"", ""rest apis"", ""sql"", ""terraform""]",AWS Certified Solutions Architect,0,1,1,3,"Current role: machine learning engineer. Previous roles: blockchain engineer. Skills: azure, blockchain, cybersecurity, java, kafka, rest apis, sql, terraform. Education: Bachelor's in Machine Learning. Experience: 3 years. Certifications: AWS Certified Solutions Architect."
Ava Gupta,36,Male,Master's,Computer Science,1,big data engineer,,"[""java"", ""javascript"", ""natural language processing"", ""node"", ""pytorch""]",,0,0,0,4,"Current role: big data engineer. Skills: java, javascript, natural language processing, node, pytorch. Education: Master's in Computer Science. Experience: 1 years."
Evelyn Wang,29,Female,Bachelor's,Electrical Engineering,1,frontend developer,,"[""git"", ""kafka"", ""kubernetes"", ""mongodb""]",,0,0,0,3,"Current role: frontend developer. Skills: git, kafka, kubernetes, mongodb. Education: Bachelor's in Electrical Engineering. Experience: 1 years."
Olivia Patel,39,Non-Binary,PhD,Data Science,0,,,"[""amazon web services"", ""blockchain"", ""javascript"", ""jenkins"", ""scrum"", ""spark""]","Google Cloud Professional, Google Data Analytics Professional",1,1,0,5,"Skills: amazon web services, blockchain, javascript, jenkins, scrum, spark. Education: PhD in Data Science. Experience: 0 years. Certifications: Google Cloud Professional, Google Data Analytics Professional."
Charlotte Lee,35,Non-Binary,Bachelor's,Software Engineering,3,mlops specialist,prompt engineer,"[""blockchain"", ""cybersecurity"", ""data analysis"", ""linux"", ""penetration testing"", ""terraform""]",Google Cloud Professional,0,1,1,3,"Current role: mlops specialist. Previous roles: prompt engineer. Skills: blockchain, cybersecurity, data analysis, linux, penetration testing, terraform. Education: Bachelor's in Software Engineering. Experience: 3 years. Certifications: Google Cloud Professional."
Rahul Wilson,26,Female,Bachelor's,Computer Engineering,1,prompt engineer,,"[""ansible"", ""data analysis"", ""devops"", ""python"", ""pytorch"", ""spark""]",,0,0,0,3,"Current role: prompt engineer. Skills: ansible, data analysis, devops, python, pytorch, spark. Education: Bachelor's in Computer Engineering. Experience: 1 years."
Matthew Rao,35,Male,Bachelor's,Data Science,2,full-stack developer,,"[""ansible"", ""ci/cd"", ""git"", ""kafka"", ""penetration testing""]","Certified Ethical Hacker, CompTIA Security+",0,1,0,3,"Current role: full-stack developer. Skills: ansible, ci/cd, git, kafka, penetration testing. Education: Bachelor's in Data Science. Experience: 2 years. Certifications: Certified Ethical Hacker, CompTIA Security+."
Ankit Zhang,27,Female,Bachelor's,Information Systems,4,frontend developer,"machine learning engineer, blockchain engineer","[""data analysis"", ""kafka"", ""machine learning"", ""penetration testing"", ""pytorch""]","Google Cloud Professional, Certified Kubernetes Administrator",0,1,1,3,"Current role: frontend developer. Previous roles: machine learning engineer, blockchain engineer. Skills: data analysis, kafka, machine learning, penetration testing, pytorch. Education: Bachelor's in Information Systems. Experience: 4 years. Certifications: Google Cloud Professional, Certified Kubernetes Administrator."
Aditi Pillai,30,Non-Binary,PhD,Electronics Engineering,0,,,"[""jenkins"", ""penetration testing"", ""python"", ""statistics""]","TensorFlow Developer Certificate, Certified Information Systems Security Professional, Microsoft Azure Fundamentals",1,1,0,5,"Skills: jenkins, penetration testing, python, statistics. Education: PhD in Electronics Engineering. Experience: 0 years. Certifications: TensorFlow Developer Certificate, Certified Information Systems Security Professional, Microsoft Azure Fundamentals."
Amelia Rao,23,Non-Binary,Master's,Computer Science,2,site reliability engineer,,"[""amazon web services"", ""git"", ""jenkins"", ""natural language processing"", ""sql""]","Scrum Master Certified, Oracle Certified Professional, CompTIA Security+",0,1,0,4,"Current role: site reliability engineer. Skills: amazon web services, git, jenkins, natural language processing, sql. Education: Master's in Computer Science. Experience: 2 years. Certifications: Scrum Master Certified, Oracle Certified Professional, CompTIA Security+."
Meera Venkatesh,22,Non-Binary,Diploma,Information Technology,9,software engineer,,"[""computer vision"", ""kubernetes"", ""natural language processing"", ""sql"", ""tensorflow""]",,0,0,0,0,"Current role: software engineer. Skills: computer vision, kubernetes, natural language processing, sql, tensorflow. Education: Diploma in Information Technology. Experience: 9 years."
Isabella Liu,30,Non-Binary,PhD,Information Technology,0,,,"[""amazon web services"", ""blockchain"", ""computer vision"", ""kafka"", ""pytorch""]",Project Management Professional,1,1,0,5,"Skills: amazon web services, blockchain, computer vision, kafka, pytorch. Education: PhD in Information Technology. Experience: 0 years. Certifications: Project Management Professional."
Diya Yang,39,Female,Bachelor's,Machine Learning,4,frontend developer,,"[""cloud computing"", ""data analysis"", ""network security"", ""rest apis"", ""solidity"", ""terraform""]",,0,0,0,3,"Current role: frontend developer. Skills: cloud computing, data analysis, network security, rest apis, solidity, terraform. Education: Bachelor's in Machine Learning. Experience: 4 years."
Christopher Krishnan,39,Male,Certificate,Electronics Engineering,0,,,"[""blockchain"", ""data analysis"", ""devops"", ""javascript"", ""kafka"", ""penetration testing"", ""solidity"", ""tensorflow""]","Google Cloud Professional, TensorFlow Developer Certificate, Certified Information Systems Security Professional",1,1,0,0,"Skills: blockchain, data analysis, devops, javascript, kafka, penetration testing, solidity, tensorflow. Education: Certificate in Electronics Engineering. Experience: 0 years. Certifications: Google Cloud Professional, TensorFlow Developer Certificate, Certified Information Systems Security Professional."
Emily Martin,43,Female,Bachelor's,Artificial Intelligence,0,,,"[""computer vision"", ""cybersecurity"", ""linux"", ""sql""]","Google Cloud Professional, Certified Ethical Hacker",1,1,0,3,"Skills: computer vision, cybersecurity, linux, sql. Education: Bachelor's in Artificial Intelligence. Experience: 0 years. Certifications: Google Cloud Professional, Certified Ethical Hacker."
Michael Kumar,27,Non-Binary,Bachelor's,Machine Learning,0,,,"[""ansible"", ""azure"", ""data analysis"", ""machine learning"", ""react"", ""solidity"", ""statistics""]","Google Cloud Professional, AWS Certified Solutions Architect, Project Management Professional",1,1,0,3,"Skills: ansible, azure, data analysis, machine learning, react, solidity, statistics. Education: Bachelor's in Machine Learning. Experience: 0 years. Certifications: Google Cloud Professional, AWS Certified Solutions Architect, Project Management Professional."
Michael Gupta,28,Male,Master's,Information Technology,2,blockchain engineer,,"[""cloud computing"", ""data analysis"", ""graphql"", ""network security"", ""statistics""]","TensorFlow Developer Certificate, Certified Kubernetes Administrator, Oracle Certified Professional",0,1,0,4,"Current role: blockchain engineer. Skills: cloud computing, data analysis, graphql, network security, statistics. Education: Master's in Information Technology. Experience: 2 years. Certifications: TensorFlow Developer Certificate, Certified Kubernetes Administrator, Oracle Certified Professional."
Emily Nair,29,Male,Bachelor's,Computer Engineering,6,software developer,"frontend developer, full-stack developer","[""agile"", ""docker"", ""microservices"", ""network security"", ""penetration testing"", ""scrum"", ""solidity"", ""terraform""]","Certified Information Systems Security Professional, Certified Kubernetes Administrator, CompTIA Security+",0,1,1,3,"Current role: software developer. Previous roles: frontend developer, full-stack developer. Skills: agile, docker, microservices, network security, penetration testing, scrum, solidity, terraform. Education: Bachelor's in Computer Engineering. Experience: 6 years. Certifications: Certified Information Systems Security Professional, Certified Kubernetes Administrator, CompTIA Security+."
David Mittal,36,Male,Bachelor's,Electrical Engineering,1,prompt engineer,,"[""cybersecurity"", ""devops"", ""mongodb"", ""solidity""]",,0,0,0,3,"Current role: prompt engineer. Skills: cybersecurity, devops, mongodb, solidity. Education: Bachelor's in Electrical Engineering. Experience: 1 years."
Emily Venkatesh,43,Female,Master's,Cybersecurity,2,data scientist,,"[""javascript"", ""linux"", ""microservices"", ""natural language processing"", ""network security"", ""node"", ""statistics"", ""terraform""]",CompTIA Security+,0,1,0,4,"Current role: data scientist. Skills: javascript, linux, microservices, natural language processing, network security, node, statistics, terraform. Education: Master's in Cybersecurity. Experience: 2 years. Certifications: CompTIA Security+."
Aditi Rodriguez,32,Female,Bachelor's,Data Science,0,,,"[""jenkins"", ""kafka"", ""kubernetes"", ""microservices"", ""natural language processing"", ""sql"", ""tensorflow""]","Scrum Master Certified, Microsoft Azure Fundamentals, Certified Kubernetes Administrator",1,1,0,3,"Skills: jenkins, kafka, kubernetes, microservices, natural language processing, sql, tensorflow. Education: Bachelor's in Data Science. Experience: 0 years. Certifications: Scrum Master Certified, Microsoft Azure Fundamentals, Certified Kubernetes Administrator."
Jessica Sharma,35,Female,Master's,Software Engineering,5,cybersecurity analyst,"ui/ux designer, ai engineer","[""blockchain"", ""computer vision"", ""cybersecurity"", ""git"", ""jenkins"", ""kafka"", ""scrum""]",Certified Ethical Hacker,0,1,1,4,"Current role: cybersecurity analyst. Previous roles: ui/ux designer, ai engineer. Skills: blockchain, computer vision, cybersecurity, git, jenkins, kafka, scrum. Education: Master's in Software Engineering. Experience: 5 years. Certifications: Certified Ethical Hacker."
Amelia Davis,21,Non-Binary,PhD,Robotics,0,,,"[""azure"", ""computer vision"", ""deep learning"", ""jenkins"", ""network security"", ""pytorch"", ""scrum"", ""statistics""]",,1,0,0,5,"Skills: azure, computer vision, deep learning, jenkins, network security, pytorch, scrum, statistics. Education: PhD in Robotics. Experience: 0 years."
Charlotte Zhang,25,Male,PhD,Cybersecurity,2,mobile applications developer,,"[""azure"", ""ci/cd"", ""devops"", ""pytorch"", ""terraform""]","Microsoft Azure Fundamentals, Cisco Certified Network Associate",0,1,0,5,"Current role: mobile applications developer. Skills: azure, ci/cd, devops, pytorch, terraform. Education: PhD in Cybersecurity. Experience: 2 years. Certifications: Microsoft Azure Fundamentals, Cisco Certified Network Associate."
Arya Wu,28,Non-Binary,Master's,Artificial Intelligence,7,quantum computing specialist,"cloud architect, product manager","[""amazon web services"", ""computer vision"", ""python"", ""rest apis"", ""sql"", ""terraform""]","Certified Information Systems Security Professional, Project Management Professional, CompTIA Security+",0,1,1,4,"Current role: quantum computing specialist. Previous roles: cloud architect, product manager. Skills: amazon web services, computer vision, python, rest apis, sql, terraform. Education: Master's in Artificial Intelligence. Experience: 7 years. Certifications: Certified Information Systems Security Professional, Project Management Professional, CompTIA Security+."
Aisha Lee,35,Non-Binary,Bachelor's,Artificial Intelligence,4,cloud engineer,"machine learning engineer, site reliability engineer","[""amazon web services"", ""git"", ""javascript"", ""mongodb"", ""network security""]",Google Data Analytics Professional,0,1,1,3,"Current role: cloud engineer. Previous roles: machine learning engineer, site reliability engineer. Skills: amazon web services, git, javascript, mongodb, network security. Education: Bachelor's in Artificial Intelligence. Experience: 4 years. Certifications: Google Data Analytics Professional."
Ananya Rao,40,Female,PhD,Computer Engineering,0,,,"[""ci/cd"", ""kafka"", ""machine learning"", ""mongodb"", ""natural language processing"", ""solidity""]","Google Data Analytics Professional, Project Management Professional",1,1,0,5,"Skills: ci/cd, kafka, machine learning, mongodb, natural language processing, solidity. Education: PhD in Computer Engineering. Experience: 0 years. Certifications: Google Data Analytics Professional, Project Management Professional."
Akash Park,27,Non-Binary,Master's,Computer Science,0,,,"[""ansible"", ""azure"", ""jenkins"", ""machine learning"", ""natural language processing"", ""node""]",Certified Kubernetes Administrator,1,1,0,4,"Skills: ansible, azure, jenkins, machine learning, natural language processing, node. Education: Master's in Computer Science. Experience: 0 years. Certifications: Certified Kubernetes Administrator."
Arjun Menon,29,Male,Bachelor's,Computer Science,0,,,"[""kafka"", ""linux"", ""natural language processing"", ""scrum""]",,1,0,0,3,"Skills: kafka, linux, natural language processing, scrum. Education: Bachelor's in Computer Science. Experience: 0 years."
Michael Iyer,24,Non-Binary,Bachelor's,Machine Learning,3,big data engineer,frontend developer,"[""cloud computing"", ""cybersecurity"", ""deep learning"", ""git"", ""javascript"", ""kafka"", ""mongodb"", ""solidity""]",,0,0,1,3,"Current role: big data engineer. Previous roles: frontend developer. Skills: cloud computing, cybersecurity, deep learning, git, javascript, kafka, mongodb, solidity. Education: Bachelor's in Machine Learning. Experience: 3 years."
Aisha Gupta,31,Non-Binary,Bachelor's,Software Engineering,0,,,"[""ansible"", ""blockchain"", ""cybersecurity"", ""devops"", ""kafka"", ""linux"", ""microservices"", ""statistics""]",,1,0,0,3,"Skills: ansible, blockchain, cybersecurity, devops, kafka, linux, microservices, statistics. Education: Bachelor's in Software Engineering. Experience: 0 years."
Amanda Brown,34,Female,PhD,Artificial Intelligence,1,prompt engineer,,"[""ansible"", ""blockchain"", ""computer vision"", ""graphql"", ""linux"", ""mongodb"", ""rest apis""]","Microsoft Azure Fundamentals, Project Management Professional",0,1,0,5,"Current role: prompt engineer. Skills: ansible, blockchain, computer vision, graphql, linux, mongodb, rest apis. Education: PhD in Artificial Intelligence. Experience: 1 years. Certifications: Microsoft Azure Fundamentals, Project Management Professional."
Joshua Thomas,25,Non-Binary,Bachelor's,Information Systems,3,big data engineer,cloud engineer,"[""amazon web services"", ""blockchain"", ""graphql"", ""react"", ""scrum"", ""statistics""]","Certified Information Systems Security Professional, Google Cloud Professional",0,1,1,3,"Current role: big data engineer. Previous roles: cloud engineer. Skills: amazon web services, blockchain, graphql, react, scrum, statistics. Education: Bachelor's in Information Systems. Experience: 3 years. Certifications: Certified Information Systems Security Professional, Google Cloud Professional."
Meera Jones,34,Non-Binary,Diploma,Electrical Engineering,6,cloud architect,,"[""agile"", ""data analysis"", ""git"", ""java"", ""kafka"", ""scrum"", ""spark"", ""tensorflow""]",,0,0,0,0,"Current role: cloud architect. Skills: agile, data analysis, git, java, kafka, scrum, spark, tensorflow. Education: Diploma in Electrical Engineering. Experience: 6 years."
Joshua Iyer,27,Female,Bachelor's,Cybersecurity,0,,,"[""docker"", ""git"", ""jenkins"", ""linux"", ""react"", ""sql""]",Oracle Certified Professional,1,1,0,3,"Skills: docker, git, jenkins, linux, react, sql. Education: Bachelor's in Cybersecurity. Experience: 0 years. Certifications: Oracle Certified Professional."
Jessica Jackson,36,Non-Binary,Bachelor's,Computer Engineering,3,blockchain engineer,prompt engineer,"[""amazon web services"", ""blockchain"", ""git"", ""javascript"", ""network security"", ""scrum"", ""spark"", ""statistics""]",Certified Ethical Hacker,0,1,1,3,"Current role: blockchain engineer. Previous roles: prompt engineer. Skills: amazon web services, blockchain, git, javascript, network security, scrum, spark, statistics. Education: Bachelor's in Computer Engineering. Experience: 3 years. Certifications: Certified Ethical Hacker."
Aadhya Rao,44,Female,Bachelor's,Artificial Intelligence,1,software developer,,"[""ansible"", ""cloud computing"", ""node"", ""rest apis"", ""scrum""]",,0,0,0,3,"Current role: software developer. Skills: ansible, cloud computing, node, rest apis, scrum. Education: Bachelor's in Artificial Intelligence. Experience: 1 years."
Meera Moore,43,Non-Binary,Bachelor's,Information Technology,9,full-stack developer,,"[""ci/cd"", ""cybersecurity"", ""kubernetes"", ""linux""]",,0,0,0,3,"Current role: full-stack developer. Skills: ci/cd, cybersecurity, kubernetes, linux. Education: Bachelor's in Information Technology. Experience: 9 years."
Mason Yang,31,Male,Bachelor's,Software Engineering,4,cybersecurity analyst,devops engineer,"[""amazon web services"", ""cloud computing"", ""devops"", ""docker"", ""natural language processing"", ""pytorch"", ""scrum"", ""terraform""]",,0,0,1,3,"Current role: cybersecurity analyst. Previous roles: devops engineer. Skills: amazon web services, cloud computing, devops, docker, natural language processing, pytorch, scrum, terraform. Education: Bachelor's in Software Engineering. Experience: 4 years."
Rahul White,45,Non-Binary,Master's,Machine Learning,0,,,"[""ansible"", ""docker"", ""git"", ""linux"", ""node"", ""penetration testing"", ""solidity"", ""spark""]","Scrum Master Certified, AWS Certified Solutions Architect",1,1,0,4,"Skills: ansible, docker, git, linux, node, penetration testing, solidity, spark. Education: Master's in Machine Learning. Experience: 0 years. Certifications: Scrum Master Certified, AWS Certified Solutions Architect."
Charlotte Rodriguez,23,Non-Binary,PhD,Information Technology,2,cloud architect,,"[""ansible"", ""cloud computing"", ""cybersecurity"", ""javascript"", ""linux"", ""microservices"", ""pytorch"", ""solidity""]","Google Data Analytics Professional, Microsoft Azure Fundamentals, AWS Certified Solutions Architect",0,1,0,5,"Current role: cloud architect. Skills: ansible, cloud computing, cybersecurity, javascript, linux, microservices, pytorch, solidity. Education: PhD in Information Technology. Experience: 2 years. Certifications: Google Data Analytics Professional, Microsoft Azure Fundamentals, AWS Certified Solutions Architect."
Ethan Thompson,37,Non-Binary,Master's,Cybersecurity,5,cloud architect,,"[""agile"", ""graphql"", ""jenkins"", ""microservices"", ""node"", ""react""]","Google Cloud Professional, Google Data Analytics Professional",0,1,0,4,"Current role: cloud architect. Skills: agile, graphql, jenkins, microservices, node, react. Education: Master's in Cybersecurity. Experience: 5 years. Certifications: Google Cloud Professional, Google Data Analytics Professional."
Akash Srinivasan,42,Male,PhD,Computer Engineering,1,cybersecurity engineer,,"[""agile"", ""ansible"", ""azure"", ""git"", ""microservices"", ""spark"", ""sql""]",,0,0,0,5,"Current role: cybersecurity engineer. Skills: agile, ansible, azure, git, microservices, spark, sql. Education: PhD in Computer Engineering. Experience: 1 years."
Emily Zhou,36,Male,Bachelor's,Software Engineering,0,,,"[""cloud computing"", ""mongodb"", ""statistics"", ""terraform""]",,1,0,0,3,"Skills: cloud computing, mongodb, statistics, terraform. Education: Bachelor's in Software Engineering. Experience: 0 years."
Arya Smith,26,Non-Binary,Master's,Software Engineering,1,software engineer,,"[""ci/cd"", ""graphql"", ""natural language processing"", ""solidity""]","Oracle Certified Professional, CompTIA Security+",0,1,0,4,"Current role: software engineer. Skills: ci/cd, graphql, natural language processing, solidity. Education: Master's in Software Engineering. Experience: 1 years. Certifications: Oracle Certified Professional, CompTIA Security+."
Christopher Krishnan,35,Female,Master's,Artificial Intelligence,0,,,"[""azure"", ""ci/cd"", ""computer vision"", ""graphql"", ""kubernetes"", ""penetration testing"", ""pytorch"", ""react""]",,1,0,0,4,"Skills: azure, ci/cd, computer vision, graphql, kubernetes, penetration testing, pytorch, react. Education: Master's in Artificial Intelligence. Experience: 0 years."
Lucas Thompson,37,Male,PhD,Information Technology,0,,,"[""ci/cd"", ""cloud computing"", ""graphql"", ""java"", ""react"", ""rest apis"", ""scrum""]",Certified Ethical Hacker,1,1,0,5,"Skills: ci/cd, cloud computing, graphql, java, react, rest apis, scrum. Education: PhD in Information Technology. Experience: 0 years. Certifications: Certified Ethical Hacker."
Matthew Kim,31,Male,Bachelor's,Computer Engineering,3,ai ethics officer,,"[""java"", ""penetration testing"", ""python"", ""solidity"", ""sql""]","Certified Kubernetes Administrator, Microsoft Azure Fundamentals",0,1,0,3,"Current role: ai ethics officer. Skills: java, penetration testing, python, solidity, sql. Education: Bachelor's in Computer Engineering. Experience: 3 years. Certifications: Certified Kubernetes Administrator, Microsoft Azure Fundamentals."
Michael Lee,40,Female,Bachelor's,Machine Learning,1,cloud architect,,"[""blockchain"", ""cloud computing"", ""docker"", ""java"", ""jenkins"", ""natural language processing"", ""python"", ""statistics""]","Certified Kubernetes Administrator, Scrum Master Certified",0,1,0,3,"Current role: cloud architect. Skills: blockchain, cloud computing, docker, java, jenkins, natural language processing, python, statistics. Education: Bachelor's in Machine Learning. Experience: 1 years. Certifications: Certified Kubernetes Administrator, Scrum Master Certified."
Aisha Iyer,38,Non-Binary,Master's,Information Systems,5,quantum computing specialist,"prompt engineer, machine learning engineer","[""ci/cd"", ""javascript"", ""microservices"", ""penetration testing""]","CompTIA Security+, AWS Certified Solutions Architect",0,1,1,4,"Current role: quantum computing specialist. Previous roles: prompt engineer, machine learning engineer. Skills: ci/cd, javascript, microservices, penetration testing. Education: Master's in Information Systems. Experience: 5 years. Certifications: CompTIA Security+, AWS Certified Solutions Architect."
Benjamin Menon,31,Non-Binary,Bachelor's,Electronics Engineering,4,mobile applications developer,"ai ethics officer, blockchain engineer","[""azure"", ""cybersecurity"", ""javascript"", ""node"", ""pytorch"", ""statistics"", ""tensorflow""]",,0,0,1,3,"Current role: mobile applications developer. Previous roles: ai ethics officer, blockchain engineer. Skills: azure, cybersecurity, javascript, node, pytorch, statistics, tensorflow. Education: Bachelor's in Electronics Engineering. Experience: 4 years."
Samantha Kim,27,Female,Bachelor's,Computer Science,4,cybersecurity engineer,,"[""amazon web services"", ""blockchain"", ""ci/cd"", ""data analysis"", ""rest apis"", ""solidity""]","Certified Information Systems Security Professional, Microsoft Azure Fundamentals, TensorFlow Developer Certificate",0,1,0,3,"Current role: cybersecurity engineer. Skills: amazon web services, blockchain, ci/cd, data analysis, rest apis, solidity. Education: Bachelor's in Computer Science. Experience: 4 years. Certifications: Certified Information Systems Security Professional, Microsoft Azure Fundamentals, TensorFlow Developer Certificate."
Harper Gupta,34,Non-Binary,Certificate,Software Engineering,0,,,"[""git"", ""linux"", ""mongodb"", ""spark"", ""sql"", ""statistics""]","Scrum Master Certified, CompTIA Security+, Certified Ethical Hacker",1,1,0,0,"Skills: git, linux, mongodb, spark, sql, statistics. Education: Certificate in Software Engineering. Experience: 0 years. Certifications: Scrum Master Certified, CompTIA Security+, Certified Ethical Hacker."
Benjamin Venkatesh,34,Female,Master's,Computer Science,4,cybersecurity analyst,,"[""ci/cd"", ""cloud computing"", ""docker"", ""java"", ""javascript"", ""kubernetes"", ""solidity""]",Google Cloud Professional,0,1,0,4,"Current role: cybersecurity analyst. Skills: ci/cd, cloud computing, docker, java, javascript, kubernetes, solidity. Education: Master's in Computer Science. Experience: 4 years. Certifications: Google Cloud Professional."
Ethan Thomas,32,Female,Master's,Electrical Engineering,4,machine learning engineer,software engineer,"[""amazon web services"", ""ci/cd"", ""data analysis"", ""java"", ""linux"", ""natural language processing"", ""rest apis"", ""tensorflow""]","Google Data Analytics Professional, Certified Ethical Hacker, Oracle Certified Professional",0,1,1,4,"Current role: machine learning engineer. Previous roles: software engineer. Skills: amazon web services, ci/cd, data analysis, java, linux, natural language processing, rest apis, tensorflow. Education: Master's in Electrical Engineering. Experience: 4 years. Certifications: Google Data Analytics Professional, Certified Ethical Hacker, Oracle Certified Professional."
Arjun Patel,35,Male,PhD,Machine Learning,0,,,"[""ansible"", ""git"", ""node"", ""scrum"", ""statistics"", ""terraform""]",CompTIA Security+,1,1,0,5,"Skills: ansible, git, node, scrum, statistics, terraform. Education: PhD in Machine Learning. Experience: 0 years. Certifications: CompTIA Security+."
Arjun Garcia,36,Male,Bachelor's,Electrical Engineering,1,big data engineer,,"[""ansible"", ""azure"", ""git"", ""node"", ""penetration testing"", ""rest apis"", ""sql""]","Oracle Certified Professional, Certified Ethical Hacker, Scrum Master Certified",0,1,0,3,"Current role: big data engineer. Skills: ansible, azure, git, node, penetration testing, rest apis, sql. Education: Bachelor's in Electrical Engineering. Experience: 1 years. Certifications: Oracle Certified Professional, Certified Ethical Hacker, Scrum Master Certified."
Vikram Taylor,25,Non-Binary,Master's,Software Engineering,4,cybersecurity analyst,software engineer,"[""amazon web services"", ""cloud computing"", ""devops"", ""docker"", ""git"", ""kubernetes"", ""react""]",Certified Information Systems Security Professional,0,1,1,4,"Current role: cybersecurity analyst. Previous roles: software engineer. Skills: amazon web services, cloud computing, devops, docker, git, kubernetes, react. Education: Master's in Software Engineering. Experience: 4 years. Certifications: Certified Information Systems Security Professional."
Rohan Davis,25,Non-Binary,Bachelor's,Information Systems,0,,,"[""agile"", ""docker"", ""java"", ""javascript"", ""kafka"", ""kubernetes"", ""spark"", ""sql""]",,1,0,0,3,"Skills: agile, docker, java, javascript, kafka, kubernetes, spark, sql. Education: Bachelor's in Information Systems. Experience: 0 years."
Michael Venkatesh,41,Male,Master's,Electronics Engineering,3,quantum computing specialist,,"[""cybersecurity"", ""git"", ""natural language processing"", ""penetration testing"", ""rest apis"", ""spark""]",,0,0,0,4,"Current role: quantum computing specialist. Skills: cybersecurity, git, natural language processing, penetration testing, rest apis, spark. Education: Master's in Electronics Engineering. Experience: 3 years."
Matthew Wilson,44,Female,Diploma,Software Engineering,6,site reliability engineer,devops engineer,"[""amazon web services"", ""ansible"", ""cybersecurity"", ""data analysis"", ""linux"", ""mongodb"", ""natural language processing"", ""solidity""]",Microsoft Azure Fundamentals,0,1,1,0,"Current role: site reliability engineer. Previous roles: devops engineer. Skills: amazon web services, ansible, cybersecurity, data analysis, linux, mongodb, natural language processing, solidity. Education: Diploma in Software Engineering. Experience: 6 years. Certifications: Microsoft Azure Fundamentals."
Meera Zhang,31,Male,Master's,Machine Learning,6,mlops specialist,"ui/ux designer, quantum computing specialist, ai engineer","[""cloud computing"", ""git"", ""java"", ""network security"", ""rest apis"", ""spark"", ""sql""]","Certified Kubernetes Administrator, Oracle Certified Professional, Scrum Master Certified",0,1,1,4,"Current role: mlops specialist. Previous roles: ui/ux designer, quantum computing specialist, ai engineer. Skills: cloud computing, git, java, network security, rest apis, spark, sql. Education: Master's in Machine Learning. Experience: 6 years. Certifications: Certified Kubernetes Administrator, Oracle Certified Professional, Scrum Master Certified."
Harper Bansal,29,Non-Binary,Bachelor's,Artificial Intelligence,7,blockchain engineer,,"[""ansible"", ""jenkins"", ""react"", ""rest apis""]",Certified Information Systems Security Professional,0,1,0,3,"Current role: blockchain engineer. Skills: ansible, jenkins, react, rest apis. Education: Bachelor's in Artificial Intelligence. Experience: 7 years. Certifications: Certified Information Systems Security Professional."
Ananya Moore,32,Female,Master's,Cybersecurity,0,,,"[""azure"", ""cloud computing"", ""javascript"", ""rest apis"", ""spark""]","Oracle Certified Professional, TensorFlow Developer Certificate",1,1,0,4,"Skills: azure, cloud computing, javascript, rest apis, spark. Education: Master's in Cybersecurity. Experience: 0 years. Certifications: Oracle Certified Professional, TensorFlow Developer Certificate."
Karan Wilson,26,Female,Certificate,Robotics,0,,,"[""agile"", ""cloud computing"", ""git"", ""java"", ""kafka"", ""network security"", ""penetration testing"", ""terraform""]","Certified Information Systems Security Professional, Project Management Professional",1,1,0,0,"Skills: agile, cloud computing, git, java, kafka, network security, penetration testing, terraform. Education: Certificate in Robotics. Experience: 0 years. Certifications: Certified Information Systems Security Professional, Project Management Professional."
Priya Miller,41,Non-Binary,Master's,Robotics,3,data scientist,,"[""amazon web services"", ""devops"", ""docker"", ""javascript"", ""kubernetes"", ""microservices"", ""natural language processing"", ""penetration testing""]",AWS Certified Solutions Architect,0,1,0,4,"Current role: data scientist. Skills: amazon web services, devops, docker, javascript, kubernetes, microservices, natural language processing, penetration testing. Education: Master's in Robotics. Experience: 3 years. Certifications: AWS Certified Solutions Architect."
Arjun Iyer,27,Non-Binary,Bachelor's,Electronics Engineering,4,frontend developer,,"[""agile"", ""computer vision"", ""cybersecurity"", ""linux"", ""microservices"", ""scrum"", ""tensorflow"", ""terraform""]","Certified Kubernetes Administrator, Oracle Certified Professional, Cisco Certified Network Associate",0,1,0,3,"Current role: frontend developer. Skills: agile, computer vision, cybersecurity, linux, microservices, scrum, tensorflow, terraform. Education: Bachelor's in Electronics Engineering. Experience: 4 years. Certifications: Certified Kubernetes Administrator, Oracle Certified Professional, Cisco Certified Network Associate."
Matthew Rao,31,Female,Bachelor's,Robotics,0,,,"[""amazon web services"", ""jenkins"", ""microservices"", ""rest apis"", ""scrum"", ""terraform""]",Cisco Certified Network Associate,1,1,0,3,"Skills: amazon web services, jenkins, microservices, rest apis, scrum, terraform. Education: Bachelor's in Robotics. Experience: 0 years. Certifications: Cisco Certified Network Associate."
Ethan Kim,29,Non-Binary,Master's,Data Science,0,,,"[""ansible"", ""azure"", ""data analysis"", ""mongodb"", ""natural language processing"", ""terraform""]",,1,0,0,4,"Skills: ansible, azure, data analysis, mongodb, natural language processing, terraform. Education: Master's in Data Science. Experience: 0 years."
Michael Anderson,43,Female,Bachelor's,Software Engineering,0,,,"[""devops"", ""graphql"", ""jenkins"", ""kubernetes"", ""linux"", ""penetration testing"", ""pytorch"", ""statistics""]",,1,0,0,3,"Skills: devops, graphql, jenkins, kubernetes, linux, penetration testing, pytorch, statistics. Education: Bachelor's in Software Engineering. Experience: 0 years."
Joshua Zhang,22,Male,Bachelor's,Software Engineering,7,data scientist,,"[""git"", ""javascript"", ""mongodb"", ""network security"", ""python"", ""statistics"", ""tensorflow""]","Cisco Certified Network Associate, TensorFlow Developer Certificate",0,1,0,3,"Current role: data scientist. Skills: git, javascript, mongodb, network security, python, statistics, tensorflow. Education: Bachelor's in Software Engineering. Experience: 7 years. Certifications: Cisco Certified Network Associate, TensorFlow Developer Certificate."
Emma Zhang,35,Non-Binary,Bachelor's,Software Engineering,7,ai engineer,,"[""blockchain"", ""jenkins"", ""pytorch"", ""rest apis"", ""statistics"", ""tensorflow""]","Google Cloud Professional, Certified Ethical Hacker",0,1,0,3,"Current role: ai engineer. Skills: blockchain, jenkins, pytorch, rest apis, statistics, tensorflow. Education: Bachelor's in Software Engineering. Experience: 7 years. Certifications: Google Cloud Professional, Certified Ethical Hacker."
Alexander Garcia,35,Female,Diploma,Computer Engineering,4,software developer,,"[""amazon web services"", ""ci/cd"", ""computer vision"", ""cybersecurity"", ""git"", ""natural language processing"", ""python"", ""react""]",Certified Ethical Hacker,0,1,0,0,"Current role: software developer. Skills: amazon web services, ci/cd, computer vision, cybersecurity, git, natural language processing, python, react. Education: Diploma in Computer Engineering. Experience: 4 years. Certifications: Certified Ethical Hacker."
Arjun Reddy,25,Female,Master's,Electrical Engineering,0,,,"[""ansible"", ""machine learning"", ""natural language processing"", ""penetration testing"", ""solidity"", ""sql"", ""terraform""]","Google Cloud Professional, Scrum Master Certified",1,1,0,4,"Skills: ansible, machine learning, natural language processing, penetration testing, solidity, sql, terraform. Education: Master's in Electrical Engineering. Experience: 0 years. Certifications: Google Cloud Professional, Scrum Master Certified."
Vikram Thompson,24,Non-Binary,Bachelor's,Electrical Engineering,3,ai ethics officer,ai engineer,"[""cloud computing"", ""cybersecurity"", ""react"", ""solidity""]",Google Data Analytics Professional,0,1,1,3,"Current role: ai ethics officer. Previous roles: ai engineer. Skills: cloud computing, cybersecurity, react, solidity. Education: Bachelor's in Electrical Engineering. Experience: 3 years. Certifications: Google Data Analytics Professional."
Ava Sharma,44,Male,Master's,Computer Science,3,site reliability engineer,full-stack developer,"[""javascript"", ""node"", ""penetration testing"", ""react"", ""spark"", ""terraform""]","Certified Ethical Hacker, Microsoft Azure Fundamentals",0,1,1,4,"Current role: site reliability engineer. Previous roles: full-stack developer. Skills: javascript, node, penetration testing, react, spark, terraform. Education: Master's in Computer Science. Experience: 3 years. Certifications: Certified Ethical Hacker, Microsoft Azure Fundamentals."
Christopher Park,38,Male,Master's,Cybersecurity,3,cloud engineer,,"[""azure"", ""deep learning"", ""devops"", ""rest apis"", ""terraform""]",,0,0,0,4,"Current role: cloud engineer. Skills: azure, deep learning, devops, rest apis, terraform. Education: Master's in Cybersecurity. Experience: 3 years."
Evelyn Taylor,25,Female,Bachelor's,Robotics,0,,,"[""graphql"", ""java"", ""machine learning"", ""natural language processing""]",,1,0,0,3,"Skills: graphql, java, machine learning, natural language processing. Education: Bachelor's in Robotics. Experience: 0 years."
Christopher Liu,22,Male,Master's,Artificial Intelligence,2,mlops specialist,,"[""azure"", ""cloud computing"", ""machine learning"", ""react"", ""terraform""]","Certified Kubernetes Administrator, CompTIA Security+",0,1,0,4,"Current role: mlops specialist. Skills: azure, cloud computing, machine learning, react, terraform. Education: Master's in Artificial Intelligence. Experience: 2 years. Certifications: Certified Kubernetes Administrator, CompTIA Security+."
Michael Martinez,29,Male,Master's,Electrical Engineering,4,machine learning engineer,data scientist,"[""ansible"", ""devops"", ""linux"", ""microservices"", ""network security"", ""react"", ""scrum""]","Certified Ethical Hacker, Microsoft Azure Fundamentals, Cisco Certified Network Associate",0,1,1,4,"Current role: machine learning engineer. Previous roles: data scientist. Skills: ansible, devops, linux, microservices, network security, react, scrum. Education: Master's in Electrical Engineering. Experience: 4 years. Certifications: Certified Ethical Hacker, Microsoft Azure Fundamentals, Cisco Certified Network Associate."
Michael Martin,38,Non-Binary,Bachelor's,Data Science,4,blockchain engineer,,"[""agile"", ""ci/cd"", ""solidity"", ""sql"", ""terraform""]",AWS Certified Solutions Architect,0,1,0,3,"Current role: blockchain engineer. Skills: agile, ci/cd, solidity, sql, terraform. Education: Bachelor's in Data Science. Experience: 4 years. Certifications: AWS Certified Solutions Architect."
Samantha Srinivasan,44,Non-Binary,Master's,Machine Learning,4,software engineer,full-stack developer,"[""amazon web services"", ""git"", ""machine learning"", ""penetration testing"", ""python"", ""pytorch""]",CompTIA Security+,0,1,1,4,"Current role: software engineer. Previous roles: full-stack developer. Skills: amazon web services, git, machine learning, penetration testing, python, pytorch. Education: Master's in Machine Learning. Experience: 4 years. Certifications: CompTIA Security+."
Kavya Kim,32,Female,Bachelor's,Information Systems,0,,,"[""ci/cd"", ""graphql"", ""jenkins"", ""linux"", ""machine learning"", ""mongodb"", ""penetration testing""]",,1,0,0,3,"Skills: ci/cd, graphql, jenkins, linux, machine learning, mongodb, penetration testing. Education: Bachelor's in Information Systems. Experience: 0 years."
Aryan Srinivasan,44,Female,Bachelor's,Data Science,2,prompt engineer,,"[""ansible"", ""jenkins"", ""microservices"", ""natural language processing"", ""network security""]","Cisco Certified Network Associate, TensorFlow Developer Certificate",0,1,0,3,"Current role: prompt engineer. Skills: ansible, jenkins, microservices, natural language processing, network security. Education: Bachelor's in Data Science. Experience: 2 years. Certifications: Cisco Certified Network Associate, TensorFlow Developer Certificate."
Kavya Rao,26,Non-Binary,Certificate,Computer Science,0,,,"[""graphql"", ""node"", ""python"", ""react""]",Project Management Professional,1,1,0,0,"Skills: graphql, node, python, react. Education: Certificate in Computer Science. Experience: 0 years. Certifications: Project Management Professional."
Sneha White,32,Male,Master's,Electronics Engineering,0,,,"[""graphql"", ""java"", ""jenkins"", ""kafka"", ""network security"", ""python"", ""terraform""]","Google Data Analytics Professional, Cisco Certified Network Associate",1,1,0,4,"Skills: graphql, java, jenkins, kafka, network security, python, terraform. Education: Master's in Electronics Engineering. Experience: 0 years. Certifications: Google Data Analytics Professional, Cisco Certified Network Associate."
Vikram Mittal,28,Male,Master's,Computer Engineering,0,,,"[""ci/cd"", ""cybersecurity"", ""natural language processing"", ""rest apis"", ""spark"", ""sql""]",Cisco Certified Network Associate,1,1,0,4,"Skills: ci/cd, cybersecurity, natural language processing, rest apis, spark, sql. Education: Master's in Computer Engineering. Experience: 0 years. Certifications: Cisco Certified Network Associate."
Samantha Singh,23,Female,Bachelor's,Information Systems,0,,,"[""kubernetes"", ""network security"", ""python"", ""sql""]","Project Management Professional, Certified Information Systems Security Professional, Scrum Master Certified",1,1,0,3,"Skills: kubernetes, network security, python, sql. Education: Bachelor's in Information Systems. Experience: 0 years. Certifications: Project Management Professional, Certified Information Systems Security Professional, Scrum Master Certified."
Ashley Krishnan,36,Female,High School,Information Technology,2,backend developer,,"[""java"", ""javascript"", ""jenkins"", ""linux"", ""tensorflow"", ""terraform""]",Scrum Master Certified,0,1,0,1,"Current role: backend developer. Skills: java, javascript, jenkins, linux, tensorflow, terraform. Education: High School in Information Technology. Experience: 2 years. Certifications: Scrum Master Certified."
Meera Hernandez,42,Non-Binary,Bachelor's,Robotics,0,,,"[""cloud computing"", ""mongodb"", ""react"", ""scrum""]","Certified Kubernetes Administrator, Google Cloud Professional, Certified Information Systems Security Professional",1,1,0,3,"Skills: cloud computing, mongodb, react, scrum. Education: Bachelor's in Robotics. Experience: 0 years. Certifications: Certified Kubernetes Administrator, Google Cloud Professional, Certified Information Systems Security Professional."
Ethan Rao,28,Female,Master's,Artificial Intelligence,0,,,"[""kafka"", ""microservices"", ""natural language processing"", ""sql"", ""statistics""]",,1,0,0,4,"Skills: kafka, microservices, natural language processing, sql, statistics. Education: Master's in Artificial Intelligence. Experience: 0 years."
James Thomas,24,Male,High School,Computer Engineering,0,,,"[""azure"", ""blockchain"", ""data analysis"", ""mongodb"", ""sql"", ""tensorflow""]","Google Data Analytics Professional, Oracle Certified Professional, CompTIA Security+",1,1,0,1,"Skills: azure, blockchain, data analysis, mongodb, sql, tensorflow. Education: High School in Computer Engineering. Experience: 0 years. Certifications: Google Data Analytics Professional, Oracle Certified Professional, CompTIA Security+."
Rohan Gupta,40,Non-Binary,Master's,Artificial Intelligence,3,ai engineer,,"[""ansible"", ""devops"", ""graphql"", ""microservices"", ""natural language processing"", ""sql""]",Project Management Professional,0,1,0,4,"Current role: ai engineer. Skills: ansible, devops, graphql, microservices, natural language processing, sql. Education: Master's in Artificial Intelligence. Experience: 3 years. Certifications: Project Management Professional."
Lucas Martin,30,Female,Master's,Cybersecurity,1,blockchain engineer,,"[""cybersecurity"", ""mongodb"", ""network security"", ""pytorch"", ""spark""]",Cisco Certified Network Associate,0,1,0,4,"Current role: blockchain engineer. Skills: cybersecurity, mongodb, network security, pytorch, spark. Education: Master's in Cybersecurity. Experience: 1 years. Certifications: Cisco Certified Network Associate."
David Subramanian,25,Female,Bachelor's,Robotics,0,,,"[""linux"", ""natural language processing"", ""network security"", ""rest apis"", ""spark"", ""statistics"", ""tensorflow""]","Certified Ethical Hacker, Cisco Certified Network Associate",1,1,0,3,"Skills: linux, natural language processing, network security, rest apis, spark, statistics, tensorflow. Education: Bachelor's in Robotics. Experience: 0 years. Certifications: Certified Ethical Hacker, Cisco Certified Network Associate."
Olivia Srinivasan,38,Male,Master's,Information Systems,0,,,"[""azure"", ""graphql"", ""machine learning"", ""network security"", ""node"", ""solidity"", ""statistics""]","Certified Kubernetes Administrator, Cisco Certified Network Associate",1,1,0,4,"Skills: azure, graphql, machine learning, network security, node, solidity, statistics. Education: Master's in Information Systems. Experience: 0 years. Certifications: Certified Kubernetes Administrator, Cisco Certified Network Associate."
Priya Srinivasan,33,Non-Binary,Master's,Robotics,3,site reliability engineer,,"[""ci/cd"", ""javascript"", ""kubernetes"", ""mongodb"", ""natural language processing"", ""scrum"", ""sql"", ""terraform""]",,0,0,0,4,"Current role: site reliability engineer. Skills: ci/cd, javascript, kubernetes, mongodb, natural language processing, scrum, sql, terraform. Education: Master's in Robotics. Experience: 3 years."
Sophia Nair,44,Non-Binary,Master's,Robotics,1,software developer,,"[""ci/cd"", ""cybersecurity"", ""kafka"", ""rest apis"", ""solidity""]",Certified Information Systems Security Professional,0,1,0,4,"Current role: software developer. Skills: ci/cd, cybersecurity, kafka, rest apis, solidity. Education: Master's in Robotics. Experience: 1 years. Certifications: Certified Information Systems Security Professional."
Arya Taylor,30,Female,Master's,Data Science,0,,,"[""ansible"", ""linux"", ""mongodb"", ""node"", ""penetration testing"", ""scrum"", ""solidity""]","AWS Certified Solutions Architect, CompTIA Security+",1,1,0,4,"Skills: ansible, linux, mongodb, node, penetration testing, scrum, solidity. Education: Master's in Data Science. Experience: 0 years. Certifications: AWS Certified Solutions Architect, CompTIA Security+."
Jackson Iyer,26,Non-Binary,Bachelor's,Information Systems,0,,,"[""blockchain"", ""deep learning"", ""java"", ""jenkins"", ""kafka"", ""rest apis"", ""tensorflow""]",TensorFlow Developer Certificate,1,1,0,3,"Skills: blockchain, deep learning, java, jenkins, kafka, rest apis, tensorflow. Education: Bachelor's in Information Systems. Experience: 0 years. Certifications: TensorFlow Developer Certificate."
Noah Davis,45,Non-Binary,PhD,Information Technology,1,software developer,,"[""ci/cd"", ""linux"", ""tensorflow"", ""terraform""]",TensorFlow Developer Certificate,0,1,0,5,"Current role: software developer. Skills: ci/cd, linux, tensorflow, terraform. Education: PhD in Information Technology. Experience: 1 years. Certifications: TensorFlow Developer Certificate."
Amelia Srinivasan,24,Female,Bachelor's,Machine Learning,0,,,"[""azure"", ""git"", ""kafka"", ""linux"", ""sql""]",,1,0,0,3,"Skills: azure, git, kafka, linux, sql. Education: Bachelor's in Machine Learning. Experience: 0 years."
Ashley Mittal,37,Female,Bachelor's,Software Engineering,2,ai ethics officer,,"[""blockchain"", ""jenkins"", ""kafka"", ""kubernetes"", ""network security"", ""tensorflow"", ""terraform""]","Microsoft Azure Fundamentals, Oracle Certified Professional",0,1,0,3,"Current role: ai ethics officer. Skills: blockchain, jenkins, kafka, kubernetes, network security, tensorflow, terraform. Education: Bachelor's in Software Engineering. Experience: 2 years. Certifications: Microsoft Azure Fundamentals, Oracle Certified Professional."
Olivia Hernandez,38,Non-Binary,Master's,Artificial Intelligence,3,backend developer,,"[""deep learning"", ""graphql"", ""java"", ""kubernetes"", ""network security"", ""solidity"", ""sql""]","AWS Certified Solutions Architect, Cisco Certified Network Associate",0,1,0,4,"Current role: backend developer. Skills: deep learning, graphql, java, kubernetes, network security, solidity, sql. Education: Master's in Artificial Intelligence. Experience: 3 years. Certifications: AWS Certified Solutions Architect, Cisco Certified Network Associate."
Ankit Davis,45,Non-Binary,PhD,Cybersecurity,0,,,"[""blockchain"", ""machine learning"", ""solidity"", ""terraform""]",,1,0,0,5,"Skills: blockchain, machine learning, solidity, terraform. Education: PhD in Cybersecurity. Experience: 0 years."
Ava Taylor,23,Female,PhD,Information Technology,2,product manager,,"[""azure"", ""blockchain"", ""kafka"", ""kubernetes"", ""scrum""]",Certified Kubernetes Administrator,0,1,0,5,"Current role: product manager. Skills: azure, blockchain, kafka, kubernetes, scrum. Education: PhD in Information Technology. Experience: 2 years. Certifications: Certified Kubernetes Administrator."
Isabella Rodriguez,39,Female,Diploma,Information Systems,0,,,"[""azure"", ""data analysis"", ""graphql"", ""react""]",CompTIA Security+,1,1,0,0,"Skills: azure, data analysis, graphql, react. Education: Diploma in Information Systems. Experience: 0 years. Certifications: CompTIA Security+."
Jackson Wu,42,Female,Master's,Electrical Engineering,5,cybersecurity engineer,,"[""graphql"", ""microservices"", ""node"", ""rest apis"", ""solidity"", ""sql""]","CompTIA Security+, Certified Information Systems Security Professional",0,1,0,4,"Current role: cybersecurity engineer. Skills: graphql, microservices, node, rest apis, solidity, sql. Education: Master's in Electrical Engineering. Experience: 5 years. Certifications: CompTIA Security+, Certified Information Systems Security Professional."
Ashley Taylor,23,Non-Binary,Bachelor's,Artificial Intelligence,7,software engineer,mobile applications developer,"[""agile"", ""ansible"", ""azure"", ""data analysis"", ""linux"", ""network security"", ""statistics""]",,0,0,1,3,"Current role: software engineer. Previous roles: mobile applications developer. Skills: agile, ansible, azure, data analysis, linux, network security, statistics. Education: Bachelor's in Artificial Intelligence. Experience: 7 years."
Aadhya Jackson,27,Non-Binary,PhD,Electronics Engineering,1,ai engineer,,"[""ci/cd"", ""computer vision"", ""data analysis"", ""kubernetes"", ""sql""]",,0,0,0,5,"Current role: ai engineer. Skills: ci/cd, computer vision, data analysis, kubernetes, sql. Education: PhD in Electronics Engineering. Experience: 1 years."
Priya Patel,25,Non-Binary,Bachelor's,Electronics Engineering,1,mobile applications developer,,"[""agile"", ""amazon web services"", ""blockchain"", ""python""]",TensorFlow Developer Certificate,0,1,0,3,"Current role: mobile applications developer. Skills: agile, amazon web services, blockchain, python. Education: Bachelor's in Electronics Engineering. Experience: 1 years. Certifications: TensorFlow Developer Certificate."
Mason Bansal,33,Male,Master's,Electronics Engineering,3,cybersecurity analyst,,"[""devops"", ""jenkins"", ""kubernetes"", ""python""]","Certified Information Systems Security Professional, CompTIA Security+, Certified Kubernetes Administrator",0,1,0,4,"Current role: cybersecurity analyst. Skills: devops, jenkins, kubernetes, python. Education: Master's in Electronics Engineering. Experience: 3 years. Certifications: Certified Information Systems Security Professional, CompTIA Security+, Certified Kubernetes Administrator."
Samantha Jain,39,Non-Binary,Bachelor's,Artificial Intelligence,0,,,"[""ansible"", ""data analysis"", ""natural language processing"", ""spark"", ""sql""]","Oracle Certified Professional, CompTIA Security+",1,1,0,3,"Skills: ansible, data analysis, natural language processing, spark, sql. Education: Bachelor's in Artificial Intelligence. Experience: 0 years. Certifications: Oracle Certified Professional, CompTIA Security+."
Vikram Subramanian,37,Male,Master's,Computer Engineering,0,,,"[""amazon web services"", ""microservices"", ""natural language processing"", ""network security""]",TensorFlow Developer Certificate,1,1,0,4,"Skills: amazon web services, microservices, natural language processing, network security. Education: Master's in Computer Engineering. Experience: 0 years. Certifications: TensorFlow Developer Certificate."
James Bansal,33,Non-Binary,Bachelor's,Information Systems,4,site reliability engineer,"full-stack developer, cybersecurity analyst","[""java"", ""kafka"", ""node"", ""penetration testing"", ""python""]","Certified Kubernetes Administrator, AWS Certified Solutions Architect",0,1,1,3,"Current role: site reliability engineer. Previous roles: full-stack developer, cybersecurity analyst. Skills: java, kafka, node, penetration testing, python. Education: Bachelor's in Information Systems. Experience: 4 years. Certifications: Certified Kubernetes Administrator, AWS Certified Solutions Architect."
Kavya Menon,40,Male,Bachelor's,Computer Engineering,1,cybersecurity analyst,,"[""blockchain"", ""docker"", ""git"", ""linux"", ""machine learning"", ""node"", ""rest apis"", ""terraform""]",AWS Certified Solutions Architect,0,1,0,3,"Current role: cybersecurity analyst. Skills: blockchain, docker, git, linux, machine learning, node, rest apis, terraform. Education: Bachelor's in Computer Engineering. Experience: 1 years. Certifications: AWS Certified Solutions Architect."
Aditi Martinez,42,Non-Binary,Master's,Software Engineering,4,cloud engineer,,"[""azure"", ""kubernetes"", ""network security"", ""python""]","Google Data Analytics Professional, Oracle Certified Professional",0,1,0,4,"Current role: cloud engineer. Skills: azure, kubernetes, network security, python. Education: Master's in Software Engineering. Experience: 4 years. Certifications: Google Data Analytics Professional, Oracle Certified Professional."
Harper Davis,37,Male,Bachelor's,Electrical Engineering,0,,,"[""ci/cd"", ""cloud computing"", ""cybersecurity"", ""network security""]",,1,0,0,3,"Skills: ci/cd, cloud computing, cybersecurity, network security. Education: Bachelor's in Electrical Engineering. Experience: 0 years."
Andrew Agarwal,39,Non-Binary,Master's,Data Science,6,prompt engineer,"cybersecurity analyst, software developer","[""javascript"", ""natural language processing"", ""penetration testing"", ""python""]","Certified Ethical Hacker, Microsoft Azure Fundamentals",0,1,1,4,"Current role: prompt engineer. Previous roles: cybersecurity analyst, software developer. Skills: javascript, natural language processing, penetration testing, python. Education: Master's in Data Science. Experience: 6 years. Certifications: Certified Ethical Hacker, Microsoft Azure Fundamentals."
Ankit Nair,42,Male,Bachelor's,Information Systems,4,product manager,big data engineer,"[""cybersecurity"", ""git"", ""kafka"", ""linux"", ""node"", ""sql"", ""statistics""]",,0,0,1,3,"Current role: product manager. Previous roles: big data engineer. Skills: cybersecurity, git, kafka, linux, node, sql, statistics. Education: Bachelor's in Information Systems. Experience: 4 years."
Rahul Zhou,45,Male,Master's,Information Systems,6,ui/ux designer,,"[""deep learning"", ""graphql"", ""java"", ""python"", ""terraform""]","Project Management Professional, CompTIA Security+",0,1,0,4,"Current role: ui/ux designer. Skills: deep learning, graphql, java, python, terraform. Education: Master's in Information Systems. Experience: 6 years. Certifications: Project Management Professional, CompTIA Security+."
Vikram Garcia,34,Female,Diploma,Software Engineering,0,,,"[""ci/cd"", ""deep learning"", ""devops"", ""graphql"", ""javascript"", ""sql""]","CompTIA Security+, Google Cloud Professional, Scrum Master Certified",1,1,0,0,"Skills: ci/cd, deep learning, devops, graphql, javascript, sql. Education: Diploma in Software Engineering. Experience: 0 years. Certifications: CompTIA Security+, Google Cloud Professional, Scrum Master Certified."
Aisha Srinivasan,39,Male,Bachelor's,Software Engineering,1,product manager,,"[""ansible"", ""computer vision"", ""kafka"", ""linux"", ""rest apis"", ""solidity""]","Certified Kubernetes Administrator, Google Cloud Professional",0,1,0,3,"Current role: product manager. Skills: ansible, computer vision, kafka, linux, rest apis, solidity. Education: Bachelor's in Software Engineering. Experience: 1 years. Certifications: Certified Kubernetes Administrator, Google Cloud Professional."
Ethan White,31,Female,Bachelor's,Cybersecurity,0,,,"[""amazon web services"", ""computer vision"", ""cybersecurity"", ""git"", ""kubernetes"", ""spark"", ""sql""]",,1,0,0,3,"Skills: amazon web services, computer vision, cybersecurity, git, kubernetes, spark, sql. Education: Bachelor's in Cybersecurity. Experience: 0 years."
Jackson Taylor,33,Non-Binary,High School,Computer Engineering,2,blockchain engineer,,"[""ansible"", ""java"", ""natural language processing"", ""rest apis"", ""solidity""]",,0,0,0,1,"Current role: blockchain engineer. Skills: ansible, java, natural language processing, rest apis, solidity. Education: High School in Computer Engineering. Experience: 2 years."
Andrew Jones,25,Male,PhD,Cybersecurity,0,,,"[""computer vision"", ""java"", ""kafka"", ""node""]",,1,0,0,5,"Skills: computer vision, java, kafka, node. Education: PhD in Cybersecurity. Experience: 0 years."
Ankit Singh,35,Male,Bachelor's,Electrical Engineering,0,,,"[""blockchain"", ""java"", ""machine learning"", ""microservices"", ""network security"", ""scrum"", ""tensorflow""]",Cisco Certified Network Associate,1,1,0,3,"Skills: blockchain, java, machine learning, microservices, network security, scrum, tensorflow. Education: Bachelor's in Electrical Engineering. Experience: 0 years. Certifications: Cisco Certified Network Associate."
Karan Venkatesh,28,Non-Binary,Bachelor's,Artificial Intelligence,2,quantum computing specialist,,"[""azure"", ""data analysis"", ""graphql"", ""microservices"", ""pytorch"", ""react"", ""sql""]",Project Management Professional,0,1,0,3,"Current role: quantum computing specialist. Skills: azure, data analysis, graphql, microservices, pytorch, react, sql. Education: Bachelor's in Artificial Intelligence. Experience: 2 years. Certifications: Project Management Professional."
Benjamin Krishnan,37,Female,Bachelor's,Software Engineering,0,,,"[""data analysis"", ""deep learning"", ""java"", ""penetration testing"", ""react"", ""spark""]","Oracle Certified Professional, Scrum Master Certified",1,1,0,3,"Skills: data analysis, deep learning, java, penetration testing, react, spark. Education: Bachelor's in Software Engineering. Experience: 0 years. Certifications: Oracle Certified Professional, Scrum Master Certified."
Jackson Davis,38,Non-Binary,Bachelor's,Data Science,1,software developer,,"[""java"", ""kafka"", ""linux"", ""natural language processing"", ""scrum"", ""spark"", ""tensorflow""]","Scrum Master Certified, Oracle Certified Professional",0,1,0,3,"Current role: software developer. Skills: java, kafka, linux, natural language processing, scrum, spark, tensorflow. Education: Bachelor's in Data Science. Experience: 1 years. Certifications: Scrum Master Certified, Oracle Certified Professional."
Rahul Singh,23,Male,Bachelor's,Data Science,2,mlops specialist,,"[""agile"", ""azure"", ""jenkins"", ""linux"", ""penetration testing"", ""python"", ""pytorch"", ""tensorflow""]",,0,0,0,3,"Current role: mlops specialist. Skills: agile, azure, jenkins, linux, penetration testing, python, pytorch, tensorflow. Education: Bachelor's in Data Science. Experience: 2 years."
Aisha Thomas,43,Non-Binary,Bachelor's,Information Technology,2,prompt engineer,,"[""azure"", ""blockchain"", ""kubernetes"", ""linux"", ""network security"", ""spark""]",CompTIA Security+,0,1,0,3,"Current role: prompt engineer. Skills: azure, blockchain, kubernetes, linux, network security, spark. Education: Bachelor's in Information Technology. Experience: 2 years. Certifications: CompTIA Security+."
Ashley Rodriguez,25,Male,Master's,Robotics,1,software developer,,"[""deep learning"", ""javascript"", ""jenkins"", ""linux"", ""mongodb"", ""network security"", ""tensorflow""]",Certified Information Systems Security Professional,0,1,0,4,"Current role: software developer. Skills: deep learning, javascript, jenkins, linux, mongodb, network security, tensorflow. Education: Master's in Robotics. Experience: 1 years. Certifications: Certified Information Systems Security Professional."
Matthew Park,41,Non-Binary,PhD,Machine Learning,7,big data engineer,"cloud engineer, ai ethics officer, software developer","[""computer vision"", ""machine learning"", ""mongodb"", ""natural language processing"", ""node"", ""scrum""]",,0,0,1,5,"Current role: big data engineer. Previous roles: cloud engineer, ai ethics officer, software developer. Skills: computer vision, machine learning, mongodb, natural language processing, node, scrum. Education: PhD in Machine Learning. Experience: 7 years."
Samantha Chen,28,Male,Master's,Computer Science,4,frontend developer,,"[""computer vision"", ""linux"", ""mongodb"", ""node""]","Microsoft Azure Fundamentals, Certified Ethical Hacker",0,1,0,4,"Current role: frontend developer. Skills: computer vision, linux, mongodb, node. Education: Master's in Computer Science. Experience: 4 years. Certifications: Microsoft Azure Fundamentals, Certified Ethical Hacker."
David Smith,40,Female,Bachelor's,Information Technology,8,machine learning engineer,,"[""ansible"", ""computer vision"", ""graphql"", ""pytorch"", ""terraform""]","Cisco Certified Network Associate, Certified Kubernetes Administrator",0,1,0,3,"Current role: machine learning engineer. Skills: ansible, computer vision, graphql, pytorch, terraform. Education: Bachelor's in Information Technology. Experience: 8 years. Certifications: Cisco Certified Network Associate, Certified Kubernetes Administrator."
Aadhya Jackson,23,Female,PhD,Electronics Engineering,6,cloud architect,"big data engineer, devops engineer, mobile applications developer","[""java"", ""kubernetes"", ""machine learning"", ""mongodb"", ""pytorch"", ""sql"", ""statistics""]","Google Cloud Professional, Cisco Certified Network Associate, Certified Ethical Hacker",0,1,1,5,"Current role: cloud architect. Previous roles: big data engineer, devops engineer, mobile applications developer. Skills: java, kubernetes, machine learning, mongodb, pytorch, sql, statistics. Education: PhD in Electronics Engineering. Experience: 6 years. Certifications: Google Cloud Professional, Cisco Certified Network Associate, Certified Ethical Hacker."
Ava Thompson,35,Female,Bachelor's,Computer Engineering,3,backend developer,software developer,"[""docker"", ""mongodb"", ""scrum"", ""sql""]","Oracle Certified Professional, Scrum Master Certified, Certified Kubernetes Administrator",0,1,1,3,"Current role: backend developer. Previous roles: software developer. Skills: docker, mongodb, scrum, sql. Education: Bachelor's in Computer Engineering. Experience: 3 years. Certifications: Oracle Certified Professional, Scrum Master Certified, Certified Kubernetes Administrator."
Priya Martinez,23,Female,PhD,Robotics,6,data scientist,cloud architect,"[""amazon web services"", ""devops"", ""docker"", ""jenkins"", ""kubernetes"", ""solidity"", ""spark"", ""tensorflow""]",Oracle Certified Professional,0,1,1,5,"Current role: data scientist. Previous roles: cloud architect. Skills: amazon web services, devops, docker, jenkins, kubernetes, solidity, spark, tensorflow. Education: PhD in Robotics. Experience: 6 years. Certifications: Oracle Certified Professional."
James Zhang,23,Male,Bachelor's,Artificial Intelligence,0,,,"[""cybersecurity"", ""data analysis"", ""devops"", ""graphql"", ""kafka"", ""python""]",,1,0,0,3,"Skills: cybersecurity, data analysis, devops, graphql, kafka, python. Education: Bachelor's in Artificial Intelligence. Experience: 0 years."
Aryan Wu,24,Male,Master's,Information Technology,5,ui/ux designer,,"[""computer vision"", ""graphql"", ""javascript"", ""microservices"", ""network security"", ""penetration testing"", ""scrum"", ""tensorflow""]","Certified Ethical Hacker, Microsoft Azure Fundamentals",0,1,0,4,"Current role: ui/ux designer. Skills: computer vision, graphql, javascript, microservices, network security, penetration testing, scrum, tensorflow. Education: Master's in Information Technology. Experience: 5 years. Certifications: Certified Ethical Hacker, Microsoft Azure Fundamentals."
Priya Davis,32,Male,Bachelor's,Computer Engineering,0,,,"[""azure"", ""deep learning"", ""git"", ""mongodb"", ""network security"", ""solidity""]","Cisco Certified Network Associate, CompTIA Security+",1,1,0,3,"Skills: azure, deep learning, git, mongodb, network security, solidity. Education: Bachelor's in Computer Engineering. Experience: 0 years. Certifications: Cisco Certified Network Associate, CompTIA Security+."
Noah Martin,44,Female,Master's,Cybersecurity,5,blockchain engineer,mobile applications developer,"[""azure"", ""cloud computing"", ""git"", ""java"", ""kubernetes"", ""node"", ""rest apis"", ""tensorflow""]",Certified Kubernetes Administrator,0,1,1,4,"Current role: blockchain engineer. Previous roles: mobile applications developer. Skills: azure, cloud computing, git, java, kubernetes, node, rest apis, tensorflow. Education: Master's in Cybersecurity. Experience: 5 years. Certifications: Certified Kubernetes Administrator."
Amelia Lee,24,Non-Binary,High School,Cybersecurity,2,software engineer,,"[""ansible"", ""computer vision"", ""kubernetes"", ""penetration testing"", ""scrum"", ""solidity"", ""tensorflow"", ""terraform""]",,0,0,0,1,"Current role: software engineer. Skills: ansible, computer vision, kubernetes, penetration testing, scrum, solidity, tensorflow, terraform. Education: High School in Cybersecurity. Experience: 2 years."
David Jones,42,Male,Bachelor's,Artificial Intelligence,2,frontend developer,,"[""azure"", ""penetration testing"", ""python"", ""tensorflow""]",,0,0,0,3,"Current role: frontend developer. Skills: azure, penetration testing, python, tensorflow. Education: Bachelor's in Artificial Intelligence. Experience: 2 years."
Lucas Jackson,33,Female,Master's,Data Science,6,mobile applications developer,"software engineer, machine learning engineer","[""ci/cd"", ""cloud computing"", ""devops"", ""mongodb"", ""python"", ""rest apis""]","Cisco Certified Network Associate, Project Management Professional",0,1,1,4,"Current role: mobile applications developer. Previous roles: software engineer, machine learning engineer. Skills: ci/cd, cloud computing, devops, mongodb, python, rest apis. Education: Master's in Data Science. Experience: 6 years. Certifications: Cisco Certified Network Associate, Project Management Professional."
Samantha Garcia,22,Non-Binary,Bachelor's,Cybersecurity,1,backend developer,,"[""computer vision"", ""graphql"", ""java"", ""network security"", ""statistics""]","Certified Ethical Hacker, CompTIA Security+, AWS Certified Solutions Architect",0,1,0,3,"Current role: backend developer. Skills: computer vision, graphql, java, network security, statistics. Education: Bachelor's in Cybersecurity. Experience: 1 years. Certifications: Certified Ethical Hacker, CompTIA Security+, AWS Certified Solutions Architect."
Priya Park,32,Non-Binary,Bachelor's,Software Engineering,2,backend developer,,"[""agile"", ""azure"", ""computer vision"", ""mongodb"", ""penetration testing"", ""spark"", ""statistics"", ""tensorflow""]",,0,0,0,3,"Current role: backend developer. Skills: agile, azure, computer vision, mongodb, penetration testing, spark, statistics, tensorflow. Education: Bachelor's in Software Engineering. Experience: 2 years."
Charlotte Miller,39,Female,Master's,Information Technology,0,,,"[""kafka"", ""node"", ""penetration testing"", ""pytorch""]",,1,0,0,4,"Skills: kafka, node, penetration testing, pytorch. Education: Master's in Information Technology. Experience: 0 years."
Arjun Williams,31,Female,Certificate,Machine Learning,1,machine learning engineer,,"[""agile"", ""linux"", ""network security"", ""spark"", ""sql"", ""tensorflow""]",,0,0,0,0,"Current role: machine learning engineer. Skills: agile, linux, network security, spark, sql, tensorflow. Education: Certificate in Machine Learning. Experience: 1 years."
Rahul Wu,45,Male,Bachelor's,Artificial Intelligence,10,product manager,"ui/ux designer, machine learning engineer","[""blockchain"", ""javascript"", ""microservices"", ""penetration testing"", ""python"", ""pytorch"", ""rest apis""]","AWS Certified Solutions Architect, Certified Information Systems Security Professional",0,1,1,3,"Current role: product manager. Previous roles: ui/ux designer, machine learning engineer. Skills: blockchain, javascript, microservices, penetration testing, python, pytorch, rest apis. Education: Bachelor's in Artificial Intelligence. Experience: 10 years. Certifications: AWS Certified Solutions Architect, Certified Information Systems Security Professional."
Alexander Nair,39,Female,Bachelor's,Computer Science,6,ui/ux designer,machine learning engineer,"[""agile"", ""azure"", ""blockchain"", ""cybersecurity"", ""devops"", ""kafka""]","TensorFlow Developer Certificate, Certified Information Systems Security Professional",0,1,1,3,"Current role: ui/ux designer. Previous roles: machine learning engineer. Skills: agile, azure, blockchain, cybersecurity, devops, kafka. Education: Bachelor's in Computer Science. Experience: 6 years. Certifications: TensorFlow Developer Certificate, Certified Information Systems Security Professional."
Amanda Verma,39,Non-Binary,Bachelor's,Cybersecurity,0,,,"[""computer vision"", ""microservices"", ""react"", ""terraform""]",,1,0,0,3,"Skills: computer vision, microservices, react, terraform. Education: Bachelor's in Cybersecurity. Experience: 0 years."
Ashley Jain,34,Female,Bachelor's,Information Systems,0,,,"[""data analysis"", ""docker"", ""git"", ""graphql"", ""machine learning"", ""mongodb"", ""python""]",Certified Ethical Hacker,1,1,0,3,"Skills: data analysis, docker, git, graphql, machine learning, mongodb, python. Education: Bachelor's in Information Systems. Experience: 0 years. Certifications: Certified Ethical Hacker."
Ankit Agarwal,36,Male,Master's,Computer Engineering,1,backend developer,,"[""graphql"", ""javascript"", ""kubernetes"", ""scrum"", ""statistics""]","Certified Kubernetes Administrator, CompTIA Security+, TensorFlow Developer Certificate",0,1,0,4,"Current role: backend developer. Skills: graphql, javascript, kubernetes, scrum, statistics. Education: Master's in Computer Engineering. Experience: 1 years. Certifications: Certified Kubernetes Administrator, CompTIA Security+, TensorFlow Developer Certificate."
Arya Gupta,45,Non-Binary,Bachelor's,Robotics,5,prompt engineer,cloud engineer,"[""computer vision"", ""cybersecurity"", ""deep learning"", ""kafka"", ""react"", ""statistics""]",,0,0,1,3,"Current role: prompt engineer. Previous roles: cloud engineer. Skills: computer vision, cybersecurity, deep learning, kafka, react, statistics. Education: Bachelor's in Robotics. Experience: 5 years."
Samantha Singh,21,Male,Master's,Software Engineering,5,site reliability engineer,"devops engineer, cloud engineer","[""agile"", ""ci/cd"", ""data analysis"", ""solidity"", ""sql"", ""tensorflow""]",,0,0,1,4,"Current role: site reliability engineer. Previous roles: devops engineer, cloud engineer. Skills: agile, ci/cd, data analysis, solidity, sql, tensorflow. Education: Master's in Software Engineering. Experience: 5 years."
Ashley Zhang,22,Male,Bachelor's,Electrical Engineering,0,,,"[""azure"", ""java"", ""microservices"", ""network security"", ""penetration testing"", ""scrum"", ""solidity"", ""tensorflow""]",,1,0,0,3,"Skills: azure, java, microservices, network security, penetration testing, scrum, solidity, tensorflow. Education: Bachelor's in Electrical Engineering. Experience: 0 years."
David Wilson,21,Non-Binary,PhD,Information Systems,2,software developer,,"[""agile"", ""blockchain"", ""deep learning"", ""devops"", ""jenkins"", ""mongodb"", ""natural language processing"", ""penetration testing""]","Project Management Professional, Oracle Certified Professional",0,1,0,5,"Current role: software developer. Skills: agile, blockchain, deep learning, devops, jenkins, mongodb, natural language processing, penetration testing. Education: PhD in Information Systems. Experience: 2 years. Certifications: Project Management Professional, Oracle Certified Professional."
Emma Nair,36,Female,PhD,Information Technology,7,ai ethics officer,"cybersecurity engineer, ai engineer, cloud engineer","[""agile"", ""cloud computing"", ""data analysis"", ""deep learning"", ""natural language processing"", ""react""]","Certified Ethical Hacker, Certified Kubernetes Administrator, Google Cloud Professional",0,1,1,5,"Current role: ai ethics officer. Previous roles: cybersecurity engineer, ai engineer, cloud engineer. Skills: agile, cloud computing, data analysis, deep learning, natural language processing, react. Education: PhD in Information Technology. Experience: 7 years. Certifications: Certified Ethical Hacker, Certified Kubernetes Administrator, Google Cloud Professional."
Michael Singh,38,Non-Binary,High School,Information Technology,2,cloud architect,,"[""agile"", ""ansible"", ""ci/cd"", ""cloud computing"", ""cybersecurity"", ""git"", ""machine learning"", ""react""]",TensorFlow Developer Certificate,0,1,0,1,"Current role: cloud architect. Skills: agile, ansible, ci/cd, cloud computing, cybersecurity, git, machine learning, react. Education: High School in Information Technology. Experience: 2 years. Certifications: TensorFlow Developer Certificate."
Charlotte Liu,35,Male,Bachelor's,Electronics Engineering,6,product manager,software engineer,"[""agile"", ""ansible"", ""scrum"", ""statistics""]","CompTIA Security+, Google Cloud Professional",0,1,1,3,"Current role: product manager. Previous roles: software engineer. Skills: agile, ansible, scrum, statistics. Education: Bachelor's in Electronics Engineering. Experience: 6 years. Certifications: CompTIA Security+, Google Cloud Professional."
Amelia Brown,35,Male,Master's,Information Technology,2,site reliability engineer,,"[""amazon web services"", ""cybersecurity"", ""kafka"", ""solidity""]",TensorFlow Developer Certificate,0,1,0,4,"Current role: site reliability engineer. Skills: amazon web services, cybersecurity, kafka, solidity. Education: Master's in Information Technology. Experience: 2 years. Certifications: TensorFlow Developer Certificate."
Andrew Johnson,43,Non-Binary,Bachelor's,Software Engineering,8,cloud engineer,"frontend developer, quantum computing specialist","[""cloud computing"", ""data analysis"", ""graphql"", ""linux"", ""microservices"", ""natural language processing"", ""spark""]","Certified Information Systems Security Professional, Cisco Certified Network Associate, TensorFlow Developer Certificate",0,1,1,3,"Current role: cloud engineer. Previous roles: frontend developer, quantum computing specialist. Skills: cloud computing, data analysis, graphql, linux, microservices, natural language processing, spark. Education: Bachelor's in Software Engineering. Experience: 8 years. Certifications: Certified Information Systems Security Professional, Cisco Certified Network Associate, TensorFlow Developer Certificate."
Noah Williams,27,Non-Binary,Master's,Electronics Engineering,0,,,"[""amazon web services"", ""cloud computing"", ""linux"", ""tensorflow"", ""terraform""]","Google Data Analytics Professional, TensorFlow Developer Certificate",1,1,0,4,"Skills: amazon web services, cloud computing, linux, tensorflow, terraform. Education: Master's in Electronics Engineering. Experience: 0 years. Certifications: Google Data Analytics Professional, TensorFlow Developer Certificate."
Isabella Jackson,21,Non-Binary,Bachelor's,Artificial Intelligence,4,machine learning engineer,"data scientist, big data engineer","[""data analysis"", ""kubernetes"", ""pytorch"", ""react""]","Project Management Professional, Cisco Certified Network Associate",0,1,1,3,"Current role: machine learning engineer. Previous roles: data scientist, big data engineer. Skills: data analysis, kubernetes, pytorch, react. Education: Bachelor's in Artificial Intelligence. Experience: 4 years. Certifications: Project Management Professional, Cisco Certified Network Associate."
Ananya Venkatesh,42,Non-Binary,Master's,Data Science,1,cybersecurity engineer,,"[""cloud computing"", ""devops"", ""graphql"", ""microservices"", ""natural language processing"", ""react"", ""spark"", ""statistics""]","Google Data Analytics Professional, AWS Certified Solutions Architect",0,1,0,4,"Current role: cybersecurity engineer. Skills: cloud computing, devops, graphql, microservices, natural language processing, react, spark, statistics. Education: Master's in Data Science. Experience: 1 years. Certifications: Google Data Analytics Professional, AWS Certified Solutions Architect."
Matthew Kim,32,Non-Binary,Master's,Electrical Engineering,1,software engineer,,"[""cloud computing"", ""node"", ""solidity"", ""statistics"", ""tensorflow""]",,0,0,0,4,"Current role: software engineer. Skills: cloud computing, node, solidity, statistics, tensorflow. Education: Master's in Electrical Engineering. Experience: 1 years."
Aadhya Anderson,35,Non-Binary,PhD,Computer Science,2,machine learning engineer,,"[""git"", ""network security"", ""node"", ""react"", ""scrum"", ""spark""]","Google Data Analytics Professional, Certified Kubernetes Administrator",0,1,0,5,"Current role: machine learning engineer. Skills: git, network security, node, react, scrum, spark. Education: PhD in Computer Science. Experience: 2 years. Certifications: Google Data Analytics Professional, Certified Kubernetes Administrator."
Benjamin Jones,27,Non-Binary,Bachelor's,Cybersecurity,5,ui/ux designer,,"[""amazon web services"", ""ansible"", ""devops"", ""penetration testing"", ""python""]","TensorFlow Developer Certificate, Certified Kubernetes Administrator",0,1,0,3,"Current role: ui/ux designer. Skills: amazon web services, ansible, devops, penetration testing, python. Education: Bachelor's in Cybersecurity. Experience: 5 years. Certifications: TensorFlow Developer Certificate, Certified Kubernetes Administrator."
Ava Menon,44,Female,High School,Information Systems,2,big data engineer,,"[""cloud computing"", ""javascript"", ""linux"", ""network security"", ""pytorch"", ""solidity"", ""sql"", ""statistics""]",,0,0,0,1,"Current role: big data engineer. Skills: cloud computing, javascript, linux, network security, pytorch, solidity, sql, statistics. Education: High School in Information Systems. Experience: 2 years."
Sarah Zhou,27,Non-Binary,Bachelor's,Information Technology,8,software engineer,blockchain engineer,"[""agile"", ""blockchain"", ""cybersecurity"", ""docker"", ""java"", ""javascript"", ""node"", ""sql""]",,0,0,1,3,"Current role: software engineer. Previous roles: blockchain engineer. Skills: agile, blockchain, cybersecurity, docker, java, javascript, node, sql. Education: Bachelor's in Information Technology. Experience: 8 years."
Alexander Thompson,41,Female,Bachelor's,Computer Science,0,,,"[""kafka"", ""node"", ""python"", ""terraform""]",,1,0,0,3,"Skills: kafka, node, python, terraform. Education: Bachelor's in Computer Science. Experience: 0 years."
Christopher Martinez,40,Male,Bachelor's,Machine Learning,0,,,"[""azure"", ""deep learning"", ""java"", ""kubernetes"", ""penetration testing"", ""rest apis"", ""terraform""]","Project Management Professional, Microsoft Azure Fundamentals",1,1,0,3,"Skills: azure, deep learning, java, kubernetes, penetration testing, rest apis, terraform. Education: Bachelor's in Machine Learning. Experience: 0 years. Certifications: Project Management Professional, Microsoft Azure Fundamentals."
David Thomas,21,Non-Binary,PhD,Software Engineering,2,cloud engineer,,"[""jenkins"", ""python"", ""rest apis"", ""spark""]",,0,0,0,5,"Current role: cloud engineer. Skills: jenkins, python, rest apis, spark. Education: PhD in Software Engineering. Experience: 2 years."
Karan Miller,27,Male,Bachelor's,Electrical Engineering,1,prompt engineer,,"[""ansible"", ""computer vision"", ""cybersecurity"", ""jenkins"", ""mongodb"", ""node"", ""pytorch"", ""statistics""]","Certified Information Systems Security Professional, Oracle Certified Professional, Microsoft Azure Fundamentals",0,1,0,3,"Current role: prompt engineer. Skills: ansible, computer vision, cybersecurity, jenkins, mongodb, node, pytorch, statistics. Education: Bachelor's in Electrical Engineering. Experience: 1 years. Certifications: Certified Information Systems Security Professional, Oracle Certified Professional, Microsoft Azure Fundamentals."
Ethan Anderson,40,Non-Binary,Bachelor's,Electrical Engineering,1,machine learning engineer,,"[""blockchain"", ""ci/cd"", ""jenkins"", ""kubernetes"", ""linux"", ""natural language processing"", ""python"", ""spark""]",CompTIA Security+,0,1,0,3,"Current role: machine learning engineer. Skills: blockchain, ci/cd, jenkins, kubernetes, linux, natural language processing, python, spark. Education: Bachelor's in Electrical Engineering. Experience: 1 years. Certifications: CompTIA Security+."
Priya White,35,Female,Master's,Machine Learning,8,quantum computing specialist,"software developer, software engineer, data scientist","[""data analysis"", ""spark"", ""sql"", ""tensorflow""]",Google Data Analytics Professional,0,1,1,4,"Current role: quantum computing specialist. Previous roles: software developer, software engineer, data scientist. Skills: data analysis, spark, sql, tensorflow. Education: Master's in Machine Learning. Experience: 8 years. Certifications: Google Data Analytics Professional."
Ava Menon,38,Female,Master's,Software Engineering,0,,,"[""azure"", ""cloud computing"", ""cybersecurity"", ""deep learning"", ""devops"", ""kafka"", ""statistics""]",,1,0,0,4,"Skills: azure, cloud computing, cybersecurity, deep learning, devops, kafka, statistics. Education: Master's in Software Engineering. Experience: 0 years."
Christopher Smith,45,Non-Binary,Bachelor's,Software Engineering,5,devops engineer,full-stack developer,"[""deep learning"", ""devops"", ""docker"", ""javascript"", ""jenkins"", ""network security"", ""penetration testing"", ""scrum""]",,0,0,1,3,"Current role: devops engineer. Previous roles: full-stack developer. Skills: deep learning, devops, docker, javascript, jenkins, network security, penetration testing, scrum. Education: Bachelor's in Software Engineering. Experience: 5 years."
Evelyn Singh,22,Non-Binary,Bachelor's,Robotics,0,,,"[""computer vision"", ""jenkins"", ""kafka"", ""microservices"", ""tensorflow"", ""terraform""]","Scrum Master Certified, Project Management Professional",1,1,0,3,"Skills: computer vision, jenkins, kafka, microservices, tensorflow, terraform. Education: Bachelor's in Robotics. Experience: 0 years. Certifications: Scrum Master Certified, Project Management Professional."
Amelia Taylor,32,Female,Master's,Electrical Engineering,0,,,"[""azure"", ""cloud computing"", ""data analysis"", ""deep learning"", ""kubernetes"", ""machine learning"", ""node"", ""solidity""]",Microsoft Azure Fundamentals,1,1,0,4,"Skills: azure, cloud computing, data analysis, deep learning, kubernetes, machine learning, node, solidity. Education: Master's in Electrical Engineering. Experience: 0 years. Certifications: Microsoft Azure Fundamentals."
Amanda Jain,36,Non-Binary,Master's,Data Science,0,,,"[""azure"", ""graphql"", ""java"", ""javascript"", ""natural language processing""]",Microsoft Azure Fundamentals,1,1,0,4,"Skills: azure, graphql, java, javascript, natural language processing. Education: Master's in Data Science. Experience: 0 years. Certifications: Microsoft Azure Fundamentals."
Ava Johnson,37,Female,Master's,Electrical Engineering,0,,,"[""machine learning"", ""solidity"", ""sql"", ""statistics""]","TensorFlow Developer Certificate, Microsoft Azure Fundamentals, Certified Kubernetes Administrator",1,1,0,4,"Skills: machine learning, solidity, sql, statistics. Education: Master's in Electrical Engineering. Experience: 0 years. Certifications: TensorFlow Developer Certificate, Microsoft Azure Fundamentals, Certified Kubernetes Administrator."
Jessica Nair,29,Male,Master's,Cybersecurity,2,mobile applications developer,,"[""ansible"", ""azure"", ""deep learning"", ""java"", ""kafka"", ""microservices"", ""mongodb"", ""node""]",Google Data Analytics Professional,0,1,0,4,"Current role: mobile applications developer. Skills: ansible, azure, deep learning, java, kafka, microservices, mongodb, node. Education: Master's in Cybersecurity. Experience: 2 years. Certifications: Google Data Analytics Professional."
Diya Singh,38,Non-Binary,Master's,Information Technology,4,ai ethics officer,,"[""blockchain"", ""devops"", ""python"", ""spark"", ""terraform""]","Certified Information Systems Security Professional, AWS Certified Solutions Architect, Google Data Analytics Professional",0,1,0,4,"Current role: ai ethics officer. Skills: blockchain, devops, python, spark, terraform. Education: Master's in Information Technology. Experience: 4 years. Certifications: Certified Information Systems Security Professional, AWS Certified Solutions Architect, Google Data Analytics Professional."
Priya Zhou,28,Male,Bachelor's,Information Systems,0,,,"[""amazon web services"", ""ansible"", ""devops"", ""kafka"", ""python"", ""pytorch""]",,1,0,0,3,"Skills: amazon web services, ansible, devops, kafka, python, pytorch. Education: Bachelor's in Information Systems. Experience: 0 years."
Michael Thomas,24,Male,Bachelor's,Electrical Engineering,8,blockchain engineer,"software developer, big data engineer","[""blockchain"", ""ci/cd"", ""data analysis"", ""jenkins"", ""rest apis"", ""terraform""]",Certified Ethical Hacker,0,1,1,3,"Current role: blockchain engineer. Previous roles: software developer, big data engineer. Skills: blockchain, ci/cd, data analysis, jenkins, rest apis, terraform. Education: Bachelor's in Electrical Engineering. Experience: 8 years. Certifications: Certified Ethical Hacker."
Amelia Yang,25,Non-Binary,Bachelor's,Data Science,0,,,"[""agile"", ""cloud computing"", ""machine learning"", ""mongodb"", ""rest apis""]",,1,0,0,3,"Skills: agile, cloud computing, machine learning, mongodb, rest apis. Education: Bachelor's in Data Science. Experience: 0 years."
Arya Reddy,40,Female,Bachelor's,Computer Engineering,0,,,"[""devops"", ""javascript"", ""microservices"", ""rest apis"", ""sql"", ""statistics""]",,1,0,0,3,"Skills: devops, javascript, microservices, rest apis, sql, statistics. Education: Bachelor's in Computer Engineering. Experience: 0 years."
Olivia Park,37,Female,Bachelor's,Electrical Engineering,0,,,"[""ci/cd"", ""deep learning"", ""javascript"", ""kafka"", ""kubernetes"", ""natural language processing"", ""python"", ""sql""]","Oracle Certified Professional, Certified Ethical Hacker",1,1,0,3,"Skills: ci/cd, deep learning, javascript, kafka, kubernetes, natural language processing, python, sql. Education: Bachelor's in Electrical Engineering. Experience: 0 years. Certifications: Oracle Certified Professional, Certified Ethical Hacker."
Olivia Iyer,21,Non-Binary,Master's,Information Technology,4,quantum computing specialist,,"[""ansible"", ""data analysis"", ""deep learning"", ""jenkins"", ""kafka"", ""scrum""]",TensorFlow Developer Certificate,0,1,0,4,"Current role: quantum computing specialist. Skills: ansible, data analysis, deep learning, jenkins, kafka, scrum. Education: Master's in Information Technology. Experience: 4 years. Certifications: TensorFlow Developer Certificate."
Isabella Anderson,24,Non-Binary,Diploma,Information Systems,0,,,"[""agile"", ""jenkins"", ""microservices"", ""natural language processing"", ""penetration testing"", ""solidity""]","Project Management Professional, TensorFlow Developer Certificate, Scrum Master Certified",1,1,0,0,"Skills: agile, jenkins, microservices, natural language processing, penetration testing, solidity. Education: Diploma in Information Systems. Experience: 0 years. Certifications: Project Management Professional, TensorFlow Developer Certificate, Scrum Master Certified."
Alexander Lee,28,Non-Binary,Master's,Cybersecurity,2,site reliability engineer,,"[""computer vision"", ""devops"", ""natural language processing"", ""python"", ""statistics"", ""terraform""]",,0,0,0,4,"Current role: site reliability engineer. Skills: computer vision, devops, natural language processing, python, statistics, terraform. Education: Master's in Cybersecurity. Experience: 2 years."
Noah Krishnan,29,Male,PhD,Electronics Engineering,7,software engineer,,"[""computer vision"", ""deep learning"", ""kafka"", ""machine learning"", ""natural language processing"", ""pytorch"", ""spark""]",Scrum Master Certified,0,1,0,5,"Current role: software engineer. Skills: computer vision, deep learning, kafka, machine learning, natural language processing, pytorch, spark. Education: PhD in Electronics Engineering. Experience: 7 years. Certifications: Scrum Master Certified."
Charlotte Venkatesh,31,Female,PhD,Electrical Engineering,0,,,"[""azure"", ""cloud computing"", ""data analysis"", ""deep learning"", ""react"", ""rest apis"", ""tensorflow""]","TensorFlow Developer Certificate, Google Data Analytics Professional, AWS Certified Solutions Architect",1,1,0,5,"Skills: azure, cloud computing, data analysis, deep learning, react, rest apis, tensorflow. Education: PhD in Electrical Engineering. Experience: 0 years. Certifications: TensorFlow Developer Certificate, Google Data Analytics Professional, AWS Certified Solutions Architect."
Ankit Wang,37,Female,Bachelor's,Computer Science,5,ai engineer,site reliability engineer,"[""ci/cd"", ""kafka"", ""linux"", ""microservices"", ""mongodb""]","Microsoft Azure Fundamentals, Google Data Analytics Professional",0,1,1,3,"Current role: ai engineer. Previous roles: site reliability engineer. Skills: ci/cd, kafka, linux, microservices, mongodb. Education: Bachelor's in Computer Science. Experience: 5 years. Certifications: Microsoft Azure Fundamentals, Google Data Analytics Professional."
Michael Wang,45,Female,Bachelor's,Artificial Intelligence,1,blockchain engineer,,"[""azure"", ""data analysis"", ""deep learning"", ""jenkins"", ""mongodb"", ""natural language processing"", ""tensorflow""]","Certified Ethical Hacker, Certified Kubernetes Administrator, Microsoft Azure Fundamentals",0,1,0,3,"Current role: blockchain engineer. Skills: azure, data analysis, deep learning, jenkins, mongodb, natural language processing, tensorflow. Education: Bachelor's in Artificial Intelligence. Experience: 1 years. Certifications: Certified Ethical Hacker, Certified Kubernetes Administrator, Microsoft Azure Fundamentals."
Sarah Iyer,38,Non-Binary,Bachelor's,Machine Learning,5,ui/ux designer,"prompt engineer, blockchain engineer","[""ansible"", ""jenkins"", ""kubernetes"", ""mongodb"", ""react"", ""rest apis""]",,0,0,1,3,"Current role: ui/ux designer. Previous roles: prompt engineer, blockchain engineer. Skills: ansible, jenkins, kubernetes, mongodb, react, rest apis. Education: Bachelor's in Machine Learning. Experience: 5 years."
Charlotte Pillai,38,Female,Bachelor's,Artificial Intelligence,3,cloud engineer,cybersecurity engineer,"[""jenkins"", ""pytorch"", ""spark"", ""statistics"", ""tensorflow"", ""terraform""]","Certified Information Systems Security Professional, Project Management Professional",0,1,1,3,"Current role: cloud engineer. Previous roles: cybersecurity engineer. Skills: jenkins, pytorch, spark, statistics, tensorflow, terraform. Education: Bachelor's in Artificial Intelligence. Experience: 3 years. Certifications: Certified Information Systems Security Professional, Project Management Professional."
Emma Lee,31,Female,Master's,Electrical Engineering,6,big data engineer,"site reliability engineer, devops engineer","[""agile"", ""deep learning"", ""kubernetes"", ""sql""]","Certified Information Systems Security Professional, Project Management Professional",0,1,1,4,"Current role: big data engineer. Previous roles: site reliability engineer, devops engineer. Skills: agile, deep learning, kubernetes, sql. Education: Master's in Electrical Engineering. Experience: 6 years. Certifications: Certified Information Systems Security Professional, Project Management Professional."
Arjun Zhang,28,Non-Binary,Bachelor's,Robotics,0,,,"[""kubernetes"", ""machine learning"", ""mongodb"", ""rest apis""]",,1,0,0,3,"Skills: kubernetes, machine learning, mongodb, rest apis. Education: Bachelor's in Robotics. Experience: 0 years."
Vikram Wu,23,Male,Bachelor's,Software Engineering,0,,,"[""azure"", ""deep learning"", ""devops"", ""git"", ""natural language processing"", ""solidity"", ""statistics""]",AWS Certified Solutions Architect,1,1,0,3,"Skills: azure, deep learning, devops, git, natural language processing, solidity, statistics. Education: Bachelor's in Software Engineering. Experience: 0 years. Certifications: AWS Certified Solutions Architect."
Priya White,38,Female,Master's,Software Engineering,2,frontend developer,,"[""blockchain"", ""cybersecurity"", ""devops"", ""git"", ""kafka"", ""penetration testing"", ""scrum"", ""tensorflow""]",Oracle Certified Professional,0,1,0,4,"Current role: frontend developer. Skills: blockchain, cybersecurity, devops, git, kafka, penetration testing, scrum, tensorflow. Education: Master's in Software Engineering. Experience: 2 years. Certifications: Oracle Certified Professional."
Samantha Bansal,32,Female,Master's,Computer Science,3,product manager,cybersecurity analyst,"[""blockchain"", ""deep learning"", ""git"", ""jenkins"", ""penetration testing"", ""python"", ""statistics""]","Certified Kubernetes Administrator, Certified Ethical Hacker",0,1,1,4,"Current role: product manager. Previous roles: cybersecurity analyst. Skills: blockchain, deep learning, git, jenkins, penetration testing, python, statistics. Education: Master's in Computer Science. Experience: 3 years. Certifications: Certified Kubernetes Administrator, Certified Ethical Hacker."
Sarah Garcia,37,Non-Binary,PhD,Electronics Engineering,3,blockchain engineer,,"[""data analysis"", ""graphql"", ""node"", ""pytorch"", ""tensorflow"", ""terraform""]",Cisco Certified Network Associate,0,1,0,5,"Current role: blockchain engineer. Skills: data analysis, graphql, node, pytorch, tensorflow, terraform. Education: PhD in Electronics Engineering. Experience: 3 years. Certifications: Cisco Certified Network Associate."
Aditi Menon,21,Male,Diploma,Computer Engineering,4,ai ethics officer,mobile applications developer,"[""deep learning"", ""docker"", ""python"", ""solidity"", ""sql""]",,0,0,1,0,"Current role: ai ethics officer. Previous roles: mobile applications developer. Skills: deep learning, docker, python, solidity, sql. Education: Diploma in Computer Engineering. Experience: 4 years."
Abhinav Anderson,23,Male,Bachelor's,Artificial Intelligence,1,cybersecurity analyst,,"[""amazon web services"", ""computer vision"", ""microservices"", ""natural language processing"", ""penetration testing"", ""python"", ""pytorch"", ""tensorflow""]","Oracle Certified Professional, TensorFlow Developer Certificate, Certified Kubernetes Administrator",0,1,0,3,"Current role: cybersecurity analyst. Skills: amazon web services, computer vision, microservices, natural language processing, penetration testing, python, pytorch, tensorflow. Education: Bachelor's in Artificial Intelligence. Experience: 1 years. Certifications: Oracle Certified Professional, TensorFlow Developer Certificate, Certified Kubernetes Administrator."
Priya Hernandez,42,Female,PhD,Software Engineering,0,,,"[""amazon web services"", ""ansible"", ""computer vision"", ""devops""]","Project Management Professional, Cisco Certified Network Associate, Certified Kubernetes Administrator",1,1,0,5,"Skills: amazon web services, ansible, computer vision, devops. Education: PhD in Software Engineering. Experience: 0 years. Certifications: Project Management Professional, Cisco Certified Network Associate, Certified Kubernetes Administrator."
Jackson Lee,34,Female,High School,Computer Engineering,7,software developer,"cybersecurity engineer, data scientist","[""javascript"", ""natural language processing"", ""python"", ""rest apis""]","CompTIA Security+, Scrum Master Certified, Microsoft Azure Fundamentals",0,1,1,1,"Current role: software developer. Previous roles: cybersecurity engineer, data scientist. Skills: javascript, natural language processing, python, rest apis. Education: High School in Computer Engineering. Experience: 7 years. Certifications: CompTIA Security+, Scrum Master Certified, Microsoft Azure Fundamentals."
Benjamin Kim,25,Non-Binary,Master's,Information Technology,3,machine learning engineer,,"[""ansible"", ""deep learning"", ""java"", ""linux"", ""pytorch"", ""scrum"", ""solidity""]","Certified Information Systems Security Professional, CompTIA Security+, Microsoft Azure Fundamentals",0,1,0,4,"Current role: machine learning engineer. Skills: ansible, deep learning, java, linux, pytorch, scrum, solidity. Education: Master's in Information Technology. Experience: 3 years. Certifications: Certified Information Systems Security Professional, CompTIA Security+, Microsoft Azure Fundamentals."
Benjamin Wilson,44,Female,Bachelor's,Electrical Engineering,8,quantum computing specialist,ai engineer,"[""devops"", ""docker"", ""node"", ""solidity"", ""statistics""]","Google Data Analytics Professional, Certified Information Systems Security Professional",0,1,1,3,"Current role: quantum computing specialist. Previous roles: ai engineer. Skills: devops, docker, node, solidity, statistics. Education: Bachelor's in Electrical Engineering. Experience: 8 years. Certifications: Google Data Analytics Professional, Certified Information Systems Security Professional."
Charlotte Zhou,40,Male,Bachelor's,Information Technology,2,backend developer,,"[""devops"", ""docker"", ""graphql"", ""linux"", ""microservices"", ""network security"", ""pytorch"", ""statistics""]","Google Cloud Professional, Oracle Certified Professional",0,1,0,3,"Current role: backend developer. Skills: devops, docker, graphql, linux, microservices, network security, pytorch, statistics. Education: Bachelor's in Information Technology. Experience: 2 years. Certifications: Google Cloud Professional, Oracle Certified Professional."
Olivia Agarwal,36,Male,Bachelor's,Electrical Engineering,0,,,"[""ci/cd"", ""computer vision"", ""deep learning"", ""devops"", ""network security"", ""node"", ""react""]",,1,0,0,3,"Skills: ci/cd, computer vision, deep learning, devops, network security, node, react. Education: Bachelor's in Electrical Engineering. Experience: 0 years."
Evelyn Lee,22,Female,Master's,Artificial Intelligence,8,big data engineer,mlops specialist,"[""data analysis"", ""devops"", ""javascript"", ""node""]","Google Cloud Professional, Certified Kubernetes Administrator",0,1,1,4,"Current role: big data engineer. Previous roles: mlops specialist. Skills: data analysis, devops, javascript, node. Education: Master's in Artificial Intelligence. Experience: 8 years. Certifications: Google Cloud Professional, Certified Kubernetes Administrator."
Jackson Krishnan,41,Male,Master's,Information Systems,0,,,"[""blockchain"", ""cybersecurity"", ""jenkins"", ""scrum""]",,1,0,0,4,"Skills: blockchain, cybersecurity, jenkins, scrum. Education: Master's in Information Systems. Experience: 0 years."
Diya Thompson,32,Female,Master's,Cybersecurity,9,big data engineer,ui/ux designer,"[""blockchain"", ""computer vision"", ""linux"", ""machine learning"", ""microservices"", ""natural language processing"", ""terraform""]","TensorFlow Developer Certificate, Oracle Certified Professional",0,1,1,4,"Current role: big data engineer. Previous roles: ui/ux designer. Skills: blockchain, computer vision, linux, machine learning, microservices, natural language processing, terraform. Education: Master's in Cybersecurity. Experience: 9 years. Certifications: TensorFlow Developer Certificate, Oracle Certified Professional."
Mason Jones,27,Female,High School,Robotics,1,blockchain engineer,,"[""ansible"", ""cloud computing"", ""cybersecurity"", ""docker"", ""javascript"", ""jenkins"", ""mongodb"", ""scrum""]",Microsoft Azure Fundamentals,0,1,0,1,"Current role: blockchain engineer. Skills: ansible, cloud computing, cybersecurity, docker, javascript, jenkins, mongodb, scrum. Education: High School in Robotics. Experience: 1 years. Certifications: Microsoft Azure Fundamentals."
Akash Krishnan,33,Non-Binary,PhD,Robotics,0,,,"[""git"", ""javascript"", ""mongodb"", ""network security"", ""penetration testing"", ""tensorflow""]","Google Cloud Professional, AWS Certified Solutions Architect, Certified Information Systems Security Professional",1,1,0,5,"Skills: git, javascript, mongodb, network security, penetration testing, tensorflow. Education: PhD in Robotics. Experience: 0 years. Certifications: Google Cloud Professional, AWS Certified Solutions Architect, Certified Information Systems Security Professional."
Joshua Kim,40,Male,Master's,Electronics Engineering,0,,,"[""devops"", ""git"", ""javascript"", ""linux""]",Certified Information Systems Security Professional,1,1,0,4,"Skills: devops, git, javascript, linux. Education: Master's in Electronics Engineering. Experience: 0 years. Certifications: Certified Information Systems Security Professional."
Amelia Thompson,45,Non-Binary,Master's,Information Technology,6,machine learning engineer,ai ethics officer,"[""agile"", ""azure"", ""docker"", ""penetration testing"", ""rest apis"", ""sql"", ""statistics""]",,0,0,1,4,"Current role: machine learning engineer. Previous roles: ai ethics officer. Skills: agile, azure, docker, penetration testing, rest apis, sql, statistics. Education: Master's in Information Technology. Experience: 6 years."
Olivia Rao,33,Non-Binary,Master's,Information Systems,2,cloud architect,,"[""amazon web services"", ""blockchain"", ""data analysis"", ""linux"", ""natural language processing"", ""node"", ""spark"", ""sql""]","Certified Ethical Hacker, Certified Information Systems Security Professional, CompTIA Security+",0,1,0,4,"Current role: cloud architect. Skills: amazon web services, blockchain, data analysis, linux, natural language processing, node, spark, sql. Education: Master's in Information Systems. Experience: 2 years. Certifications: Certified Ethical Hacker, Certified Information Systems Security Professional, CompTIA Security+."
Karan Mittal,35,Male,PhD,Data Science,0,,,"[""amazon web services"", ""docker"", ""natural language processing"", ""react"", ""spark"", ""sql""]","AWS Certified Solutions Architect, Certified Information Systems Security Professional",1,1,0,5,"Skills: amazon web services, docker, natural language processing, react, spark, sql. Education: PhD in Data Science. Experience: 0 years. Certifications: AWS Certified Solutions Architect, Certified Information Systems Security Professional."
Noah Yang,38,Male,Bachelor's,Information Systems,4,blockchain engineer,"ai engineer, cybersecurity analyst","[""computer vision"", ""devops"", ""docker"", ""java"", ""javascript"", ""kubernetes"", ""microservices"", ""penetration testing""]",,0,0,1,3,"Current role: blockchain engineer. Previous roles: ai engineer, cybersecurity analyst. Skills: computer vision, devops, docker, java, javascript, kubernetes, microservices, penetration testing. Education: Bachelor's in Information Systems. Experience: 4 years."
Jessica Davis,42,Non-Binary,Bachelor's,Information Technology,7,ai engineer,,"[""cloud computing"", ""deep learning"", ""linux"", ""microservices"", ""mongodb"", ""spark""]","Scrum Master Certified, Google Data Analytics Professional, Google Cloud Professional",0,1,0,3,"Current role: ai engineer. Skills: cloud computing, deep learning, linux, microservices, mongodb, spark. Education: Bachelor's in Information Technology. Experience: 7 years. Certifications: Scrum Master Certified, Google Data Analytics Professional, Google Cloud Professional."
Jackson Iyer,30,Female,Master's,Robotics,4,devops engineer,full-stack developer,"[""cloud computing"", ""git"", ""natural language processing"", ""scrum""]","Oracle Certified Professional, AWS Certified Solutions Architect",0,1,1,4,"Current role: devops engineer. Previous roles: full-stack developer. Skills: cloud computing, git, natural language processing, scrum. Education: Master's in Robotics. Experience: 4 years. Certifications: Oracle Certified Professional, AWS Certified Solutions Architect."
Arjun Gupta,44,Female,Master's,Electronics Engineering,3,ui/ux designer,,"[""blockchain"", ""docker"", ""graphql"", ""jenkins"", ""natural language processing""]","Scrum Master Certified, Certified Information Systems Security Professional",0,1,0,4,"Current role: ui/ux designer. Skills: blockchain, docker, graphql, jenkins, natural language processing. Education: Master's in Electronics Engineering. Experience: 3 years. Certifications: Scrum Master Certified, Certified Information Systems Security Professional."
Andrew Mittal,41,Non-Binary,PhD,Cybersecurity,1,cybersecurity analyst,,"[""amazon web services"", ""ansible"", ""docker"", ""graphql"", ""java"", ""linux"", ""tensorflow"", ""terraform""]","Cisco Certified Network Associate, TensorFlow Developer Certificate, Project Management Professional",0,1,0,5,"Current role: cybersecurity analyst. Skills: amazon web services, ansible, docker, graphql, java, linux, tensorflow, terraform. Education: PhD in Cybersecurity. Experience: 1 years. Certifications: Cisco Certified Network Associate, TensorFlow Developer Certificate, Project Management Professional."
Samantha Venkatesh,40,Female,Master's,Electrical Engineering,0,,,"[""azure"", ""deep learning"", ""devops"", ""java"", ""penetration testing"", ""scrum"", ""spark"", ""sql""]","Microsoft Azure Fundamentals, Certified Ethical Hacker",1,1,0,4,"Skills: azure, deep learning, devops, java, penetration testing, scrum, spark, sql. Education: Master's in Electrical Engineering. Experience: 0 years. Certifications: Microsoft Azure Fundamentals, Certified Ethical Hacker."
Samantha Sharma,29,Female,Bachelor's,Electronics Engineering,1,full-stack developer,,"[""linux"", ""network security"", ""node"", ""solidity"", ""tensorflow""]","Certified Kubernetes Administrator, Certified Ethical Hacker, CompTIA Security+",0,1,0,3,"Current role: full-stack developer. Skills: linux, network security, node, solidity, tensorflow. Education: Bachelor's in Electronics Engineering. Experience: 1 years. Certifications: Certified Kubernetes Administrator, Certified Ethical Hacker, CompTIA Security+."
Joshua Krishnan,40,Non-Binary,Master's,Robotics,2,data scientist,,"[""ansible"", ""cybersecurity"", ""devops"", ""javascript"", ""mongodb"", ""natural language processing"", ""rest apis"", ""solidity""]","Google Data Analytics Professional, Project Management Professional, AWS Certified Solutions Architect",0,1,0,4,"Current role: data scientist. Skills: ansible, cybersecurity, devops, javascript, mongodb, natural language processing, rest apis, solidity. Education: Master's in Robotics. Experience: 2 years. Certifications: Google Data Analytics Professional, Project Management Professional, AWS Certified Solutions Architect."
Isabella Venkatesh,22,Non-Binary,Master's,Software Engineering,0,,,"[""amazon web services"", ""azure"", ""cloud computing"", ""rest apis"", ""sql"", ""tensorflow"", ""terraform""]","Certified Information Systems Security Professional, TensorFlow Developer Certificate, AWS Certified Solutions Architect",1,1,0,4,"Skills: amazon web services, azure, cloud computing, rest apis, sql, tensorflow, terraform. Education: Master's in Software Engineering. Experience: 0 years. Certifications: Certified Information Systems Security Professional, TensorFlow Developer Certificate, AWS Certified Solutions Architect."
Ashley Kim,43,Male,Master's,Information Technology,0,,,"[""ci/cd"", ""devops"", ""solidity"", ""sql""]","CompTIA Security+, Google Data Analytics Professional, Scrum Master Certified",1,1,0,4,"Skills: ci/cd, devops, solidity, sql. Education: Master's in Information Technology. Experience: 0 years. Certifications: CompTIA Security+, Google Data Analytics Professional, Scrum Master Certified."
Meera Park,25,Male,PhD,Software Engineering,4,frontend developer,ai ethics officer,"[""git"", ""graphql"", ""solidity"", ""statistics""]",Google Cloud Professional,0,1,1,5,"Current role: frontend developer. Previous roles: ai ethics officer. Skills: git, graphql, solidity, statistics. Education: PhD in Software Engineering. Experience: 4 years. Certifications: Google Cloud Professional."
Aadhya Subramanian,36,Male,Bachelor's,Electronics Engineering,0,,,"[""data analysis"", ""graphql"", ""machine learning"", ""natural language processing"", ""python"", ""solidity"", ""sql""]",,1,0,0,3,"Skills: data analysis, graphql, machine learning, natural language processing, python, solidity, sql. Education: Bachelor's in Electronics Engineering. Experience: 0 years."
Abhinav Mittal,22,Non-Binary,Master's,Electrical Engineering,2,cybersecurity analyst,,"[""graphql"", ""kubernetes"", ""mongodb"", ""react"", ""sql"", ""tensorflow""]","Scrum Master Certified, Project Management Professional",0,1,0,4,"Current role: cybersecurity analyst. Skills: graphql, kubernetes, mongodb, react, sql, tensorflow. Education: Master's in Electrical Engineering. Experience: 2 years. Certifications: Scrum Master Certified, Project Management Professional."
James Thomas,33,Male,Master's,Information Systems,0,,,"[""agile"", ""amazon web services"", ""azure"", ""data analysis"", ""devops"", ""penetration testing""]","Google Data Analytics Professional, Certified Kubernetes Administrator, CompTIA Security+",1,1,0,4,"Skills: agile, amazon web services, azure, data analysis, devops, penetration testing. Education: Master's in Information Systems. Experience: 0 years. Certifications: Google Data Analytics Professional, Certified Kubernetes Administrator, CompTIA Security+."
Amanda Wang,40,Non-Binary,Bachelor's,Electrical Engineering,0,,,"[""azure"", ""devops"", ""jenkins"", ""network security"", ""scrum"", ""spark""]","TensorFlow Developer Certificate, Microsoft Azure Fundamentals, Scrum Master Certified",1,1,0,3,"Skills: azure, devops, jenkins, network security, scrum, spark. Education: Bachelor's in Electrical Engineering. Experience: 0 years. Certifications: TensorFlow Developer Certificate, Microsoft Azure Fundamentals, Scrum Master Certified."
Aarav White,41,Male,Master's,Data Science,0,,,"[""agile"", ""graphql"", ""javascript"", ""machine learning"", ""python"", ""pytorch"", ""scrum""]","Cisco Certified Network Associate, Google Cloud Professional",1,1,0,4,"Skills: agile, graphql, javascript, machine learning, python, pytorch, scrum. Education: Master's in Data Science. Experience: 0 years. Certifications: Cisco Certified Network Associate, Google Cloud Professional."
Emily Moore,44,Non-Binary,Master's,Computer Science,4,devops engineer,"prompt engineer, quantum computing specialist","[""agile"", ""azure"", ""docker"", ""javascript"", ""penetration testing""]","Google Data Analytics Professional, Certified Information Systems Security Professional, TensorFlow Developer Certificate",0,1,1,4,"Current role: devops engineer. Previous roles: prompt engineer, quantum computing specialist. Skills: agile, azure, docker, javascript, penetration testing. Education: Master's in Computer Science. Experience: 4 years. Certifications: Google Data Analytics Professional, Certified Information Systems Security Professional, TensorFlow Developer Certificate."
Aarav Brown,39,Non-Binary,Bachelor's,Cybersecurity,4,prompt engineer,"data scientist, blockchain engineer","[""agile"", ""data analysis"", ""java"", ""microservices"", ""terraform""]",Scrum Master Certified,0,1,1,3,"Current role: prompt engineer. Previous roles: data scientist, blockchain engineer. Skills: agile, data analysis, java, microservices, terraform. Education: Bachelor's in Cybersecurity. Experience: 4 years. Certifications: Scrum Master Certified."
Akash Rao,28,Female,Master's,Computer Engineering,7,mlops specialist,"prompt engineer, machine learning engineer","[""amazon web services"", ""ci/cd"", ""git"", ""javascript"", ""pytorch"", ""solidity"", ""sql"", ""tensorflow""]",,0,0,1,4,"Current role: mlops specialist. Previous roles: prompt engineer, machine learning engineer. Skills: amazon web services, ci/cd, git, javascript, pytorch, solidity, sql, tensorflow. Education: Master's in Computer Engineering. Experience: 7 years."
Vikram Chen,25,Male,Master's,Machine Learning,4,full-stack developer,,"[""agile"", ""amazon web services"", ""ansible"", ""cybersecurity"", ""git"", ""javascript"", ""python"", ""sql""]",,0,0,0,4,"Current role: full-stack developer. Skills: agile, amazon web services, ansible, cybersecurity, git, javascript, python, sql. Education: Master's in Machine Learning. Experience: 4 years."
Olivia Williams,30,Female,Master's,Machine Learning,5,backend developer,"ui/ux designer, software developer","[""amazon web services"", ""data analysis"", ""docker"", ""kubernetes""]",,0,0,1,4,"Current role: backend developer. Previous roles: ui/ux designer, software developer. Skills: amazon web services, data analysis, docker, kubernetes. Education: Master's in Machine Learning. Experience: 5 years."
Emma Patel,30,Non-Binary,PhD,Information Systems,4,cybersecurity engineer,"frontend developer, mobile applications developer","[""azure"", ""java"", ""penetration testing"", ""react""]",,0,0,1,5,"Current role: cybersecurity engineer. Previous roles: frontend developer, mobile applications developer. Skills: azure, java, penetration testing, react. Education: PhD in Information Systems. Experience: 4 years."
Benjamin Martinez,31,Male,Master's,Electronics Engineering,1,quantum computing specialist,,"[""azure"", ""cybersecurity"", ""jenkins"", ""sql""]","Google Cloud Professional, TensorFlow Developer Certificate, Cisco Certified Network Associate",0,1,0,4,"Current role: quantum computing specialist. Skills: azure, cybersecurity, jenkins, sql. Education: Master's in Electronics Engineering. Experience: 1 years. Certifications: Google Cloud Professional, TensorFlow Developer Certificate, Cisco Certified Network Associate."
Ava Thomas,33,Male,Master's,Electronics Engineering,1,prompt engineer,,"[""amazon web services"", ""cybersecurity"", ""java"", ""network security"", ""node"", ""penetration testing""]","TensorFlow Developer Certificate, Oracle Certified Professional",0,1,0,4,"Current role: prompt engineer. Skills: amazon web services, cybersecurity, java, network security, node, penetration testing. Education: Master's in Electronics Engineering. Experience: 1 years. Certifications: TensorFlow Developer Certificate, Oracle Certified Professional."
Matthew Agarwal,31,Non-Binary,Master's,Computer Engineering,2,quantum computing specialist,,"[""ansible"", ""graphql"", ""kafka"", ""kubernetes"", ""natural language processing"", ""penetration testing"", ""rest apis""]","Google Cloud Professional, Certified Information Systems Security Professional, Certified Kubernetes Administrator",0,1,0,4,"Current role: quantum computing specialist. Skills: ansible, graphql, kafka, kubernetes, natural language processing, penetration testing, rest apis. Education: Master's in Computer Engineering. Experience: 2 years. Certifications: Google Cloud Professional, Certified Information Systems Security Professional, Certified Kubernetes Administrator."
Liam Park,42,Male,Master's,Robotics,5,software developer,,"[""amazon web services"", ""cybersecurity"", ""kafka"", ""linux"", ""mongodb"", ""solidity"", ""tensorflow""]","Certified Ethical Hacker, Google Cloud Professional",0,1,0,4,"Current role: software developer. Skills: amazon web services, cybersecurity, kafka, linux, mongodb, solidity, tensorflow. Education: Master's in Robotics. Experience: 5 years. Certifications: Certified Ethical Hacker, Google Cloud Professional."
Aryan Wu,41,Male,Master's,Electronics Engineering,4,machine learning engineer,full-stack developer,"[""linux"", ""machine learning"", ""microservices"", ""pytorch"", ""solidity"", ""statistics"", ""terraform""]","Scrum Master Certified, Project Management Professional",0,1,1,4,"Current role: machine learning engineer. Previous roles: full-stack developer. Skills: linux, machine learning, microservices, pytorch, solidity, statistics, terraform. Education: Master's in Electronics Engineering. Experience: 4 years. Certifications: Scrum Master Certified, Project Management Professional."
Aditi Thomas,38,Male,High School,Information Systems,1,big data engineer,,"[""blockchain"", ""java"", ""natural language processing"", ""statistics""]","Project Management Professional, Certified Information Systems Security Professional, Certified Ethical Hacker",0,1,0,1,"Current role: big data engineer. Skills: blockchain, java, natural language processing, statistics. Education: High School in Information Systems. Experience: 1 years. Certifications: Project Management Professional, Certified Information Systems Security Professional, Certified Ethical Hacker."
Arjun Williams,38,Female,PhD,Cybersecurity,0,,,"[""azure"", ""java"", ""node"", ""python"", ""statistics""]",CompTIA Security+,1,1,0,5,"Skills: azure, java, node, python, statistics. Education: PhD in Cybersecurity. Experience: 0 years. Certifications: CompTIA Security+."
Michael White,43,Non-Binary,PhD,Electrical Engineering,4,devops engineer,"software developer, big data engineer","[""ansible"", ""blockchain"", ""cloud computing"", ""deep learning"", ""microservices"", ""scrum"", ""solidity""]",Certified Ethical Hacker,0,1,1,5,"Current role: devops engineer. Previous roles: software developer, big data engineer. Skills: ansible, blockchain, cloud computing, deep learning, microservices, scrum, solidity. Education: PhD in Electrical Engineering. Experience: 4 years. Certifications: Certified Ethical Hacker."
Abhinav Krishnan,36,Non-Binary,Bachelor's,Electrical Engineering,1,ai ethics officer,,"[""cybersecurity"", ""data analysis"", ""devops"", ""docker""]",,0,0,0,3,"Current role: ai ethics officer. Skills: cybersecurity, data analysis, devops, docker. Education: Bachelor's in Electrical Engineering. Experience: 1 years."
Aryan Martinez,40,Male,PhD,Information Systems,1,ai engineer,,"[""agile"", ""cloud computing"", ""cybersecurity"", ""graphql"", ""penetration testing"", ""scrum"", ""statistics""]","Microsoft Azure Fundamentals, AWS Certified Solutions Architect",0,1,0,5,"Current role: ai engineer. Skills: agile, cloud computing, cybersecurity, graphql, penetration testing, scrum, statistics. Education: PhD in Information Systems. Experience: 1 years. Certifications: Microsoft Azure Fundamentals, AWS Certified Solutions Architect."
Aditi Park,30,Non-Binary,Master's,Computer Engineering,9,backend developer,"big data engineer, devops engineer, blockchain engineer","[""azure"", ""cloud computing"", ""data analysis"", ""node""]","Microsoft Azure Fundamentals, Scrum Master Certified",0,1,1,4,"Current role: backend developer. Previous roles: big data engineer, devops engineer, blockchain engineer. Skills: azure, cloud computing, data analysis, node. Education: Master's in Computer Engineering. Experience: 9 years. Certifications: Microsoft Azure Fundamentals, Scrum Master Certified."
Jackson Rao,26,Non-Binary,PhD,Cybersecurity,5,cybersecurity analyst,cloud engineer,"[""docker"", ""graphql"", ""microservices"", ""network security"", ""spark""]",Project Management Professional,0,1,1,5,"Current role: cybersecurity analyst. Previous roles: cloud engineer. Skills: docker, graphql, microservices, network security, spark. Education: PhD in Cybersecurity. Experience: 5 years. Certifications: Project Management Professional."
Emma White,33,Female,Bachelor's,Robotics,0,,,"[""computer vision"", ""devops"", ""docker"", ""microservices"", ""penetration testing""]","AWS Certified Solutions Architect, Cisco Certified Network Associate, TensorFlow Developer Certificate",1,1,0,3,"Skills: computer vision, devops, docker, microservices, penetration testing. Education: Bachelor's in Robotics. Experience: 0 years. Certifications: AWS Certified Solutions Architect, Cisco Certified Network Associate, TensorFlow Developer Certificate."
Christopher Singh,24,Non-Binary,Master's,Artificial Intelligence,2,prompt engineer,,"[""agile"", ""computer vision"", ""data analysis"", ""kafka"", ""mongodb"", ""rest apis""]","Oracle Certified Professional, Project Management Professional, Certified Kubernetes Administrator",0,1,0,4,"Current role: prompt engineer. Skills: agile, computer vision, data analysis, kafka, mongodb, rest apis. Education: Master's in Artificial Intelligence. Experience: 2 years. Certifications: Oracle Certified Professional, Project Management Professional, Certified Kubernetes Administrator."
Aadhya Chen,21,Male,High School,Information Technology,0,,,"[""deep learning"", ""scrum"", ""solidity"", ""statistics""]","Certified Kubernetes Administrator, AWS Certified Solutions Architect",1,1,0,1,"Skills: deep learning, scrum, solidity, statistics. Education: High School in Information Technology. Experience: 0 years. Certifications: Certified Kubernetes Administrator, AWS Certified Solutions Architect."
Jessica Brown,40,Non-Binary,Bachelor's,Information Technology,5,prompt engineer,devops engineer,"[""amazon web services"", ""ansible"", ""azure"", ""computer vision"", ""jenkins"", ""microservices"", ""statistics"", ""tensorflow""]","Project Management Professional, Google Cloud Professional, Oracle Certified Professional",0,1,1,3,"Current role: prompt engineer. Previous roles: devops engineer. Skills: amazon web services, ansible, azure, computer vision, jenkins, microservices, statistics, tensorflow. Education: Bachelor's in Information Technology. Experience: 5 years. Certifications: Project Management Professional, Google Cloud Professional, Oracle Certified Professional."
Lucas Zhou,22,Female,Bachelor's,Computer Science,0,,,"[""network security"", ""node"", ""pytorch"", ""rest apis"", ""solidity"", ""tensorflow""]",Project Management Professional,1,1,0,3,"Skills: network security, node, pytorch, rest apis, solidity, tensorflow. Education: Bachelor's in Computer Science. Experience: 0 years. Certifications: Project Management Professional."
Noah Venkatesh,41,Male,PhD,Robotics,4,blockchain engineer,full-stack developer,"[""computer vision"", ""javascript"", ""jenkins"", ""node""]","AWS Certified Solutions Architect, TensorFlow Developer Certificate, Microsoft Azure Fundamentals",0,1,1,5,"Current role: blockchain engineer. Previous roles: full-stack developer. Skills: computer vision, javascript, jenkins, node. Education: PhD in Robotics. Experience: 4 years. Certifications: AWS Certified Solutions Architect, TensorFlow Developer Certificate, Microsoft Azure Fundamentals."
Aadhya Nair,43,Female,Master's,Artificial Intelligence,4,cybersecurity analyst,,"[""agile"", ""amazon web services"", ""deep learning"", ""git"", ""microservices"", ""penetration testing"", ""python"", ""scrum""]","AWS Certified Solutions Architect, Project Management Professional, CompTIA Security+",0,1,0,4,"Current role: cybersecurity analyst. Skills: agile, amazon web services, deep learning, git, microservices, penetration testing, python, scrum. Education: Master's in Artificial Intelligence. Experience: 4 years. Certifications: AWS Certified Solutions Architect, Project Management Professional, CompTIA Security+."
Abhinav Hernandez,42,Male,Bachelor's,Artificial Intelligence,2,cloud engineer,,"[""azure"", ""javascript"", ""network security"", ""pytorch"", ""solidity"", ""sql""]",AWS Certified Solutions Architect,0,1,0,3,"Current role: cloud engineer. Skills: azure, javascript, network security, pytorch, solidity, sql. Education: Bachelor's in Artificial Intelligence. Experience: 2 years. Certifications: AWS Certified Solutions Architect."
Aarav Singh,31,Male,Bachelor's,Robotics,0,,,"[""amazon web services"", ""cybersecurity"", ""deep learning"", ""devops"", ""docker"", ""machine learning"", ""terraform""]",,1,0,0,3,"Skills: amazon web services, cybersecurity, deep learning, devops, docker, machine learning, terraform. Education: Bachelor's in Robotics. Experience: 0 years."
Karan Singh,28,Non-Binary,Master's,Computer Science,9,devops engineer,site reliability engineer,"[""cybersecurity"", ""git"", ""kubernetes"", ""mongodb""]",,0,0,1,4,"Current role: devops engineer. Previous roles: site reliability engineer. Skills: cybersecurity, git, kubernetes, mongodb. Education: Master's in Computer Science. Experience: 9 years."
Joshua Chen,33,Female,Bachelor's,Electronics Engineering,3,software developer,,"[""agile"", ""amazon web services"", ""azure"", ""javascript"", ""linux"", ""machine learning"", ""node"", ""tensorflow""]","Microsoft Azure Fundamentals, Certified Ethical Hacker",0,1,0,3,"Current role: software developer. Skills: agile, amazon web services, azure, javascript, linux, machine learning, node, tensorflow. Education: Bachelor's in Electronics Engineering. Experience: 3 years. Certifications: Microsoft Azure Fundamentals, Certified Ethical Hacker."
Ananya Lee,40,Female,Master's,Computer Science,4,ai ethics officer,product manager,"[""kafka"", ""python"", ""sql"", ""tensorflow""]","Certified Ethical Hacker, CompTIA Security+",0,1,1,4,"Current role: ai ethics officer. Previous roles: product manager. Skills: kafka, python, sql, tensorflow. Education: Master's in Computer Science. Experience: 4 years. Certifications: Certified Ethical Hacker, CompTIA Security+."
Karan Wang,22,Non-Binary,Bachelor's,Machine Learning,2,cloud architect,,"[""git"", ""graphql"", ""python"", ""scrum""]",Certified Kubernetes Administrator,0,1,0,3,"Current role: cloud architect. Skills: git, graphql, python, scrum. Education: Bachelor's in Machine Learning. Experience: 2 years. Certifications: Certified Kubernetes Administrator."
Sneha Jones,35,Non-Binary,Master's,Computer Engineering,0,,,"[""amazon web services"", ""docker"", ""network security"", ""penetration testing"", ""tensorflow""]",Project Management Professional,1,1,0,4,"Skills: amazon web services, docker, network security, penetration testing, tensorflow. Education: Master's in Computer Engineering. Experience: 0 years. Certifications: Project Management Professional."
Harper Miller,31,Non-Binary,PhD,Machine Learning,7,data scientist,"site reliability engineer, software engineer","[""kubernetes"", ""react"", ""tensorflow"", ""terraform""]",,0,0,1,5,"Current role: data scientist. Previous roles: site reliability engineer, software engineer. Skills: kubernetes, react, tensorflow, terraform. Education: PhD in Machine Learning. Experience: 7 years."
Christopher Wilson,28,Male,Bachelor's,Information Technology,2,product manager,,"[""deep learning"", ""microservices"", ""network security"", ""node"", ""penetration testing"", ""pytorch"", ""react""]","Microsoft Azure Fundamentals, Certified Kubernetes Administrator, Scrum Master Certified",0,1,0,3,"Current role: product manager. Skills: deep learning, microservices, network security, node, penetration testing, pytorch, react. Education: Bachelor's in Information Technology. Experience: 2 years. Certifications: Microsoft Azure Fundamentals, Certified Kubernetes Administrator, Scrum Master Certified."
Sarah Taylor,29,Male,Bachelor's,Computer Science,0,,,"[""amazon web services"", ""azure"", ""cybersecurity"", ""data analysis"", ""graphql"", ""kubernetes"", ""react"", ""terraform""]","Certified Kubernetes Administrator, Cisco Certified Network Associate",1,1,0,3,"Skills: amazon web services, azure, cybersecurity, data analysis, graphql, kubernetes, react, terraform. Education: Bachelor's in Computer Science. Experience: 0 years. Certifications: Certified Kubernetes Administrator, Cisco Certified Network Associate."
Meera Pillai,28,Male,Bachelor's,Information Systems,4,software developer,,"[""cybersecurity"", ""data analysis"", ""kafka"", ""penetration testing"", ""python""]","CompTIA Security+, Certified Kubernetes Administrator, Oracle Certified Professional",0,1,0,3,"Current role: software developer. Skills: cybersecurity, data analysis, kafka, penetration testing, python. Education: Bachelor's in Information Systems. Experience: 4 years. Certifications: CompTIA Security+, Certified Kubernetes Administrator, Oracle Certified Professional."
Abhinav Singh,36,Non-Binary,Master's,Computer Science,4,site reliability engineer,software developer,"[""mongodb"", ""natural language processing"", ""network security"", ""penetration testing"", ""python"", ""rest apis"", ""solidity"", ""sql""]","Certified Kubernetes Administrator, Microsoft Azure Fundamentals, Certified Information Systems Security Professional",0,1,1,4,"Current role: site reliability engineer. Previous roles: software developer. Skills: mongodb, natural language processing, network security, penetration testing, python, rest apis, solidity, sql. Education: Master's in Computer Science. Experience: 4 years. Certifications: Certified Kubernetes Administrator, Microsoft Azure Fundamentals, Certified Information Systems Security Professional."
Aryan Verma,35,Female,Master's,Robotics,0,,,"[""ci/cd"", ""cybersecurity"", ""microservices"", ""node"", ""python""]","Google Data Analytics Professional, AWS Certified Solutions Architect",1,1,0,4,"Skills: ci/cd, cybersecurity, microservices, node, python. Education: Master's in Robotics. Experience: 0 years. Certifications: Google Data Analytics Professional, AWS Certified Solutions Architect."
Joshua Kumar,37,Non-Binary,Bachelor's,Computer Science,7,software developer,product manager,"[""ansible"", ""ci/cd"", ""cybersecurity"", ""javascript"", ""node"", ""spark"", ""tensorflow""]",Microsoft Azure Fundamentals,0,1,1,3,"Current role: software developer. Previous roles: product manager. Skills: ansible, ci/cd, cybersecurity, javascript, node, spark, tensorflow. Education: Bachelor's in Computer Science. Experience: 7 years. Certifications: Microsoft Azure Fundamentals."
Benjamin Davis,37,Non-Binary,Bachelor's,Computer Science,0,,,"[""amazon web services"", ""cloud computing"", ""devops"", ""network security"", ""scrum"", ""solidity""]","CompTIA Security+, Google Data Analytics Professional, Project Management Professional",1,1,0,3,"Skills: amazon web services, cloud computing, devops, network security, scrum, solidity. Education: Bachelor's in Computer Science. Experience: 0 years. Certifications: CompTIA Security+, Google Data Analytics Professional, Project Management Professional."
Evelyn Gupta,23,Female,PhD,Computer Engineering,5,cybersecurity analyst,,"[""amazon web services"", ""data analysis"", ""docker"", ""kubernetes""]","Microsoft Azure Fundamentals, Certified Kubernetes Administrator, Google Data Analytics Professional",0,1,0,5,"Current role: cybersecurity analyst. Skills: amazon web services, data analysis, docker, kubernetes. Education: PhD in Computer Engineering. Experience: 5 years. Certifications: Microsoft Azure Fundamentals, Certified Kubernetes Administrator, Google Data Analytics Professional."
Benjamin Martin,35,Non-Binary,Master's,Computer Engineering,3,software engineer,,"[""agile"", ""deep learning"", ""devops"", ""java""]","Scrum Master Certified, Certified Information Systems Security Professional, Project Management Professional",0,1,0,4,"Current role: software engineer. Skills: agile, deep learning, devops, java. Education: Master's in Computer Engineering. Experience: 3 years. Certifications: Scrum Master Certified, Certified Information Systems Security Professional, Project Management Professional."
Emma Miller,28,Female,Bachelor's,Computer Engineering,0,,,"[""cybersecurity"", ""kubernetes"", ""scrum"", ""statistics"", ""terraform""]","Microsoft Azure Fundamentals, Oracle Certified Professional",1,1,0,3,"Skills: cybersecurity, kubernetes, scrum, statistics, terraform. Education: Bachelor's in Computer Engineering. Experience: 0 years. Certifications: Microsoft Azure Fundamentals, Oracle Certified Professional."
Meera Bansal,35,Female,Bachelor's,Data Science,6,machine learning engineer,"prompt engineer, ai engineer","[""ci/cd"", ""docker"", ""linux"", ""scrum""]","Google Data Analytics Professional, Microsoft Azure Fundamentals, Oracle Certified Professional",0,1,1,3,"Current role: machine learning engineer. Previous roles: prompt engineer, ai engineer. Skills: ci/cd, docker, linux, scrum. Education: Bachelor's in Data Science. Experience: 6 years. Certifications: Google Data Analytics Professional, Microsoft Azure Fundamentals, Oracle Certified Professional."
Kavya Nair,31,Non-Binary,Master's,Machine Learning,1,ui/ux designer,,"[""agile"", ""amazon web services"", ""azure"", ""docker"", ""javascript"", ""jenkins"", ""penetration testing"", ""solidity""]",,0,0,0,4,"Current role: ui/ux designer. Skills: agile, amazon web services, azure, docker, javascript, jenkins, penetration testing, solidity. Education: Master's in Machine Learning. Experience: 1 years."
Aditi Subramanian,41,Male,Master's,Data Science,0,,,"[""cloud computing"", ""java"", ""solidity"", ""sql"", ""terraform""]","Certified Kubernetes Administrator, TensorFlow Developer Certificate, Certified Information Systems Security Professional",1,1,0,4,"Skills: cloud computing, java, solidity, sql, terraform. Education: Master's in Data Science. Experience: 0 years. Certifications: Certified Kubernetes Administrator, TensorFlow Developer Certificate, Certified Information Systems Security Professional."
Matthew Jackson,32,Female,Bachelor's,Computer Engineering,3,big data engineer,,"[""ansible"", ""git"", ""kafka"", ""machine learning"", ""solidity"", ""sql""]","Oracle Certified Professional, TensorFlow Developer Certificate, Cisco Certified Network Associate",0,1,0,3,"Current role: big data engineer. Skills: ansible, git, kafka, machine learning, solidity, sql. Education: Bachelor's in Computer Engineering. Experience: 3 years. Certifications: Oracle Certified Professional, TensorFlow Developer Certificate, Cisco Certified Network Associate."
Noah Martinez,36,Non-Binary,Certificate,Information Technology,3,software developer,,"[""cybersecurity"", ""data analysis"", ""graphql"", ""jenkins"", ""python"", ""sql"", ""tensorflow""]",Certified Kubernetes Administrator,0,1,0,0,"Current role: software developer. Skills: cybersecurity, data analysis, graphql, jenkins, python, sql, tensorflow. Education: Certificate in Information Technology. Experience: 3 years. Certifications: Certified Kubernetes Administrator."
Rahul Pillai,44,Female,Bachelor's,Computer Science,7,cybersecurity analyst,"software developer, ai ethics officer","[""amazon web services"", ""git"", ""graphql"", ""penetration testing"", ""statistics"", ""tensorflow""]","CompTIA Security+, Project Management Professional, Certified Kubernetes Administrator",0,1,1,3,"Current role: cybersecurity analyst. Previous roles: software developer, ai ethics officer. Skills: amazon web services, git, graphql, penetration testing, statistics, tensorflow. Education: Bachelor's in Computer Science. Experience: 7 years. Certifications: CompTIA Security+, Project Management Professional, Certified Kubernetes Administrator."
Harper Miller,41,Non-Binary,Master's,Robotics,2,cloud engineer,,"[""cloud computing"", ""computer vision"", ""java"", ""jenkins"", ""kubernetes"", ""react""]",Certified Information Systems Security Professional,0,1,0,4,"Current role: cloud engineer. Skills: cloud computing, computer vision, java, jenkins, kubernetes, react. Education: Master's in Robotics. Experience: 2 years. Certifications: Certified Information Systems Security Professional."
Benjamin Kumar,30,Female,Master's,Information Technology,0,,,"[""kubernetes"", ""mongodb"", ""spark"", ""tensorflow"", ""terraform""]","Certified Information Systems Security Professional, Project Management Professional",1,1,0,4,"Skills: kubernetes, mongodb, spark, tensorflow, terraform. Education: Master's in Information Technology. Experience: 0 years. Certifications: Certified Information Systems Security Professional, Project Management Professional."
Ananya Menon,39,Female,PhD,Computer Science,0,,,"[""agile"", ""ci/cd"", ""graphql"", ""kubernetes"", ""machine learning"", ""mongodb"", ""network security"", ""statistics""]",Google Data Analytics Professional,1,1,0,5,"Skills: agile, ci/cd, graphql, kubernetes, machine learning, mongodb, network security, statistics. Education: PhD in Computer Science. Experience: 0 years. Certifications: Google Data Analytics Professional."
Arjun Verma,36,Female,Bachelor's,Cybersecurity,3,machine learning engineer,,"[""agile"", ""amazon web services"", ""devops"", ""git"", ""java"", ""spark"", ""tensorflow""]",Microsoft Azure Fundamentals,0,1,0,3,"Current role: machine learning engineer. Skills: agile, amazon web services, devops, git, java, spark, tensorflow. Education: Bachelor's in Cybersecurity. Experience: 3 years. Certifications: Microsoft Azure Fundamentals."
Ashley Wu,24,Male,High School,Machine Learning,0,,,"[""cloud computing"", ""javascript"", ""mongodb"", ""pytorch""]",,1,0,0,1,"Skills: cloud computing, javascript, mongodb, pytorch. Education: High School in Machine Learning. Experience: 0 years."
Mason Park,21,Male,Master's,Electrical Engineering,0,,,"[""data analysis"", ""docker"", ""java"", ""jenkins"", ""pytorch"", ""scrum"", ""sql"", ""tensorflow""]","Microsoft Azure Fundamentals, Google Data Analytics Professional",1,1,0,4,"Skills: data analysis, docker, java, jenkins, pytorch, scrum, sql, tensorflow. Education: Master's in Electrical Engineering. Experience: 0 years. Certifications: Microsoft Azure Fundamentals, Google Data Analytics Professional."
Samantha Sharma,37,Male,Master's,Computer Engineering,1,devops engineer,,"[""ci/cd"", ""cloud computing"", ""machine learning"", ""mongodb"", ""penetration testing"", ""python"", ""solidity"", ""tensorflow""]",,0,0,0,4,"Current role: devops engineer. Skills: ci/cd, cloud computing, machine learning, mongodb, penetration testing, python, solidity, tensorflow. Education: Master's in Computer Engineering. Experience: 1 years."
Ankit White,24,Non-Binary,Bachelor's,Cybersecurity,0,,,"[""amazon web services"", ""ansible"", ""javascript"", ""linux"", ""network security"", ""sql""]","Cisco Certified Network Associate, TensorFlow Developer Certificate, Scrum Master Certified",1,1,0,3,"Skills: amazon web services, ansible, javascript, linux, network security, sql. Education: Bachelor's in Cybersecurity. Experience: 0 years. Certifications: Cisco Certified Network Associate, TensorFlow Developer Certificate, Scrum Master Certified."
Sophia Pillai,34,Female,Certificate,Artificial Intelligence,0,,,"[""ci/cd"", ""penetration testing"", ""python"", ""tensorflow""]","Project Management Professional, Google Cloud Professional, Certified Ethical Hacker",1,1,0,0,"Skills: ci/cd, penetration testing, python, tensorflow. Education: Certificate in Artificial Intelligence. Experience: 0 years. Certifications: Project Management Professional, Google Cloud Professional, Certified Ethical Hacker."
Arya Moore,33,Non-Binary,Master's,Information Technology,1,devops engineer,,"[""agile"", ""ci/cd"", ""pytorch"", ""spark""]","Google Cloud Professional, Certified Kubernetes Administrator, Certified Ethical Hacker",0,1,0,4,"Current role: devops engineer. Skills: agile, ci/cd, pytorch, spark. Education: Master's in Information Technology. Experience: 1 years. Certifications: Google Cloud Professional, Certified Kubernetes Administrator, Certified Ethical Hacker."
Diya Moore,36,Non-Binary,Bachelor's,Machine Learning,7,cloud engineer,full-stack developer,"[""azure"", ""computer vision"", ""deep learning"", ""network security""]",,0,0,1,3,"Current role: cloud engineer. Previous roles: full-stack developer. Skills: azure, computer vision, deep learning, network security. Education: Bachelor's in Machine Learning. Experience: 7 years."
Christopher Wilson,25,Female,Master's,Information Technology,0,,,"[""cloud computing"", ""computer vision"", ""cybersecurity"", ""network security"", ""pytorch"", ""spark"", ""statistics"", ""terraform""]","Oracle Certified Professional, Google Data Analytics Professional",1,1,0,4,"Skills: cloud computing, computer vision, cybersecurity, network security, pytorch, spark, statistics, terraform. Education: Master's in Information Technology. Experience: 0 years. Certifications: Oracle Certified Professional, Google Data Analytics Professional."
Ethan Wilson,33,Female,Master's,Computer Science,0,,,"[""azure"", ""blockchain"", ""git"", ""jenkins"", ""kubernetes"", ""microservices"", ""network security"", ""spark""]",,1,0,0,4,"Skills: azure, blockchain, git, jenkins, kubernetes, microservices, network security, spark. Education: Master's in Computer Science. Experience: 0 years."
Meera Reddy,36,Non-Binary,PhD,Information Systems,5,data scientist,"prompt engineer, full-stack developer","[""computer vision"", ""linux"", ""microservices"", ""network security"", ""react"", ""scrum"", ""statistics""]",,0,0,1,5,"Current role: data scientist. Previous roles: prompt engineer, full-stack developer. Skills: computer vision, linux, microservices, network security, react, scrum, statistics. Education: PhD in Information Systems. Experience: 5 years."
Harper Taylor,32,Female,Bachelor's,Electronics Engineering,0,,,"[""git"", ""kafka"", ""natural language processing"", ""node"", ""sql""]","Google Cloud Professional, Certified Information Systems Security Professional",1,1,0,3,"Skills: git, kafka, natural language processing, node, sql. Education: Bachelor's in Electronics Engineering. Experience: 0 years. Certifications: Google Cloud Professional, Certified Information Systems Security Professional."
Jessica Jackson,39,Non-Binary,PhD,Computer Engineering,5,software engineer,cybersecurity engineer,"[""ansible"", ""java"", ""jenkins"", ""kafka"", ""linux"", ""microservices"", ""mongodb""]","Google Cloud Professional, CompTIA Security+, Project Management Professional",0,1,1,5,"Current role: software engineer. Previous roles: cybersecurity engineer. Skills: ansible, java, jenkins, kafka, linux, microservices, mongodb. Education: PhD in Computer Engineering. Experience: 5 years. Certifications: Google Cloud Professional, CompTIA Security+, Project Management Professional."
Kavya Brown,30,Female,High School,Electrical Engineering,0,,,"[""agile"", ""data analysis"", ""kafka"", ""mongodb"", ""sql""]",,1,0,0,1,"Skills: agile, data analysis, kafka, mongodb, sql. Education: High School in Electrical Engineering. Experience: 0 years."
Mason Nair,30,Female,Master's,Cybersecurity,0,,,"[""cloud computing"", ""computer vision"", ""cybersecurity"", ""java"", ""rest apis"", ""tensorflow"", ""terraform""]","Certified Kubernetes Administrator, Project Management Professional, TensorFlow Developer Certificate",1,1,0,4,"Skills: cloud computing, computer vision, cybersecurity, java, rest apis, tensorflow, terraform. Education: Master's in Cybersecurity. Experience: 0 years. Certifications: Certified Kubernetes Administrator, Project Management Professional, TensorFlow Developer Certificate."
Olivia Thomas,35,Male,Bachelor's,Robotics,1,backend developer,,"[""blockchain"", ""graphql"", ""kafka"", ""linux"", ""machine learning"", ""node""]","Cisco Certified Network Associate, Project Management Professional",0,1,0,3,"Current role: backend developer. Skills: blockchain, graphql, kafka, linux, machine learning, node. Education: Bachelor's in Robotics. Experience: 1 years. Certifications: Cisco Certified Network Associate, Project Management Professional."
Arya Williams,21,Male,Master's,Computer Engineering,0,,,"[""ansible"", ""blockchain"", ""data analysis"", ""javascript"", ""kafka"", ""kubernetes"", ""pytorch""]",AWS Certified Solutions Architect,1,1,0,4,"Skills: ansible, blockchain, data analysis, javascript, kafka, kubernetes, pytorch. Education: Master's in Computer Engineering. Experience: 0 years. Certifications: AWS Certified Solutions Architect."
Rahul Verma,22,Male,Bachelor's,Computer Engineering,1,cybersecurity analyst,,"[""amazon web services"", ""azure"", ""ci/cd"", ""cloud computing"", ""natural language processing"", ""rest apis"", ""sql""]",,0,0,0,3,"Current role: cybersecurity analyst. Skills: amazon web services, azure, ci/cd, cloud computing, natural language processing, rest apis, sql. Education: Bachelor's in Computer Engineering. Experience: 1 years."
Emily Srinivasan,44,Female,PhD,Robotics,6,product manager,blockchain engineer,"[""data analysis"", ""docker"", ""machine learning"", ""mongodb"", ""solidity"", ""spark"", ""tensorflow""]","Cisco Certified Network Associate, Scrum Master Certified, AWS Certified Solutions Architect",0,1,1,5,"Current role: product manager. Previous roles: blockchain engineer. Skills: data analysis, docker, machine learning, mongodb, solidity, spark, tensorflow. Education: PhD in Robotics. Experience: 6 years. Certifications: Cisco Certified Network Associate, Scrum Master Certified, AWS Certified Solutions Architect."
Charlotte Reddy,43,Female,PhD,Computer Science,6,ui/ux designer,devops engineer,"[""amazon web services"", ""ci/cd"", ""computer vision"", ""git"", ""javascript"", ""microservices"", ""natural language processing"", ""react""]",TensorFlow Developer Certificate,0,1,1,5,"Current role: ui/ux designer. Previous roles: devops engineer. Skills: amazon web services, ci/cd, computer vision, git, javascript, microservices, natural language processing, react. Education: PhD in Computer Science. Experience: 6 years. Certifications: TensorFlow Developer Certificate."
Sarah Wilson,45,Non-Binary,Bachelor's,Computer Science,5,prompt engineer,frontend developer,"[""agile"", ""graphql"", ""network security"", ""penetration testing""]","Google Cloud Professional, Microsoft Azure Fundamentals, Cisco Certified Network Associate",0,1,1,3,"Current role: prompt engineer. Previous roles: frontend developer. Skills: agile, graphql, network security, penetration testing. Education: Bachelor's in Computer Science. Experience: 5 years. Certifications: Google Cloud Professional, Microsoft Azure Fundamentals, Cisco Certified Network Associate."
Samantha Kumar,41,Non-Binary,Bachelor's,Machine Learning,2,backend developer,,"[""git"", ""linux"", ""python"", ""pytorch"", ""rest apis""]",,0,0,0,3,"Current role: backend developer. Skills: git, linux, python, pytorch, rest apis. Education: Bachelor's in Machine Learning. Experience: 2 years."
James Thompson,36,Non-Binary,Bachelor's,Software Engineering,2,backend developer,,"[""ci/cd"", ""graphql"", ""linux"", ""pytorch"", ""rest apis"", ""sql"", ""statistics"", ""tensorflow""]","Scrum Master Certified, Certified Kubernetes Administrator, AWS Certified Solutions Architect",0,1,0,3,"Current role: backend developer. Skills: ci/cd, graphql, linux, pytorch, rest apis, sql, statistics, tensorflow. Education: Bachelor's in Software Engineering. Experience: 2 years. Certifications: Scrum Master Certified, Certified Kubernetes Administrator, AWS Certified Solutions Architect."
Evelyn Williams,29,Non-Binary,PhD,Computer Science,4,full-stack developer,,"[""amazon web services"", ""blockchain"", ""ci/cd"", ""computer vision"", ""docker"", ""kubernetes"", ""python"", ""sql""]","Oracle Certified Professional, TensorFlow Developer Certificate, Project Management Professional",0,1,0,5,"Current role: full-stack developer. Skills: amazon web services, blockchain, ci/cd, computer vision, docker, kubernetes, python, sql. Education: PhD in Computer Science. Experience: 4 years. Certifications: Oracle Certified Professional, TensorFlow Developer Certificate, Project Management Professional."
Harper Brown,40,Male,Certificate,Computer Engineering,7,backend developer,"machine learning engineer, prompt engineer, frontend developer","[""docker"", ""graphql"", ""java"", ""statistics"", ""tensorflow""]","Certified Kubernetes Administrator, Scrum Master Certified",0,1,1,0,"Current role: backend developer. Previous roles: machine learning engineer, prompt engineer, frontend developer. Skills: docker, graphql, java, statistics, tensorflow. Education: Certificate in Computer Engineering. Experience: 7 years. Certifications: Certified Kubernetes Administrator, Scrum Master Certified."
Christopher Brown,43,Female,Master's,Robotics,9,cloud architect,"backend developer, big data engineer, machine learning engineer","[""agile"", ""ansible"", ""jenkins"", ""mongodb"", ""node"", ""react""]",TensorFlow Developer Certificate,0,1,1,4,"Current role: cloud architect. Previous roles: backend developer, big data engineer, machine learning engineer. Skills: agile, ansible, jenkins, mongodb, node, react. Education: Master's in Robotics. Experience: 9 years. Certifications: TensorFlow Developer Certificate."
Abhinav Srinivasan,26,Female,Bachelor's,Machine Learning,7,blockchain engineer,"site reliability engineer, ui/ux designer","[""azure"", ""blockchain"", ""computer vision"", ""devops"", ""docker"", ""linux"", ""sql""]",,0,0,1,3,"Current role: blockchain engineer. Previous roles: site reliability engineer, ui/ux designer. Skills: azure, blockchain, computer vision, devops, docker, linux, sql. Education: Bachelor's in Machine Learning. Experience: 7 years."
Karan Wu,29,Non-Binary,Bachelor's,Software Engineering,3,prompt engineer,data scientist,"[""ansible"", ""docker"", ""kafka"", ""pytorch"", ""react"", ""solidity"", ""spark""]",Microsoft Azure Fundamentals,0,1,1,3,"Current role: prompt engineer. Previous roles: data scientist. Skills: ansible, docker, kafka, pytorch, react, solidity, spark. Education: Bachelor's in Software Engineering. Experience: 3 years. Certifications: Microsoft Azure Fundamentals."
Benjamin Liu,38,Female,Master's,Information Technology,0,,,"[""machine learning"", ""scrum"", ""sql"", ""statistics""]",Microsoft Azure Fundamentals,1,1,0,4,"Skills: machine learning, scrum, sql, statistics. Education: Master's in Information Technology. Experience: 0 years. Certifications: Microsoft Azure Fundamentals."
Aadhya Iyer,45,Non-Binary,Bachelor's,Information Technology,0,,,"[""agile"", ""amazon web services"", ""ci/cd"", ""java"", ""mongodb"", ""rest apis"", ""statistics""]",,1,0,0,3,"Skills: agile, amazon web services, ci/cd, java, mongodb, rest apis, statistics. Education: Bachelor's in Information Technology. Experience: 0 years."
Matthew Park,36,Female,Master's,Computer Engineering,5,cloud architect,"full-stack developer, cybersecurity analyst","[""agile"", ""javascript"", ""linux"", ""solidity""]",Certified Kubernetes Administrator,0,1,1,4,"Current role: cloud architect. Previous roles: full-stack developer, cybersecurity analyst. Skills: agile, javascript, linux, solidity. Education: Master's in Computer Engineering. Experience: 5 years. Certifications: Certified Kubernetes Administrator."
Ava Johnson,28,Female,Bachelor's,Data Science,2,devops engineer,,"[""amazon web services"", ""blockchain"", ""docker"", ""git"", ""network security"", ""rest apis"", ""statistics""]","Project Management Professional, Scrum Master Certified",0,1,0,3,"Current role: devops engineer. Skills: amazon web services, blockchain, docker, git, network security, rest apis, statistics. Education: Bachelor's in Data Science. Experience: 2 years. Certifications: Project Management Professional, Scrum Master Certified."
Ethan Hernandez,36,Female,Master's,Artificial Intelligence,0,,,"[""blockchain"", ""ci/cd"", ""cloud computing"", ""javascript"", ""jenkins"", ""sql"", ""tensorflow""]","TensorFlow Developer Certificate, Project Management Professional",1,1,0,4,"Skills: blockchain, ci/cd, cloud computing, javascript, jenkins, sql, tensorflow. Education: Master's in Artificial Intelligence. Experience: 0 years. Certifications: TensorFlow Developer Certificate, Project Management Professional."
Evelyn Jackson,23,Female,Bachelor's,Software Engineering,0,,,"[""blockchain"", ""devops"", ""natural language processing"", ""node"", ""react"", ""statistics""]",,1,0,0,3,"Skills: blockchain, devops, natural language processing, node, react, statistics. Education: Bachelor's in Software Engineering. Experience: 0 years."
Jessica Zhang,39,Female,Bachelor's,Electrical Engineering,0,,,"[""amazon web services"", ""ansible"", ""cybersecurity"", ""java"", ""javascript"", ""rest apis"", ""sql"", ""tensorflow""]","CompTIA Security+, Cisco Certified Network Associate, Certified Information Systems Security Professional",1,1,0,3,"Skills: amazon web services, ansible, cybersecurity, java, javascript, rest apis, sql, tensorflow. Education: Bachelor's in Electrical Engineering. Experience: 0 years. Certifications: CompTIA Security+, Cisco Certified Network Associate, Certified Information Systems Security Professional."
Emily Johnson,27,Male,Bachelor's,Electrical Engineering,3,blockchain engineer,frontend developer,"[""blockchain"", ""java"", ""python"", ""terraform""]","Google Cloud Professional, AWS Certified Solutions Architect, Microsoft Azure Fundamentals",0,1,1,3,"Current role: blockchain engineer. Previous roles: frontend developer. Skills: blockchain, java, python, terraform. Education: Bachelor's in Electrical Engineering. Experience: 3 years. Certifications: Google Cloud Professional, AWS Certified Solutions Architect, Microsoft Azure Fundamentals."
Ashley Chen,33,Female,Bachelor's,Software Engineering,4,ai engineer,mobile applications developer,"[""amazon web services"", ""java"", ""machine learning"", ""penetration testing"", ""pytorch""]",Project Management Professional,0,1,1,3,"Current role: ai engineer. Previous roles: mobile applications developer. Skills: amazon web services, java, machine learning, penetration testing, pytorch. Education: Bachelor's in Software Engineering. Experience: 4 years. Certifications: Project Management Professional."
Priya Jackson,21,Male,Bachelor's,Software Engineering,0,,,"[""java"", ""natural language processing"", ""network security"", ""penetration testing"", ""pytorch"", ""solidity"", ""statistics""]","AWS Certified Solutions Architect, Certified Information Systems Security Professional, Oracle Certified Professional",1,1,0,3,"Skills: java, natural language processing, network security, penetration testing, pytorch, solidity, statistics. Education: Bachelor's in Software Engineering. Experience: 0 years. Certifications: AWS Certified Solutions Architect, Certified Information Systems Security Professional, Oracle Certified Professional."
Michael Rao,44,Non-Binary,Master's,Information Systems,0,,,"[""cloud computing"", ""kafka"", ""network security"", ""rest apis""]","Certified Kubernetes Administrator, CompTIA Security+, AWS Certified Solutions Architect",1,1,0,4,"Skills: cloud computing, kafka, network security, rest apis. Education: Master's in Information Systems. Experience: 0 years. Certifications: Certified Kubernetes Administrator, CompTIA Security+, AWS Certified Solutions Architect."
David Martin,36,Male,Master's,Electronics Engineering,1,big data engineer,,"[""blockchain"", ""java"", ""kubernetes"", ""penetration testing"", ""pytorch"", ""scrum"", ""statistics""]","Certified Kubernetes Administrator, Google Data Analytics Professional, Oracle Certified Professional",0,1,0,4,"Current role: big data engineer. Skills: blockchain, java, kubernetes, penetration testing, pytorch, scrum, statistics. Education: Master's in Electronics Engineering. Experience: 1 years. Certifications: Certified Kubernetes Administrator, Google Data Analytics Professional, Oracle Certified Professional."
Amanda Liu,33,Female,PhD,Electronics Engineering,7,cybersecurity engineer,quantum computing specialist,"[""kubernetes"", ""machine learning"", ""penetration testing"", ""spark"", ""sql"", ""statistics""]",Microsoft Azure Fundamentals,0,1,1,5,"Current role: cybersecurity engineer. Previous roles: quantum computing specialist. Skills: kubernetes, machine learning, penetration testing, spark, sql, statistics. Education: PhD in Electronics Engineering. Experience: 7 years. Certifications: Microsoft Azure Fundamentals."
Aarav Taylor,29,Female,Master's,Software Engineering,6,mlops specialist,,"[""agile"", ""amazon web services"", ""blockchain"", ""node""]",Google Cloud Professional,0,1,0,4,"Current role: mlops specialist. Skills: agile, amazon web services, blockchain, node. Education: Master's in Software Engineering. Experience: 6 years. Certifications: Google Cloud Professional."
Lucas Mittal,43,Non-Binary,Master's,Information Technology,0,,,"[""amazon web services"", ""cybersecurity"", ""mongodb"", ""solidity""]",,1,0,0,4,"Skills: amazon web services, cybersecurity, mongodb, solidity. Education: Master's in Information Technology. Experience: 0 years."
Ankit Brown,32,Male,Master's,Robotics,1,mobile applications developer,,"[""agile"", ""amazon web services"", ""azure"", ""ci/cd"", ""docker"", ""mongodb"", ""network security"", ""pytorch""]","Certified Ethical Hacker, AWS Certified Solutions Architect, Certified Kubernetes Administrator",0,1,0,4,"Current role: mobile applications developer. Skills: agile, amazon web services, azure, ci/cd, docker, mongodb, network security, pytorch. Education: Master's in Robotics. Experience: 1 years. Certifications: Certified Ethical Hacker, AWS Certified Solutions Architect, Certified Kubernetes Administrator."
Matthew Wu,34,Female,Master's,Data Science,0,,,"[""azure"", ""blockchain"", ""ci/cd"", ""cybersecurity"", ""deep learning"", ""graphql"", ""spark"", ""terraform""]",,1,0,0,4,"Skills: azure, blockchain, ci/cd, cybersecurity, deep learning, graphql, spark, terraform. Education: Master's in Data Science. Experience: 0 years."
James Moore,45,Male,Bachelor's,Artificial Intelligence,0,,,"[""devops"", ""graphql"", ""jenkins"", ""react"", ""statistics""]","Project Management Professional, CompTIA Security+, Google Data Analytics Professional",1,1,0,3,"Skills: devops, graphql, jenkins, react, statistics. Education: Bachelor's in Artificial Intelligence. Experience: 0 years. Certifications: Project Management Professional, CompTIA Security+, Google Data Analytics Professional."
Vikram Venkatesh,25,Non-Binary,Bachelor's,Electronics Engineering,0,,,"[""agile"", ""git"", ""javascript"", ""pytorch"", ""rest apis"", ""scrum"", ""solidity"", ""sql""]","CompTIA Security+, Oracle Certified Professional, Microsoft Azure Fundamentals",1,1,0,3,"Skills: agile, git, javascript, pytorch, rest apis, scrum, solidity, sql. Education: Bachelor's in Electronics Engineering. Experience: 0 years. Certifications: CompTIA Security+, Oracle Certified Professional, Microsoft Azure Fundamentals."
Mason Iyer,31,Non-Binary,Bachelor's,Computer Science,0,,,"[""amazon web services"", ""blockchain"", ""ci/cd"", ""cloud computing"", ""computer vision"", ""git"", ""natural language processing"", ""react""]","Project Management Professional, Google Data Analytics Professional",1,1,0,3,"Skills: amazon web services, blockchain, ci/cd, cloud computing, computer vision, git, natural language processing, react. Education: Bachelor's in Computer Science. Experience: 0 years. Certifications: Project Management Professional, Google Data Analytics Professional."
Ankit Thompson,30,Non-Binary,Master's,Machine Learning,1,prompt engineer,,"[""deep learning"", ""jenkins"", ""kafka"", ""spark"", ""terraform""]","Cisco Certified Network Associate, Oracle Certified Professional",0,1,0,4,"Current role: prompt engineer. Skills: deep learning, jenkins, kafka, spark, terraform. Education: Master's in Machine Learning. Experience: 1 years. Certifications: Cisco Certified Network Associate, Oracle Certified Professional."
Aryan Williams,45,Female,Master's,Software Engineering,1,software developer,,"[""azure"", ""blockchain"", ""graphql"", ""kafka"", ""penetration testing"", ""react"", ""sql""]",TensorFlow Developer Certificate,0,1,0,4,"Current role: software developer. Skills: azure, blockchain, graphql, kafka, penetration testing, react, sql. Education: Master's in Software Engineering. Experience: 1 years. Certifications: TensorFlow Developer Certificate."
Sarah Jackson,35,Non-Binary,PhD,Machine Learning,0,,,"[""azure"", ""cloud computing"", ""cybersecurity"", ""docker"", ""network security""]",CompTIA Security+,1,1,0,5,"Skills: azure, cloud computing, cybersecurity, docker, network security. Education: PhD in Machine Learning. Experience: 0 years. Certifications: CompTIA Security+."
Emma Pillai,32,Male,Master's,Artificial Intelligence,0,,,"[""ci/cd"", ""javascript"", ""jenkins"", ""statistics""]",Google Cloud Professional,1,1,0,4,"Skills: ci/cd, javascript, jenkins, statistics. Education: Master's in Artificial Intelligence. Experience: 0 years. Certifications: Google Cloud Professional."
Arya Srinivasan,34,Male,PhD,Computer Engineering,1,ai ethics officer,,"[""amazon web services"", ""ansible"", ""network security"", ""python"", ""tensorflow""]","Google Cloud Professional, AWS Certified Solutions Architect",0,1,0,5,"Current role: ai ethics officer. Skills: amazon web services, ansible, network security, python, tensorflow. Education: PhD in Computer Engineering. Experience: 1 years. Certifications: Google Cloud Professional, AWS Certified Solutions Architect."
Diya Bansal,45,Male,Master's,Machine Learning,6,mobile applications developer,,"[""deep learning"", ""docker"", ""graphql"", ""linux"", ""microservices"", ""rest apis"", ""sql""]","Google Data Analytics Professional, AWS Certified Solutions Architect",0,1,0,4,"Current role: mobile applications developer. Skills: deep learning, docker, graphql, linux, microservices, rest apis, sql. Education: Master's in Machine Learning. Experience: 6 years. Certifications: Google Data Analytics Professional, AWS Certified Solutions Architect."
Sarah Zhou,43,Female,Master's,Information Technology,3,cybersecurity engineer,cybersecurity analyst,"[""devops"", ""java"", ""kafka"", ""penetration testing"", ""pytorch"", ""react"", ""sql"", ""terraform""]",,0,0,1,4,"Current role: cybersecurity engineer. Previous roles: cybersecurity analyst. Skills: devops, java, kafka, penetration testing, pytorch, react, sql, terraform. Education: Master's in Information Technology. Experience: 3 years."
Diya Wilson,33,Non-Binary,High School,Computer Science,4,prompt engineer,cybersecurity analyst,"[""computer vision"", ""devops"", ""graphql"", ""java"", ""linux"", ""microservices"", ""tensorflow""]",,0,0,1,1,"Current role: prompt engineer. Previous roles: cybersecurity analyst. Skills: computer vision, devops, graphql, java, linux, microservices, tensorflow. Education: High School in Computer Science. Experience: 4 years."
Mason Martin,42,Male,Bachelor's,Cybersecurity,6,data scientist,product manager,"[""git"", ""microservices"", ""mongodb"", ""react""]","Microsoft Azure Fundamentals, Certified Ethical Hacker",0,1,1,3,"Current role: data scientist. Previous roles: product manager. Skills: git, microservices, mongodb, react. Education: Bachelor's in Cybersecurity. Experience: 6 years. Certifications: Microsoft Azure Fundamentals, Certified Ethical Hacker."
Aryan Garcia,36,Non-Binary,Master's,Artificial Intelligence,2,cloud engineer,,"[""ansible"", ""cybersecurity"", ""graphql"", ""linux"", ""node"", ""react""]","AWS Certified Solutions Architect, Certified Ethical Hacker, Project Management Professional",0,1,0,4,"Current role: cloud engineer. Skills: ansible, cybersecurity, graphql, linux, node, react. Education: Master's in Artificial Intelligence. Experience: 2 years. Certifications: AWS Certified Solutions Architect, Certified Ethical Hacker, Project Management Professional."
David Bansal,30,Non-Binary,Bachelor's,Information Technology,2,cybersecurity engineer,,"[""blockchain"", ""ci/cd"", ""docker"", ""kubernetes"", ""machine learning"", ""natural language processing"", ""solidity"", ""terraform""]",,0,0,0,3,"Current role: cybersecurity engineer. Skills: blockchain, ci/cd, docker, kubernetes, machine learning, natural language processing, solidity, terraform. Education: Bachelor's in Information Technology. Experience: 2 years."
Aadhya Kumar,36,Female,Master's,Electronics Engineering,8,site reliability engineer,cloud architect,"[""cloud computing"", ""javascript"", ""kafka"", ""kubernetes"", ""machine learning"", ""statistics""]",,0,0,1,4,"Current role: site reliability engineer. Previous roles: cloud architect. Skills: cloud computing, javascript, kafka, kubernetes, machine learning, statistics. Education: Master's in Electronics Engineering. Experience: 8 years."
James Chen,31,Non-Binary,Bachelor's,Robotics,0,,,"[""agile"", ""cybersecurity"", ""jenkins"", ""linux"", ""machine learning"", ""natural language processing""]",,1,0,0,3,"Skills: agile, cybersecurity, jenkins, linux, machine learning, natural language processing. Education: Bachelor's in Robotics. Experience: 0 years."
Priya Sharma,21,Non-Binary,Bachelor's,Information Systems,2,frontend developer,,"[""java"", ""kafka"", ""node"", ""rest apis"", ""solidity"", ""sql"", ""terraform""]",,0,0,0,3,"Current role: frontend developer. Skills: java, kafka, node, rest apis, solidity, sql, terraform. Education: Bachelor's in Information Systems. Experience: 2 years."
Aadhya Jain,35,Female,PhD,Machine Learning,9,ai engineer,cybersecurity engineer,"[""data analysis"", ""java"", ""pytorch"", ""scrum"", ""sql""]","Oracle Certified Professional, CompTIA Security+",0,1,1,5,"Current role: ai engineer. Previous roles: cybersecurity engineer. Skills: data analysis, java, pytorch, scrum, sql. Education: PhD in Machine Learning. Experience: 9 years. Certifications: Oracle Certified Professional, CompTIA Security+."
Ankit Davis,39,Non-Binary,Master's,Information Systems,0,,,"[""ansible"", ""azure"", ""computer vision"", ""jenkins"", ""node"", ""spark"", ""tensorflow"", ""terraform""]",Google Data Analytics Professional,1,1,0,4,"Skills: ansible, azure, computer vision, jenkins, node, spark, tensorflow, terraform. Education: Master's in Information Systems. Experience: 0 years. Certifications: Google Data Analytics Professional."
Christopher Menon,40,Female,Master's,Machine Learning,6,ai engineer,full-stack developer,"[""amazon web services"", ""blockchain"", ""cybersecurity"", ""data analysis"", ""graphql"", ""linux"", ""react""]","Certified Information Systems Security Professional, Google Data Analytics Professional, AWS Certified Solutions Architect",0,1,1,4,"Current role: ai engineer. Previous roles: full-stack developer. Skills: amazon web services, blockchain, cybersecurity, data analysis, graphql, linux, react. Education: Master's in Machine Learning. Experience: 6 years. Certifications: Certified Information Systems Security Professional, Google Data Analytics Professional, AWS Certified Solutions Architect."
Emily Gupta,39,Male,Certificate,Data Science,0,,,"[""agile"", ""git"", ""kubernetes"", ""natural language processing"", ""node"", ""pytorch"", ""spark""]",,1,0,0,0,"Skills: agile, git, kubernetes, natural language processing, node, pytorch, spark. Education: Certificate in Data Science. Experience: 0 years."
Sarah Anderson,29,Male,Bachelor's,Data Science,0,,,"[""agile"", ""devops"", ""natural language processing"", ""node""]","Oracle Certified Professional, Google Cloud Professional, Project Management Professional",1,1,0,3,"Skills: agile, devops, natural language processing, node. Education: Bachelor's in Data Science. Experience: 0 years. Certifications: Oracle Certified Professional, Google Cloud Professional, Project Management Professional."
Abhinav Hernandez,31,Non-Binary,Bachelor's,Software Engineering,0,,,"[""blockchain"", ""devops"", ""git"", ""mongodb"", ""node"", ""react"", ""spark""]","Certified Ethical Hacker, Oracle Certified Professional",1,1,0,3,"Skills: blockchain, devops, git, mongodb, node, react, spark. Education: Bachelor's in Software Engineering. Experience: 0 years. Certifications: Certified Ethical Hacker, Oracle Certified Professional."
Jessica Venkatesh,21,Female,Bachelor's,Artificial Intelligence,0,,,"[""agile"", ""cybersecurity"", ""devops"", ""java"", ""kafka"", ""mongodb"", ""pytorch"", ""spark""]",,1,0,0,3,"Skills: agile, cybersecurity, devops, java, kafka, mongodb, pytorch, spark. Education: Bachelor's in Artificial Intelligence. Experience: 0 years."
Arjun Lee,37,Female,Bachelor's,Machine Learning,0,,,"[""azure"", ""git"", ""javascript"", ""jenkins"", ""natural language processing"", ""react"", ""tensorflow""]","Google Data Analytics Professional, Project Management Professional, Certified Information Systems Security Professional",1,1,0,3,"Skills: azure, git, javascript, jenkins, natural language processing, react, tensorflow. Education: Bachelor's in Machine Learning. Experience: 0 years. Certifications: Google Data Analytics Professional, Project Management Professional, Certified Information Systems Security Professional."
Priya Martinez,40,Female,Bachelor's,Computer Science,7,mlops specialist,"cloud architect, frontend developer, prompt engineer","[""blockchain"", ""cloud computing"", ""docker"", ""kafka"", ""natural language processing"", ""pytorch"", ""react"", ""scrum""]",Project Management Professional,0,1,1,3,"Current role: mlops specialist. Previous roles: cloud architect, frontend developer, prompt engineer. Skills: blockchain, cloud computing, docker, kafka, natural language processing, pytorch, react, scrum. Education: Bachelor's in Computer Science. Experience: 7 years. Certifications: Project Management Professional."
Meera Anderson,40,Female,Bachelor's,Software Engineering,3,cloud engineer,,"[""cybersecurity"", ""deep learning"", ""javascript"", ""jenkins"", ""network security"", ""python"", ""terraform""]",Certified Kubernetes Administrator,0,1,0,3,"Current role: cloud engineer. Skills: cybersecurity, deep learning, javascript, jenkins, network security, python, terraform. Education: Bachelor's in Software Engineering. Experience: 3 years. Certifications: Certified Kubernetes Administrator."
Charlotte Sharma,23,Female,High School,Information Technology,2,machine learning engineer,,"[""ci/cd"", ""java"", ""javascript"", ""kafka"", ""pytorch"", ""solidity""]",Cisco Certified Network Associate,0,1,0,1,"Current role: machine learning engineer. Skills: ci/cd, java, javascript, kafka, pytorch, solidity. Education: High School in Information Technology. Experience: 2 years. Certifications: Cisco Certified Network Associate."
Jackson Johnson,27,Male,Bachelor's,Computer Engineering,5,cloud engineer,"cloud architect, site reliability engineer","[""agile"", ""amazon web services"", ""azure"", ""microservices""]",Cisco Certified Network Associate,0,1,1,3,"Current role: cloud engineer. Previous roles: cloud architect, site reliability engineer. Skills: agile, amazon web services, azure, microservices. Education: Bachelor's in Computer Engineering. Experience: 5 years. Certifications: Cisco Certified Network Associate."
Aisha Jain,25,Male,Master's,Data Science,7,quantum computing specialist,,"[""blockchain"", ""ci/cd"", ""javascript"", ""linux"", ""natural language processing"", ""pytorch"", ""statistics""]",Certified Information Systems Security Professional,0,1,0,4,"Current role: quantum computing specialist. Skills: blockchain, ci/cd, javascript, linux, natural language processing, pytorch, statistics. Education: Master's in Data Science. Experience: 7 years. Certifications: Certified Information Systems Security Professional."
Jessica Venkatesh,23,Male,Master's,Electronics Engineering,3,mlops specialist,,"[""ci/cd"", ""cybersecurity"", ""devops"", ""linux"", ""network security"", ""tensorflow""]","CompTIA Security+, TensorFlow Developer Certificate, Oracle Certified Professional",0,1,0,4,"Current role: mlops specialist. Skills: ci/cd, cybersecurity, devops, linux, network security, tensorflow. Education: Master's in Electronics Engineering. Experience: 3 years. Certifications: CompTIA Security+, TensorFlow Developer Certificate, Oracle Certified Professional."
Noah Martinez,34,Female,Master's,Cybersecurity,3,blockchain engineer,prompt engineer,"[""azure"", ""deep learning"", ""devops"", ""scrum"", ""solidity"", ""spark"", ""sql"", ""statistics""]",,0,0,1,4,"Current role: blockchain engineer. Previous roles: prompt engineer. Skills: azure, deep learning, devops, scrum, solidity, spark, sql, statistics. Education: Master's in Cybersecurity. Experience: 3 years."
Alexander Verma,26,Female,Bachelor's,Electronics Engineering,8,cybersecurity analyst,backend developer,"[""cloud computing"", ""jenkins"", ""spark"", ""sql"", ""statistics"", ""terraform""]","Certified Kubernetes Administrator, Google Cloud Professional",0,1,1,3,"Current role: cybersecurity analyst. Previous roles: backend developer. Skills: cloud computing, jenkins, spark, sql, statistics, terraform. Education: Bachelor's in Electronics Engineering. Experience: 8 years. Certifications: Certified Kubernetes Administrator, Google Cloud Professional."
Ava Martinez,44,Non-Binary,PhD,Data Science,1,frontend developer,,"[""azure"", ""computer vision"", ""git"", ""python"", ""rest apis"", ""scrum"", ""statistics"", ""terraform""]","Scrum Master Certified, Project Management Professional, AWS Certified Solutions Architect",0,1,0,5,"Current role: frontend developer. Skills: azure, computer vision, git, python, rest apis, scrum, statistics, terraform. Education: PhD in Data Science. Experience: 1 years. Certifications: Scrum Master Certified, Project Management Professional, AWS Certified Solutions Architect."
Aryan Pillai,45,Female,Master's,Machine Learning,0,,,"[""blockchain"", ""graphql"", ""linux"", ""pytorch""]",TensorFlow Developer Certificate,1,1,0,4,"Skills: blockchain, graphql, linux, pytorch. Education: Master's in Machine Learning. Experience: 0 years. Certifications: TensorFlow Developer Certificate."
Mason Yang,21,Female,PhD,Cybersecurity,5,prompt engineer,"cloud architect, software developer","[""blockchain"", ""git"", ""graphql"", ""rest apis"", ""terraform""]","Scrum Master Certified, AWS Certified Solutions Architect",0,1,1,5,"Current role: prompt engineer. Previous roles: cloud architect, software developer. Skills: blockchain, git, graphql, rest apis, terraform. Education: PhD in Cybersecurity. Experience: 5 years. Certifications: Scrum Master Certified, AWS Certified Solutions Architect."
Alexander Brown,33,Male,Master's,Data Science,9,ai ethics officer,software engineer,"[""agile"", ""git"", ""jenkins"", ""solidity""]",,0,0,1,4,"Current role: ai ethics officer. Previous roles: software engineer. Skills: agile, git, jenkins, solidity. Education: Master's in Data Science. Experience: 9 years."
Alexander Rodriguez,27,Male,Bachelor's,Information Systems,3,software engineer,,"[""ci/cd"", ""devops"", ""graphql"", ""kubernetes"", ""linux"", ""python"", ""react""]","Microsoft Azure Fundamentals, Google Cloud Professional, Oracle Certified Professional",0,1,0,3,"Current role: software engineer. Skills: ci/cd, devops, graphql, kubernetes, linux, python, react. Education: Bachelor's in Information Systems. Experience: 3 years. Certifications: Microsoft Azure Fundamentals, Google Cloud Professional, Oracle Certified Professional."
Mason Jackson,43,Non-Binary,Master's,Electrical Engineering,9,mlops specialist,"software developer, ai ethics officer","[""cloud computing"", ""cybersecurity"", ""data analysis"", ""kafka"", ""pytorch"", ""spark""]",,0,0,1,4,"Current role: mlops specialist. Previous roles: software developer, ai ethics officer. Skills: cloud computing, cybersecurity, data analysis, kafka, pytorch, spark. Education: Master's in Electrical Engineering. Experience: 9 years."
Evelyn Krishnan,22,Non-Binary,Bachelor's,Electronics Engineering,0,,,"[""git"", ""graphql"", ""jenkins"", ""natural language processing"", ""rest apis"", ""tensorflow""]","TensorFlow Developer Certificate, Certified Ethical Hacker, Project Management Professional",1,1,0,3,"Skills: git, graphql, jenkins, natural language processing, rest apis, tensorflow. Education: Bachelor's in Electronics Engineering. Experience: 0 years. Certifications: TensorFlow Developer Certificate, Certified Ethical Hacker, Project Management Professional."
Abhinav Garcia,26,Female,PhD,Information Systems,5,ui/ux designer,,"[""ansible"", ""graphql"", ""machine learning"", ""network security""]",,0,0,0,5,"Current role: ui/ux designer. Skills: ansible, graphql, machine learning, network security. Education: PhD in Information Systems. Experience: 5 years."
Noah Nair,22,Female,High School,Electronics Engineering,3,frontend developer,,"[""agile"", ""javascript"", ""jenkins"", ""microservices"", ""python"", ""pytorch"", ""rest apis""]","Google Cloud Professional, CompTIA Security+",0,1,0,1,"Current role: frontend developer. Skills: agile, javascript, jenkins, microservices, python, pytorch, rest apis. Education: High School in Electronics Engineering. Experience: 3 years. Certifications: Google Cloud Professional, CompTIA Security+."
Rohan Park,28,Non-Binary,Diploma,Software Engineering,0,,,"[""java"", ""kubernetes"", ""mongodb"", ""spark"", ""statistics"", ""tensorflow""]",,1,0,0,0,"Skills: java, kubernetes, mongodb, spark, statistics, tensorflow. Education: Diploma in Software Engineering. Experience: 0 years."
Christopher Davis,25,Female,Bachelor's,Data Science,4,frontend developer,software engineer,"[""machine learning"", ""react"", ""solidity"", ""terraform""]",,0,0,1,3,"Current role: frontend developer. Previous roles: software engineer. Skills: machine learning, react, solidity, terraform. Education: Bachelor's in Data Science. Experience: 4 years."
Charlotte Garcia,27,Male,High School,Computer Science,0,,,"[""deep learning"", ""kubernetes"", ""mongodb"", ""node"", ""pytorch"", ""terraform""]",,1,0,0,1,"Skills: deep learning, kubernetes, mongodb, node, pytorch, terraform. Education: High School in Computer Science. Experience: 0 years."
James Pillai,41,Male,Master's,Information Systems,7,full-stack developer,"cybersecurity engineer, cloud architect","[""amazon web services"", ""deep learning"", ""linux"", ""machine learning"", ""mongodb"", ""scrum"", ""tensorflow""]",,0,0,1,4,"Current role: full-stack developer. Previous roles: cybersecurity engineer, cloud architect. Skills: amazon web services, deep learning, linux, machine learning, mongodb, scrum, tensorflow. Education: Master's in Information Systems. Experience: 7 years."
Abhinav Patel,27,Female,Bachelor's,Electrical Engineering,0,,,"[""computer vision"", ""jenkins"", ""kubernetes"", ""terraform""]",,1,0,0,3,"Skills: computer vision, jenkins, kubernetes, terraform. Education: Bachelor's in Electrical Engineering. Experience: 0 years."
Andrew Wang,25,Female,Bachelor's,Robotics,1,prompt engineer,,"[""agile"", ""cloud computing"", ""deep learning"", ""java"", ""microservices"", ""node"", ""solidity""]",,0,0,0,3,"Current role: prompt engineer. Skills: agile, cloud computing, deep learning, java, microservices, node, solidity. Education: Bachelor's in Robotics. Experience: 1 years."
Harper Wu,28,Non-Binary,Bachelor's,Software Engineering,0,,,"[""docker"", ""javascript"", ""machine learning"", ""microservices"", ""natural language processing"", ""pytorch"", ""statistics""]","CompTIA Security+, Certified Information Systems Security Professional, Microsoft Azure Fundamentals",1,1,0,3,"Skills: docker, javascript, machine learning, microservices, natural language processing, pytorch, statistics. Education: Bachelor's in Software Engineering. Experience: 0 years. Certifications: CompTIA Security+, Certified Information Systems Security Professional, Microsoft Azure Fundamentals."
Michael Kim,30,Male,Bachelor's,Robotics,0,,,"[""deep learning"", ""machine learning"", ""natural language processing"", ""react"", ""spark"", ""terraform""]","Google Data Analytics Professional, Certified Information Systems Security Professional, Microsoft Azure Fundamentals",1,1,0,3,"Skills: deep learning, machine learning, natural language processing, react, spark, terraform. Education: Bachelor's in Robotics. Experience: 0 years. Certifications: Google Data Analytics Professional, Certified Information Systems Security Professional, Microsoft Azure Fundamentals."
Aisha Williams,22,Non-Binary,Certificate,Data Science,2,machine learning engineer,,"[""ansible"", ""kafka"", ""machine learning"", ""tensorflow""]",Google Data Analytics Professional,0,1,0,0,"Current role: machine learning engineer. Skills: ansible, kafka, machine learning, tensorflow. Education: Certificate in Data Science. Experience: 2 years. Certifications: Google Data Analytics Professional."
Jackson Jackson,26,Non-Binary,Bachelor's,Computer Engineering,3,ai ethics officer,,"[""ci/cd"", ""data analysis"", ""microservices"", ""penetration testing"", ""pytorch"", ""rest apis"", ""sql""]",TensorFlow Developer Certificate,0,1,0,3,"Current role: ai ethics officer. Skills: ci/cd, data analysis, microservices, penetration testing, pytorch, rest apis, sql. Education: Bachelor's in Computer Engineering. Experience: 3 years. Certifications: TensorFlow Developer Certificate."
Harper Gupta,45,Female,Master's,Software Engineering,3,quantum computing specialist,ai ethics officer,"[""computer vision"", ""cybersecurity"", ""git"", ""microservices"", ""statistics""]","Google Data Analytics Professional, Scrum Master Certified, TensorFlow Developer Certificate",0,1,1,4,"Current role: quantum computing specialist. Previous roles: ai ethics officer. Skills: computer vision, cybersecurity, git, microservices, statistics. Education: Master's in Software Engineering. Experience: 3 years. Certifications: Google Data Analytics Professional, Scrum Master Certified, TensorFlow Developer Certificate."
Michael Moore,44,Female,Bachelor's,Computer Engineering,2,cybersecurity engineer,,"[""amazon web services"", ""blockchain"", ""graphql"", ""javascript"", ""kubernetes"", ""microservices"", ""node"", ""pytorch""]","Oracle Certified Professional, CompTIA Security+",0,1,0,3,"Current role: cybersecurity engineer. Skills: amazon web services, blockchain, graphql, javascript, kubernetes, microservices, node, pytorch. Education: Bachelor's in Computer Engineering. Experience: 2 years. Certifications: Oracle Certified Professional, CompTIA Security+."
Aditi Kim,33,Female,Master's,Data Science,0,,,"[""ci/cd"", ""computer vision"", ""docker"", ""java""]","Project Management Professional, Microsoft Azure Fundamentals, Cisco Certified Network Associate",1,1,0,4,"Skills: ci/cd, computer vision, docker, java. Education: Master's in Data Science. Experience: 0 years. Certifications: Project Management Professional, Microsoft Azure Fundamentals, Cisco Certified Network Associate."
David Liu,33,Female,Master's,Information Technology,5,blockchain engineer,"software engineer, full-stack developer","[""blockchain"", ""cloud computing"", ""computer vision"", ""git"", ""kubernetes""]","Scrum Master Certified, Cisco Certified Network Associate, Certified Ethical Hacker",0,1,1,4,"Current role: blockchain engineer. Previous roles: software engineer, full-stack developer. Skills: blockchain, cloud computing, computer vision, git, kubernetes. Education: Master's in Information Technology. Experience: 5 years. Certifications: Scrum Master Certified, Cisco Certified Network Associate, Certified Ethical Hacker."
Mason Sharma,26,Female,High School,Information Technology,1,frontend developer,,"[""blockchain"", ""ci/cd"", ""devops"", ""graphql"", ""kubernetes"", ""statistics"", ""tensorflow""]",CompTIA Security+,0,1,0,1,"Current role: frontend developer. Skills: blockchain, ci/cd, devops, graphql, kubernetes, statistics, tensorflow. Education: High School in Information Technology. Experience: 1 years. Certifications: CompTIA Security+."
Liam Williams,22,Non-Binary,Bachelor's,Data Science,9,blockchain engineer,"backend developer, cloud engineer, ai engineer","[""ansible"", ""kubernetes"", ""microservices"", ""mongodb"", ""solidity"", ""sql"", ""statistics""]",,0,0,1,3,"Current role: blockchain engineer. Previous roles: backend developer, cloud engineer, ai engineer. Skills: ansible, kubernetes, microservices, mongodb, solidity, sql, statistics. Education: Bachelor's in Data Science. Experience: 9 years."
Lucas Wu,21,Non-Binary,Master's,Computer Science,0,,,"[""data analysis"", ""devops"", ""microservices"", ""python"", ""spark""]","TensorFlow Developer Certificate, Certified Information Systems Security Professional, Scrum Master Certified",1,1,0,4,"Skills: data analysis, devops, microservices, python, spark. Education: Master's in Computer Science. Experience: 0 years. Certifications: TensorFlow Developer Certificate, Certified Information Systems Security Professional, Scrum Master Certified."
Jackson Thomas,42,Female,Bachelor's,Computer Science,7,big data engineer,ai engineer,"[""azure"", ""cybersecurity"", ""java"", ""mongodb"", ""python"", ""rest apis""]",,0,0,1,3,"Current role: big data engineer. Previous roles: ai engineer. Skills: azure, cybersecurity, java, mongodb, python, rest apis. Education: Bachelor's in Computer Science. Experience: 7 years."
James Verma,41,Female,PhD,Robotics,0,,,"[""blockchain"", ""deep learning"", ""network security"", ""penetration testing"", ""rest apis"", ""scrum"", ""sql""]",,1,0,0,5,"Skills: blockchain, deep learning, network security, penetration testing, rest apis, scrum, sql. Education: PhD in Robotics. Experience: 0 years."
Meera Liu,37,Male,Bachelor's,Information Technology,0,,,"[""amazon web services"", ""cybersecurity"", ""devops"", ""kubernetes"", ""machine learning"", ""natural language processing"", ""penetration testing"", ""solidity""]",Oracle Certified Professional,1,1,0,3,"Skills: amazon web services, cybersecurity, devops, kubernetes, machine learning, natural language processing, penetration testing, solidity. Education: Bachelor's in Information Technology. Experience: 0 years. Certifications: Oracle Certified Professional."
James Hernandez,45,Female,Bachelor's,Computer Engineering,3,backend developer,product manager,"[""agile"", ""amazon web services"", ""azure"", ""deep learning"", ""network security"", ""sql"", ""terraform""]",,0,0,1,3,"Current role: backend developer. Previous roles: product manager. Skills: agile, amazon web services, azure, deep learning, network security, sql, terraform. Education: Bachelor's in Computer Engineering. Experience: 3 years."
Ava Jain,30,Male,Bachelor's,Cybersecurity,3,site reliability engineer,big data engineer,"[""amazon web services"", ""azure"", ""ci/cd"", ""jenkins"", ""linux""]","Scrum Master Certified, CompTIA Security+, AWS Certified Solutions Architect",0,1,1,3,"Current role: site reliability engineer. Previous roles: big data engineer. Skills: amazon web services, azure, ci/cd, jenkins, linux. Education: Bachelor's in Cybersecurity. Experience: 3 years. Certifications: Scrum Master Certified, CompTIA Security+, AWS Certified Solutions Architect."
Arjun Iyer,42,Non-Binary,Master's,Information Technology,0,,,"[""cybersecurity"", ""docker"", ""linux"", ""terraform""]","Certified Kubernetes Administrator, TensorFlow Developer Certificate",1,1,0,4,"Skills: cybersecurity, docker, linux, terraform. Education: Master's in Information Technology. Experience: 0 years. Certifications: Certified Kubernetes Administrator, TensorFlow Developer Certificate."
James Martinez,37,Non-Binary,Bachelor's,Robotics,2,full-stack developer,,"[""agile"", ""docker"", ""machine learning"", ""microservices"", ""network security"", ""react"", ""statistics""]",CompTIA Security+,0,1,0,3,"Current role: full-stack developer. Skills: agile, docker, machine learning, microservices, network security, react, statistics. Education: Bachelor's in Robotics. Experience: 2 years. Certifications: CompTIA Security+."
Jessica Smith,21,Non-Binary,Bachelor's,Artificial Intelligence,0,,,"[""devops"", ""kafka"", ""node"", ""rest apis"", ""scrum"", ""statistics"", ""terraform""]",CompTIA Security+,1,1,0,3,"Skills: devops, kafka, node, rest apis, scrum, statistics, terraform. Education: Bachelor's in Artificial Intelligence. Experience: 0 years. Certifications: CompTIA Security+."
Aditi Liu,30,Female,Master's,Electrical Engineering,1,cloud engineer,,"[""ansible"", ""docker"", ""machine learning"", ""penetration testing"", ""python"", ""pytorch"", ""statistics""]","CompTIA Security+, Scrum Master Certified",0,1,0,4,"Current role: cloud engineer. Skills: ansible, docker, machine learning, penetration testing, python, pytorch, statistics. Education: Master's in Electrical Engineering. Experience: 1 years. Certifications: CompTIA Security+, Scrum Master Certified."
Priya Johnson,22,Male,Certificate,Electronics Engineering,0,,,"[""amazon web services"", ""ansible"", ""blockchain"", ""docker"", ""javascript"", ""jenkins"", ""natural language processing"", ""rest apis""]","Cisco Certified Network Associate, CompTIA Security+, Scrum Master Certified",1,1,0,0,"Skills: amazon web services, ansible, blockchain, docker, javascript, jenkins, natural language processing, rest apis. Education: Certificate in Electronics Engineering. Experience: 0 years. Certifications: Cisco Certified Network Associate, CompTIA Security+, Scrum Master Certified."
Jessica Park,23,Female,PhD,Electronics Engineering,9,full-stack developer,,"[""amazon web services"", ""ansible"", ""ci/cd"", ""python"", ""solidity"", ""sql""]",,0,0,0,5,"Current role: full-stack developer. Skills: amazon web services, ansible, ci/cd, python, solidity, sql. Education: PhD in Electronics Engineering. Experience: 9 years."
Liam Hernandez,36,Non-Binary,Master's,Computer Engineering,9,software developer,,"[""linux"", ""mongodb"", ""node"", ""tensorflow"", ""terraform""]","CompTIA Security+, AWS Certified Solutions Architect, Certified Ethical Hacker",0,1,0,4,"Current role: software developer. Skills: linux, mongodb, node, tensorflow, terraform. Education: Master's in Computer Engineering. Experience: 9 years. Certifications: CompTIA Security+, AWS Certified Solutions Architect, Certified Ethical Hacker."
Jessica Jain,26,Non-Binary,Master's,Computer Science,1,quantum computing specialist,,"[""amazon web services"", ""azure"", ""javascript"", ""kubernetes"", ""linux"", ""machine learning"", ""sql""]","Oracle Certified Professional, AWS Certified Solutions Architect",0,1,0,4,"Current role: quantum computing specialist. Skills: amazon web services, azure, javascript, kubernetes, linux, machine learning, sql. Education: Master's in Computer Science. Experience: 1 years. Certifications: Oracle Certified Professional, AWS Certified Solutions Architect."
Aadhya Garcia,30,Male,PhD,Information Systems,0,,,"[""azure"", ""devops"", ""jenkins"", ""linux"", ""machine learning"", ""network security"", ""scrum"", ""solidity""]",,1,0,0,5,"Skills: azure, devops, jenkins, linux, machine learning, network security, scrum, solidity. Education: PhD in Information Systems. Experience: 0 years."
Mason Brown,25,Non-Binary,Master's,Electrical Engineering,0,,,"[""ansible"", ""azure"", ""blockchain"", ""computer vision"", ""node"", ""terraform""]","Project Management Professional, Microsoft Azure Fundamentals, Certified Ethical Hacker",1,1,0,4,"Skills: ansible, azure, blockchain, computer vision, node, terraform. Education: Master's in Electrical Engineering. Experience: 0 years. Certifications: Project Management Professional, Microsoft Azure Fundamentals, Certified Ethical Hacker."
Arya Menon,27,Male,Master's,Computer Engineering,8,cybersecurity engineer,"cybersecurity analyst, prompt engineer","[""ci/cd"", ""cloud computing"", ""jenkins"", ""kubernetes"", ""spark""]","Microsoft Azure Fundamentals, Certified Information Systems Security Professional, Certified Ethical Hacker",0,1,1,4,"Current role: cybersecurity engineer. Previous roles: cybersecurity analyst, prompt engineer. Skills: ci/cd, cloud computing, jenkins, kubernetes, spark. Education: Master's in Computer Engineering. Experience: 8 years. Certifications: Microsoft Azure Fundamentals, Certified Information Systems Security Professional, Certified Ethical Hacker."
Charlotte Anderson,45,Female,Bachelor's,Data Science,1,blockchain engineer,,"[""amazon web services"", ""deep learning"", ""microservices"", ""mongodb""]",Google Data Analytics Professional,0,1,0,3,"Current role: blockchain engineer. Skills: amazon web services, deep learning, microservices, mongodb. Education: Bachelor's in Data Science. Experience: 1 years. Certifications: Google Data Analytics Professional."
Ashley Krishnan,30,Non-Binary,Bachelor's,Information Technology,2,data scientist,,"[""linux"", ""microservices"", ""scrum"", ""tensorflow"", ""terraform""]","TensorFlow Developer Certificate, Scrum Master Certified, Microsoft Azure Fundamentals",0,1,0,3,"Current role: data scientist. Skills: linux, microservices, scrum, tensorflow, terraform. Education: Bachelor's in Information Technology. Experience: 2 years. Certifications: TensorFlow Developer Certificate, Scrum Master Certified, Microsoft Azure Fundamentals."
Alexander Krishnan,44,Female,Bachelor's,Robotics,0,,,"[""cybersecurity"", ""graphql"", ""natural language processing"", ""scrum"", ""solidity"", ""tensorflow""]","Google Data Analytics Professional, Cisco Certified Network Associate, CompTIA Security+",1,1,0,3,"Skills: cybersecurity, graphql, natural language processing, scrum, solidity, tensorflow. Education: Bachelor's in Robotics. Experience: 0 years. Certifications: Google Data Analytics Professional, Cisco Certified Network Associate, CompTIA Security+."
Sarah Gupta,30,Female,Master's,Information Technology,6,cybersecurity engineer,ai ethics officer,"[""kubernetes"", ""natural language processing"", ""node"", ""sql""]",,0,0,1,4,"Current role: cybersecurity engineer. Previous roles: ai ethics officer. Skills: kubernetes, natural language processing, node, sql. Education: Master's in Information Technology. Experience: 6 years."
Sneha Chen,42,Non-Binary,Master's,Artificial Intelligence,0,,,"[""blockchain"", ""javascript"", ""natural language processing"", ""python"", ""pytorch"", ""scrum"", ""solidity"", ""terraform""]",Project Management Professional,1,1,0,4,"Skills: blockchain, javascript, natural language processing, python, pytorch, scrum, solidity, terraform. Education: Master's in Artificial Intelligence. Experience: 0 years. Certifications: Project Management Professional."
Sneha Taylor,22,Female,Master's,Software Engineering,0,,,"[""agile"", ""amazon web services"", ""natural language processing"", ""terraform""]","Cisco Certified Network Associate, TensorFlow Developer Certificate",1,1,0,4,"Skills: agile, amazon web services, natural language processing, terraform. Education: Master's in Software Engineering. Experience: 0 years. Certifications: Cisco Certified Network Associate, TensorFlow Developer Certificate."
Mason Kim,37,Male,PhD,Electrical Engineering,0,,,"[""agile"", ""cybersecurity"", ""python"", ""scrum""]","Certified Information Systems Security Professional, Google Cloud Professional",1,1,0,5,"Skills: agile, cybersecurity, python, scrum. Education: PhD in Electrical Engineering. Experience: 0 years. Certifications: Certified Information Systems Security Professional, Google Cloud Professional."
Rahul Williams,23,Non-Binary,Master's,Software Engineering,1,site reliability engineer,,"[""computer vision"", ""docker"", ""network security"", ""python""]",TensorFlow Developer Certificate,0,1,0,4,"Current role: site reliability engineer. Skills: computer vision, docker, network security, python. Education: Master's in Software Engineering. Experience: 1 years. Certifications: TensorFlow Developer Certificate."
Ananya Thompson,42,Female,Bachelor's,Cybersecurity,2,devops engineer,,"[""amazon web services"", ""pytorch"", ""scrum"", ""statistics""]",,0,0,0,3,"Current role: devops engineer. Skills: amazon web services, pytorch, scrum, statistics. Education: Bachelor's in Cybersecurity. Experience: 2 years."
Olivia Reddy,42,Female,Bachelor's,Machine Learning,8,quantum computing specialist,data scientist,"[""amazon web services"", ""azure"", ""cloud computing"", ""linux"", ""microservices"", ""rest apis"", ""spark""]",,0,0,1,3,"Current role: quantum computing specialist. Previous roles: data scientist. Skills: amazon web services, azure, cloud computing, linux, microservices, rest apis, spark. Education: Bachelor's in Machine Learning. Experience: 8 years."
Emily Jackson,40,Non-Binary,High School,Machine Learning,3,ui/ux designer,software engineer,"[""blockchain"", ""cloud computing"", ""docker"", ""natural language processing"", ""network security"", ""sql""]",Certified Kubernetes Administrator,0,1,1,1,"Current role: ui/ux designer. Previous roles: software engineer. Skills: blockchain, cloud computing, docker, natural language processing, network security, sql. Education: High School in Machine Learning. Experience: 3 years. Certifications: Certified Kubernetes Administrator."
Matthew Agarwal,43,Non-Binary,Master's,Software Engineering,8,software engineer,product manager,"[""amazon web services"", ""azure"", ""data analysis"", ""deep learning"", ""docker"", ""javascript"", ""pytorch"", ""rest apis""]",Certified Ethical Hacker,0,1,1,4,"Current role: software engineer. Previous roles: product manager. Skills: amazon web services, azure, data analysis, deep learning, docker, javascript, pytorch, rest apis. Education: Master's in Software Engineering. Experience: 8 years. Certifications: Certified Ethical Hacker."
Harper Reddy,22,Non-Binary,Bachelor's,Computer Science,0,,,"[""ci/cd"", ""data analysis"", ""graphql"", ""scrum""]",Certified Information Systems Security Professional,1,1,0,3,"Skills: ci/cd, data analysis, graphql, scrum. Education: Bachelor's in Computer Science. Experience: 0 years. Certifications: Certified Information Systems Security Professional."
Jessica Yang,31,Male,Bachelor's,Computer Engineering,8,machine learning engineer,big data engineer,"[""blockchain"", ""computer vision"", ""network security"", ""tensorflow""]","Certified Information Systems Security Professional, Cisco Certified Network Associate",0,1,1,3,"Current role: machine learning engineer. Previous roles: big data engineer. Skills: blockchain, computer vision, network security, tensorflow. Education: Bachelor's in Computer Engineering. Experience: 8 years. Certifications: Certified Information Systems Security Professional, Cisco Certified Network Associate."
Andrew Srinivasan,37,Non-Binary,Bachelor's,Electronics Engineering,0,,,"[""azure"", ""kafka"", ""microservices"", ""mongodb"", ""sql""]",,1,0,0,3,"Skills: azure, kafka, microservices, mongodb, sql. Education: Bachelor's in Electronics Engineering. Experience: 0 years."
Matthew Thompson,24,Male,PhD,Electrical Engineering,1,prompt engineer,,"[""azure"", ""docker"", ""javascript"", ""penetration testing"", ""pytorch"", ""terraform""]",Certified Ethical Hacker,0,1,0,5,"Current role: prompt engineer. Skills: azure, docker, javascript, penetration testing, pytorch, terraform. Education: PhD in Electrical Engineering. Experience: 1 years. Certifications: Certified Ethical Hacker."
Ankit Jackson,23,Female,Bachelor's,Information Systems,4,cybersecurity analyst,,"[""azure"", ""data analysis"", ""javascript"", ""spark"", ""statistics""]",,0,0,0,3,"Current role: cybersecurity analyst. Skills: azure, data analysis, javascript, spark, statistics. Education: Bachelor's in Information Systems. Experience: 4 years."
Samantha Nair,33,Non-Binary,Master's,Artificial Intelligence,1,cloud architect,,"[""jenkins"", ""kubernetes"", ""machine learning"", ""python"", ""spark"", ""tensorflow""]","Google Data Analytics Professional, CompTIA Security+, Oracle Certified Professional",0,1,0,4,"Current role: cloud architect. Skills: jenkins, kubernetes, machine learning, python, spark, tensorflow. Education: Master's in Artificial Intelligence. Experience: 1 years. Certifications: Google Data Analytics Professional, CompTIA Security+, Oracle Certified Professional."
Jackson Rodriguez,22,Non-Binary,Bachelor's,Computer Engineering,0,,,"[""amazon web services"", ""machine learning"", ""natural language processing"", ""python"", ""react"", ""terraform""]","Project Management Professional, Scrum Master Certified",1,1,0,3,"Skills: amazon web services, machine learning, natural language processing, python, react, terraform. Education: Bachelor's in Computer Engineering. Experience: 0 years. Certifications: Project Management Professional, Scrum Master Certified."
Rohan Miller,44,Male,Bachelor's,Electrical Engineering,2,cybersecurity engineer,,"[""data analysis"", ""deep learning"", ""python"", ""react"", ""scrum"", ""tensorflow""]","AWS Certified Solutions Architect, Google Data Analytics Professional",0,1,0,3,"Current role: cybersecurity engineer. Skills: data analysis, deep learning, python, react, scrum, tensorflow. Education: Bachelor's in Electrical Engineering. Experience: 2 years. Certifications: AWS Certified Solutions Architect, Google Data Analytics Professional."
Rohan Brown,35,Male,Bachelor's,Data Science,2,software developer,,"[""blockchain"", ""ci/cd"", ""deep learning"", ""docker"", ""penetration testing"", ""solidity"", ""spark""]",,0,0,0,3,"Current role: software developer. Skills: blockchain, ci/cd, deep learning, docker, penetration testing, solidity, spark. Education: Bachelor's in Data Science. Experience: 2 years."
Amanda Johnson,41,Female,High School,Software Engineering,6,devops engineer,,"[""blockchain"", ""docker"", ""jenkins"", ""natural language processing"", ""node"", ""pytorch"", ""spark""]","Project Management Professional, Certified Ethical Hacker, Google Cloud Professional",0,1,0,1,"Current role: devops engineer. Skills: blockchain, docker, jenkins, natural language processing, node, pytorch, spark. Education: High School in Software Engineering. Experience: 6 years. Certifications: Project Management Professional, Certified Ethical Hacker, Google Cloud Professional."
Samantha Kim,22,Male,Bachelor's,Information Technology,7,ui/ux designer,"ai ethics officer, machine learning engineer","[""agile"", ""mongodb"", ""python"", ""spark"", ""terraform""]",,0,0,1,3,"Current role: ui/ux designer. Previous roles: ai ethics officer, machine learning engineer. Skills: agile, mongodb, python, spark, terraform. Education: Bachelor's in Information Technology. Experience: 7 years."
Aditi Menon,43,Female,Master's,Information Technology,4,ai engineer,"full-stack developer, backend developer","[""cloud computing"", ""mongodb"", ""statistics"", ""terraform""]","Microsoft Azure Fundamentals, AWS Certified Solutions Architect, Certified Kubernetes Administrator",0,1,1,4,"Current role: ai engineer. Previous roles: full-stack developer, backend developer. Skills: cloud computing, mongodb, statistics, terraform. Education: Master's in Information Technology. Experience: 4 years. Certifications: Microsoft Azure Fundamentals, AWS Certified Solutions Architect, Certified Kubernetes Administrator."
Ankit Rao,26,Male,Bachelor's,Computer Engineering,5,big data engineer,"site reliability engineer, machine learning engineer","[""agile"", ""amazon web services"", ""ci/cd"", ""sql""]",,0,0,1,3,"Current role: big data engineer. Previous roles: site reliability engineer, machine learning engineer. Skills: agile, amazon web services, ci/cd, sql. Education: Bachelor's in Computer Engineering. Experience: 5 years."
Christopher Martinez,40,Female,Bachelor's,Information Technology,0,,,"[""ci/cd"", ""computer vision"", ""docker"", ""linux"", ""node"", ""python"", ""terraform""]",Certified Ethical Hacker,1,1,0,3,"Skills: ci/cd, computer vision, docker, linux, node, python, terraform. Education: Bachelor's in Information Technology. Experience: 0 years. Certifications: Certified Ethical Hacker."
Harper Zhang,29,Male,Bachelor's,Software Engineering,3,devops engineer,quantum computing specialist,"[""agile"", ""blockchain"", ""graphql"", ""linux"", ""network security"", ""penetration testing"", ""scrum""]",Oracle Certified Professional,0,1,1,3,"Current role: devops engineer. Previous roles: quantum computing specialist. Skills: agile, blockchain, graphql, linux, network security, penetration testing, scrum. Education: Bachelor's in Software Engineering. Experience: 3 years. Certifications: Oracle Certified Professional."
Sophia Hernandez,23,Non-Binary,Master's,Information Systems,0,,,"[""ci/cd"", ""machine learning"", ""natural language processing"", ""python"", ""sql""]",,1,0,0,4,"Skills: ci/cd, machine learning, natural language processing, python, sql. Education: Master's in Information Systems. Experience: 0 years."
Charlotte Zhou,25,Female,Master's,Information Systems,0,,,"[""amazon web services"", ""azure"", ""deep learning"", ""machine learning"", ""react""]",Certified Ethical Hacker,1,1,0,4,"Skills: amazon web services, azure, deep learning, machine learning, react. Education: Master's in Information Systems. Experience: 0 years. Certifications: Certified Ethical Hacker."
Jessica Srinivasan,23,Female,PhD,Software Engineering,7,mlops specialist,"ai ethics officer, site reliability engineer","[""ci/cd"", ""docker"", ""natural language processing"", ""node"", ""sql""]",,0,0,1,5,"Current role: mlops specialist. Previous roles: ai ethics officer, site reliability engineer. Skills: ci/cd, docker, natural language processing, node, sql. Education: PhD in Software Engineering. Experience: 7 years."
Emily Thompson,41,Non-Binary,High School,Information Technology,3,machine learning engineer,software developer,"[""cloud computing"", ""javascript"", ""spark"", ""tensorflow""]",AWS Certified Solutions Architect,0,1,1,1,"Current role: machine learning engineer. Previous roles: software developer. Skills: cloud computing, javascript, spark, tensorflow. Education: High School in Information Technology. Experience: 3 years. Certifications: AWS Certified Solutions Architect."
Mason Liu,28,Female,PhD,Computer Engineering,3,devops engineer,,"[""ansible"", ""azure"", ""deep learning"", ""machine learning"", ""microservices"", ""react"", ""rest apis"", ""tensorflow""]",,0,0,0,5,"Current role: devops engineer. Skills: ansible, azure, deep learning, machine learning, microservices, react, rest apis, tensorflow. Education: PhD in Computer Engineering. Experience: 3 years."
David Jackson,27,Female,Bachelor's,Information Technology,0,,,"[""agile"", ""java"", ""kubernetes"", ""machine learning"", ""mongodb"", ""natural language processing"", ""node"", ""statistics""]",,1,0,0,3,"Skills: agile, java, kubernetes, machine learning, mongodb, natural language processing, node, statistics. Education: Bachelor's in Information Technology. Experience: 0 years."
Lucas Gupta,39,Non-Binary,High School,Machine Learning,1,machine learning engineer,,"[""git"", ""linux"", ""python"", ""sql""]","Oracle Certified Professional, Cisco Certified Network Associate",0,1,0,1,"Current role: machine learning engineer. Skills: git, linux, python, sql. Education: High School in Machine Learning. Experience: 1 years. Certifications: Oracle Certified Professional, Cisco Certified Network Associate."
Christopher Agarwal,31,Female,PhD,Information Systems,2,devops engineer,,"[""docker"", ""java"", ""javascript"", ""kubernetes"", ""microservices"", ""penetration testing"", ""spark"", ""statistics""]","Google Cloud Professional, Project Management Professional, Oracle Certified Professional",0,1,0,5,"Current role: devops engineer. Skills: docker, java, javascript, kubernetes, microservices, penetration testing, spark, statistics. Education: PhD in Information Systems. Experience: 2 years. Certifications: Google Cloud Professional, Project Management Professional, Oracle Certified Professional."
Vikram Zhang,40,Non-Binary,Master's,Cybersecurity,1,mobile applications developer,,"[""agile"", ""blockchain"", ""ci/cd"", ""javascript"", ""statistics""]","Certified Kubernetes Administrator, Oracle Certified Professional, Scrum Master Certified",0,1,0,4,"Current role: mobile applications developer. Skills: agile, blockchain, ci/cd, javascript, statistics. Education: Master's in Cybersecurity. Experience: 1 years. Certifications: Certified Kubernetes Administrator, Oracle Certified Professional, Scrum Master Certified."
Arya Zhou,30,Non-Binary,PhD,Information Technology,0,,,"[""cybersecurity"", ""kubernetes"", ""linux"", ""statistics""]",Google Cloud Professional,1,1,0,5,"Skills: cybersecurity, kubernetes, linux, statistics. Education: PhD in Information Technology. Experience: 0 years. Certifications: Google Cloud Professional."
Andrew White,29,Female,Diploma,Machine Learning,2,cybersecurity engineer,,"[""amazon web services"", ""ci/cd"", ""javascript"", ""jenkins"", ""network security""]","Certified Ethical Hacker, Oracle Certified Professional",0,1,0,0,"Current role: cybersecurity engineer. Skills: amazon web services, ci/cd, javascript, jenkins, network security. Education: Diploma in Machine Learning. Experience: 2 years. Certifications: Certified Ethical Hacker, Oracle Certified Professional."
Michael Nair,35,Female,PhD,Electronics Engineering,7,data scientist,mobile applications developer,"[""ansible"", ""docker"", ""microservices"", ""mongodb"", ""natural language processing"", ""python"", ""react"", ""statistics""]",Scrum Master Certified,0,1,1,5,"Current role: data scientist. Previous roles: mobile applications developer. Skills: ansible, docker, microservices, mongodb, natural language processing, python, react, statistics. Education: PhD in Electronics Engineering. Experience: 7 years. Certifications: Scrum Master Certified."
Kavya White,24,Male,Bachelor's,Information Technology,0,,,"[""agile"", ""jenkins"", ""linux"", ""network security"", ""node"", ""pytorch"", ""rest apis""]",CompTIA Security+,1,1,0,3,"Skills: agile, jenkins, linux, network security, node, pytorch, rest apis. Education: Bachelor's in Information Technology. Experience: 0 years. Certifications: CompTIA Security+."
Arya Reddy,25,Non-Binary,Bachelor's,Electrical Engineering,1,data scientist,,"[""blockchain"", ""ci/cd"", ""devops"", ""kafka"", ""machine learning"", ""microservices"", ""penetration testing"", ""react""]",,0,0,0,3,"Current role: data scientist. Skills: blockchain, ci/cd, devops, kafka, machine learning, microservices, penetration testing, react. Education: Bachelor's in Electrical Engineering. Experience: 1 years."
Lucas Moore,23,Female,PhD,Machine Learning,1,site reliability engineer,,"[""agile"", ""blockchain"", ""computer vision"", ""git"", ""machine learning"", ""react"", ""sql"", ""tensorflow""]",Certified Kubernetes Administrator,0,1,0,5,"Current role: site reliability engineer. Skills: agile, blockchain, computer vision, git, machine learning, react, sql, tensorflow. Education: PhD in Machine Learning. Experience: 1 years. Certifications: Certified Kubernetes Administrator."
Ashley Krishnan,33,Male,Master's,Electrical Engineering,0,,,"[""docker"", ""kafka"", ""linux"", ""python""]",TensorFlow Developer Certificate,1,1,0,4,"Skills: docker, kafka, linux, python. Education: Master's in Electrical Engineering. Experience: 0 years. Certifications: TensorFlow Developer Certificate."
Michael Miller,37,Non-Binary,High School,Machine Learning,0,,,"[""graphql"", ""javascript"", ""kafka"", ""kubernetes"", ""machine learning"", ""mongodb"", ""pytorch""]","Certified Kubernetes Administrator, Certified Information Systems Security Professional, Oracle Certified Professional",1,1,0,1,"Skills: graphql, javascript, kafka, kubernetes, machine learning, mongodb, pytorch. Education: High School in Machine Learning. Experience: 0 years. Certifications: Certified Kubernetes Administrator, Certified Information Systems Security Professional, Oracle Certified Professional."
Charlotte Thomas,21,Female,PhD,Information Systems,4,cloud engineer,"site reliability engineer, full-stack developer","[""agile"", ""ansible"", ""blockchain"", ""cybersecurity"", ""graphql"", ""kafka"", ""scrum""]",,0,0,1,5,"Current role: cloud engineer. Previous roles: site reliability engineer, full-stack developer. Skills: agile, ansible, blockchain, cybersecurity, graphql, kafka, scrum. Education: PhD in Information Systems. Experience: 4 years."
Jessica Wang,42,Female,Master's,Robotics,0,,,"[""graphql"", ""java"", ""mongodb"", ""sql""]",,1,0,0,4,"Skills: graphql, java, mongodb, sql. Education: Master's in Robotics. Experience: 0 years."
Abhinav Park,30,Female,Bachelor's,Machine Learning,2,quantum computing specialist,,"[""amazon web services"", ""cybersecurity"", ""graphql"", ""penetration testing"", ""pytorch"", ""scrum"", ""spark""]","AWS Certified Solutions Architect, Certified Information Systems Security Professional, Certified Kubernetes Administrator",0,1,0,3,"Current role: quantum computing specialist. Skills: amazon web services, cybersecurity, graphql, penetration testing, pytorch, scrum, spark. Education: Bachelor's in Machine Learning. Experience: 2 years. Certifications: AWS Certified Solutions Architect, Certified Information Systems Security Professional, Certified Kubernetes Administrator."
Christopher Garcia,21,Female,High School,Computer Science,9,machine learning engineer,"devops engineer, full-stack developer, prompt engineer","[""agile"", ""blockchain"", ""devops"", ""kubernetes"", ""linux"", ""natural language processing""]","Certified Kubernetes Administrator, Scrum Master Certified, Project Management Professional",0,1,1,1,"Current role: machine learning engineer. Previous roles: devops engineer, full-stack developer, prompt engineer. Skills: agile, blockchain, devops, kubernetes, linux, natural language processing. Education: High School in Computer Science. Experience: 9 years. Certifications: Certified Kubernetes Administrator, Scrum Master Certified, Project Management Professional."
Emma Jackson,28,Male,Master's,Software Engineering,0,,,"[""ansible"", ""computer vision"", ""jenkins"", ""rest apis""]",Certified Information Systems Security Professional,1,1,0,4,"Skills: ansible, computer vision, jenkins, rest apis. Education: Master's in Software Engineering. Experience: 0 years. Certifications: Certified Information Systems Security Professional."
Arya Verma,40,Non-Binary,Master's,Information Technology,2,software developer,,"[""azure"", ""cybersecurity"", ""deep learning"", ""java"", ""natural language processing"", ""scrum"", ""tensorflow""]","Certified Kubernetes Administrator, Google Data Analytics Professional",0,1,0,4,"Current role: software developer. Skills: azure, cybersecurity, deep learning, java, natural language processing, scrum, tensorflow. Education: Master's in Information Technology. Experience: 2 years. Certifications: Certified Kubernetes Administrator, Google Data Analytics Professional."
Sarah Verma,41,Non-Binary,PhD,Information Technology,1,mobile applications developer,,"[""amazon web services"", ""computer vision"", ""docker"", ""mongodb"", ""node"", ""sql"", ""statistics"", ""tensorflow""]","Certified Information Systems Security Professional, Certified Kubernetes Administrator, Certified Ethical Hacker",0,1,0,5,"Current role: mobile applications developer. Skills: amazon web services, computer vision, docker, mongodb, node, sql, statistics, tensorflow. Education: PhD in Information Technology. Experience: 1 years. Certifications: Certified Information Systems Security Professional, Certified Kubernetes Administrator, Certified Ethical Hacker."
Alexander Wilson,41,Female,PhD,Software Engineering,0,,,"[""javascript"", ""jenkins"", ""spark"", ""tensorflow""]",,1,0,0,5,"Skills: javascript, jenkins, spark, tensorflow. Education: PhD in Software Engineering. Experience: 0 years."
Vikram Yang,29,Male,Bachelor's,Computer Science,0,,,"[""cloud computing"", ""devops"", ""docker"", ""machine learning""]","Google Cloud Professional, Certified Kubernetes Administrator",1,1,0,3,"Skills: cloud computing, devops, docker, machine learning. Education: Bachelor's in Computer Science. Experience: 0 years. Certifications: Google Cloud Professional, Certified Kubernetes Administrator."
Amanda Wang,25,Female,Bachelor's,Data Science,0,,,"[""ansible"", ""blockchain"", ""cloud computing"", ""cybersecurity"", ""network security"", ""statistics""]","Certified Kubernetes Administrator, Cisco Certified Network Associate, Microsoft Azure Fundamentals",1,1,0,3,"Skills: ansible, blockchain, cloud computing, cybersecurity, network security, statistics. Education: Bachelor's in Data Science. Experience: 0 years. Certifications: Certified Kubernetes Administrator, Cisco Certified Network Associate, Microsoft Azure Fundamentals."
Lucas Moore,24,Non-Binary,Master's,Electrical Engineering,5,cybersecurity analyst,devops engineer,"[""blockchain"", ""machine learning"", ""network security"", ""solidity"", ""spark""]","Certified Information Systems Security Professional, Scrum Master Certified",0,1,1,4,"Current role: cybersecurity analyst. Previous roles: devops engineer. Skills: blockchain, machine learning, network security, solidity, spark. Education: Master's in Electrical Engineering. Experience: 5 years. Certifications: Certified Information Systems Security Professional, Scrum Master Certified."
Sneha Miller,39,Female,Bachelor's,Electronics Engineering,5,mlops specialist,cloud engineer,"[""amazon web services"", ""blockchain"", ""java"", ""linux"", ""rest apis"", ""tensorflow""]",Certified Information Systems Security Professional,0,1,1,3,"Current role: mlops specialist. Previous roles: cloud engineer. Skills: amazon web services, blockchain, java, linux, rest apis, tensorflow. Education: Bachelor's in Electronics Engineering. Experience: 5 years. Certifications: Certified Information Systems Security Professional."
James Wang,21,Non-Binary,Bachelor's,Machine Learning,0,,,"[""ansible"", ""deep learning"", ""machine learning"", ""microservices"", ""node"", ""statistics""]",Google Cloud Professional,1,1,0,3,"Skills: ansible, deep learning, machine learning, microservices, node, statistics. Education: Bachelor's in Machine Learning. Experience: 0 years. Certifications: Google Cloud Professional."
David Martin,42,Female,Bachelor's,Cybersecurity,2,software engineer,,"[""data analysis"", ""graphql"", ""javascript"", ""network security"", ""react""]",,0,0,0,3,"Current role: software engineer. Skills: data analysis, graphql, javascript, network security, react. Education: Bachelor's in Cybersecurity. Experience: 2 years."
Meera Verma,30,Male,Master's,Electrical Engineering,6,ai engineer,,"[""ansible"", ""azure"", ""devops"", ""javascript"", ""rest apis"", ""statistics"", ""terraform""]","Project Management Professional, AWS Certified Solutions Architect",0,1,0,4,"Current role: ai engineer. Skills: ansible, azure, devops, javascript, rest apis, statistics, terraform. Education: Master's in Electrical Engineering. Experience: 6 years. Certifications: Project Management Professional, AWS Certified Solutions Architect."
Andrew Wilson,36,Non-Binary,High School,Computer Engineering,6,frontend developer,,"[""amazon web services"", ""ci/cd"", ""deep learning"", ""java"", ""mongodb"", ""network security"", ""react""]",,0,0,0,1,"Current role: frontend developer. Skills: amazon web services, ci/cd, deep learning, java, mongodb, network security, react. Education: High School in Computer Engineering. Experience: 6 years."
Amanda Thomas,38,Male,PhD,Computer Science,1,blockchain engineer,,"[""amazon web services"", ""git"", ""node"", ""react""]","Certified Information Systems Security Professional, CompTIA Security+",0,1,0,5,"Current role: blockchain engineer. Skills: amazon web services, git, node, react. Education: PhD in Computer Science. Experience: 1 years. Certifications: Certified Information Systems Security Professional, CompTIA Security+."
Arjun Wilson,25,Non-Binary,PhD,Artificial Intelligence,5,cybersecurity engineer,"product manager, backend developer","[""amazon web services"", ""data analysis"", ""devops"", ""kafka"", ""natural language processing"", ""network security"", ""penetration testing""]","Oracle Certified Professional, CompTIA Security+",0,1,1,5,"Current role: cybersecurity engineer. Previous roles: product manager, backend developer. Skills: amazon web services, data analysis, devops, kafka, natural language processing, network security, penetration testing. Education: PhD in Artificial Intelligence. Experience: 5 years. Certifications: Oracle Certified Professional, CompTIA Security+."
Joshua Brown,43,Male,Bachelor's,Machine Learning,5,data scientist,"cloud engineer, machine learning engineer","[""cybersecurity"", ""machine learning"", ""microservices"", ""python"", ""pytorch""]","Google Cloud Professional, Certified Information Systems Security Professional, Certified Kubernetes Administrator",0,1,1,3,"Current role: data scientist. Previous roles: cloud engineer, machine learning engineer. Skills: cybersecurity, machine learning, microservices, python, pytorch. Education: Bachelor's in Machine Learning. Experience: 5 years. Certifications: Google Cloud Professional, Certified Information Systems Security Professional, Certified Kubernetes Administrator."
Charlotte Hernandez,35,Non-Binary,Master's,Artificial Intelligence,0,,,"[""blockchain"", ""data analysis"", ""git"", ""kubernetes""]",,1,0,0,4,"Skills: blockchain, data analysis, git, kubernetes. Education: Master's in Artificial Intelligence. Experience: 0 years."
Liam Davis,21,Female,Master's,Machine Learning,5,big data engineer,"full-stack developer, site reliability engineer","[""amazon web services"", ""ansible"", ""blockchain"", ""machine learning"", ""scrum"", ""sql""]",Certified Ethical Hacker,0,1,1,4,"Current role: big data engineer. Previous roles: full-stack developer, site reliability engineer. Skills: amazon web services, ansible, blockchain, machine learning, scrum, sql. Education: Master's in Machine Learning. Experience: 5 years. Certifications: Certified Ethical Hacker."
Isabella Williams,33,Male,Master's,Information Systems,0,,,"[""amazon web services"", ""blockchain"", ""deep learning"", ""devops"", ""mongodb"", ""natural language processing"", ""react""]",,1,0,0,4,"Skills: amazon web services, blockchain, deep learning, devops, mongodb, natural language processing, react. Education: Master's in Information Systems. Experience: 0 years."
Lucas Jones,40,Non-Binary,Master's,Artificial Intelligence,0,,,"[""data analysis"", ""deep learning"", ""machine learning"", ""network security""]",Oracle Certified Professional,1,1,0,4,"Skills: data analysis, deep learning, machine learning, network security. Education: Master's in Artificial Intelligence. Experience: 0 years. Certifications: Oracle Certified Professional."
Liam Nair,43,Non-Binary,Master's,Computer Engineering,4,devops engineer,"ai engineer, cloud architect","[""agile"", ""kubernetes"", ""linux"", ""node"", ""tensorflow""]","Microsoft Azure Fundamentals, AWS Certified Solutions Architect, Project Management Professional",0,1,1,4,"Current role: devops engineer. Previous roles: ai engineer, cloud architect. Skills: agile, kubernetes, linux, node, tensorflow. Education: Master's in Computer Engineering. Experience: 4 years. Certifications: Microsoft Azure Fundamentals, AWS Certified Solutions Architect, Project Management Professional."
Priya Srinivasan,21,Female,PhD,Machine Learning,2,cloud engineer,,"[""deep learning"", ""java"", ""jenkins"", ""statistics""]",Oracle Certified Professional,0,1,0,5,"Current role: cloud engineer. Skills: deep learning, java, jenkins, statistics. Education: PhD in Machine Learning. Experience: 2 years. Certifications: Oracle Certified Professional."
Benjamin Menon,29,Non-Binary,Master's,Cybersecurity,3,mobile applications developer,,"[""agile"", ""devops"", ""git"", ""scrum""]","Google Cloud Professional, Cisco Certified Network Associate, Project Management Professional",0,1,0,4,"Current role: mobile applications developer. Skills: agile, devops, git, scrum. Education: Master's in Cybersecurity. Experience: 3 years. Certifications: Google Cloud Professional, Cisco Certified Network Associate, Project Management Professional."
Rahul Verma,28,Non-Binary,Master's,Artificial Intelligence,3,blockchain engineer,software engineer,"[""data analysis"", ""microservices"", ""mongodb"", ""pytorch"", ""sql""]","Google Data Analytics Professional, Microsoft Azure Fundamentals, Cisco Certified Network Associate",0,1,1,4,"Current role: blockchain engineer. Previous roles: software engineer. Skills: data analysis, microservices, mongodb, pytorch, sql. Education: Master's in Artificial Intelligence. Experience: 3 years. Certifications: Google Data Analytics Professional, Microsoft Azure Fundamentals, Cisco Certified Network Associate."
Aryan Iyer,43,Female,PhD,Information Technology,0,,,"[""amazon web services"", ""docker"", ""jenkins"", ""network security"", ""python"", ""scrum"", ""statistics""]","Project Management Professional, Microsoft Azure Fundamentals, Google Data Analytics Professional",1,1,0,5,"Skills: amazon web services, docker, jenkins, network security, python, scrum, statistics. Education: PhD in Information Technology. Experience: 0 years. Certifications: Project Management Professional, Microsoft Azure Fundamentals, Google Data Analytics Professional."
Aadhya White,22,Male,Bachelor's,Electrical Engineering,0,,,"[""blockchain"", ""git"", ""network security"", ""python""]","Project Management Professional, AWS Certified Solutions Architect",1,1,0,3,"Skills: blockchain, git, network security, python. Education: Bachelor's in Electrical Engineering. Experience: 0 years. Certifications: Project Management Professional, AWS Certified Solutions Architect."
Sneha Park,45,Non-Binary,Bachelor's,Information Technology,5,frontend developer,full-stack developer,"[""blockchain"", ""deep learning"", ""docker"", ""pytorch"", ""sql"", ""statistics""]",,0,0,1,3,"Current role: frontend developer. Previous roles: full-stack developer. Skills: blockchain, deep learning, docker, pytorch, sql, statistics. Education: Bachelor's in Information Technology. Experience: 5 years."
Ava Martinez,40,Female,Bachelor's,Artificial Intelligence,7,backend developer,"site reliability engineer, cloud engineer, machine learning engineer","[""azure"", ""computer vision"", ""graphql"", ""kafka"", ""pytorch"", ""spark""]",Cisco Certified Network Associate,0,1,1,3,"Current role: backend developer. Previous roles: site reliability engineer, cloud engineer, machine learning engineer. Skills: azure, computer vision, graphql, kafka, pytorch, spark. Education: Bachelor's in Artificial Intelligence. Experience: 7 years. Certifications: Cisco Certified Network Associate."
Ethan Wang,31,Non-Binary,PhD,Robotics,9,product manager,"machine learning engineer, cloud architect","[""ansible"", ""blockchain"", ""cybersecurity"", ""graphql"", ""java"", ""jenkins"", ""scrum""]",,0,0,1,5,"Current role: product manager. Previous roles: machine learning engineer, cloud architect. Skills: ansible, blockchain, cybersecurity, graphql, java, jenkins, scrum. Education: PhD in Robotics. Experience: 9 years."
Meera Rodriguez,22,Female,Bachelor's,Electronics Engineering,1,cloud engineer,,"[""cybersecurity"", ""data analysis"", ""devops"", ""jenkins"", ""mongodb"", ""react"", ""sql""]","Scrum Master Certified, Google Cloud Professional",0,1,0,3,"Current role: cloud engineer. Skills: cybersecurity, data analysis, devops, jenkins, mongodb, react, sql. Education: Bachelor's in Electronics Engineering. Experience: 1 years. Certifications: Scrum Master Certified, Google Cloud Professional."
Aryan Chen,37,Non-Binary,Master's,Robotics,0,,,"[""ansible"", ""azure"", ""cloud computing"", ""deep learning"", ""docker"", ""git"", ""network security"", ""spark""]",,1,0,0,4,"Skills: ansible, azure, cloud computing, deep learning, docker, git, network security, spark. Education: Master's in Robotics. Experience: 0 years."
Diya Jain,37,Male,Bachelor's,Information Technology,1,quantum computing specialist,,"[""cloud computing"", ""react"", ""rest apis"", ""solidity""]",,0,0,0,3,"Current role: quantum computing specialist. Skills: cloud computing, react, rest apis, solidity. Education: Bachelor's in Information Technology. Experience: 1 years."
Karan Chen,35,Non-Binary,Master's,Artificial Intelligence,0,,,"[""docker"", ""kubernetes"", ""natural language processing"", ""tensorflow""]",TensorFlow Developer Certificate,1,1,0,4,"Skills: docker, kubernetes, natural language processing, tensorflow. Education: Master's in Artificial Intelligence. Experience: 0 years. Certifications: TensorFlow Developer Certificate."
Rahul Thomas,42,Female,Bachelor's,Robotics,0,,,"[""amazon web services"", ""blockchain"", ""cybersecurity"", ""docker"", ""graphql"", ""java"", ""statistics""]","AWS Certified Solutions Architect, Scrum Master Certified, Cisco Certified Network Associate",1,1,0,3,"Skills: amazon web services, blockchain, cybersecurity, docker, graphql, java, statistics. Education: Bachelor's in Robotics. Experience: 0 years. Certifications: AWS Certified Solutions Architect, Scrum Master Certified, Cisco Certified Network Associate."
Karan Thompson,22,Female,Diploma,Machine Learning,0,,,"[""ansible"", ""cloud computing"", ""kubernetes"", ""machine learning"", ""python"", ""scrum""]","CompTIA Security+, Google Data Analytics Professional",1,1,0,0,"Skills: ansible, cloud computing, kubernetes, machine learning, python, scrum. Education: Diploma in Machine Learning. Experience: 0 years. Certifications: CompTIA Security+, Google Data Analytics Professional."
Arya Taylor,41,Non-Binary,Master's,Machine Learning,5,frontend developer,cybersecurity analyst,"[""data analysis"", ""git"", ""node"", ""penetration testing"", ""rest apis""]","TensorFlow Developer Certificate, Scrum Master Certified, Project Management Professional",0,1,1,4,"Current role: frontend developer. Previous roles: cybersecurity analyst. Skills: data analysis, git, node, penetration testing, rest apis. Education: Master's in Machine Learning. Experience: 5 years. Certifications: TensorFlow Developer Certificate, Scrum Master Certified, Project Management Professional."
Aarav Zhang,26,Male,Bachelor's,Information Technology,0,,,"[""deep learning"", ""graphql"", ""linux"", ""microservices"", ""mongodb"", ""natural language processing"", ""tensorflow""]",,1,0,0,3,"Skills: deep learning, graphql, linux, microservices, mongodb, natural language processing, tensorflow. Education: Bachelor's in Information Technology. Experience: 0 years."
Aisha Thompson,45,Female,Master's,Computer Science,6,software engineer,,"[""azure"", ""microservices"", ""mongodb"", ""pytorch"", ""solidity"", ""terraform""]","TensorFlow Developer Certificate, Oracle Certified Professional",0,1,0,4,"Current role: software engineer. Skills: azure, microservices, mongodb, pytorch, solidity, terraform. Education: Master's in Computer Science. Experience: 6 years. Certifications: TensorFlow Developer Certificate, Oracle Certified Professional."
Aarav Lee,42,Male,Bachelor's,Software Engineering,2,machine learning engineer,,"[""agile"", ""graphql"", ""jenkins"", ""node"", ""tensorflow"", ""terraform""]","Certified Kubernetes Administrator, Oracle Certified Professional, Scrum Master Certified",0,1,0,3,"Current role: machine learning engineer. Skills: agile, graphql, jenkins, node, tensorflow, terraform. Education: Bachelor's in Software Engineering. Experience: 2 years. Certifications: Certified Kubernetes Administrator, Oracle Certified Professional, Scrum Master Certified."
Ethan Jackson,41,Female,PhD,Electrical Engineering,4,blockchain engineer,frontend developer,"[""amazon web services"", ""devops"", ""git"", ""mongodb"", ""network security""]",AWS Certified Solutions Architect,0,1,1,5,"Current role: blockchain engineer. Previous roles: frontend developer. Skills: amazon web services, devops, git, mongodb, network security. Education: PhD in Electrical Engineering. Experience: 4 years. Certifications: AWS Certified Solutions Architect."
Aisha Smith,30,Male,Master's,Data Science,0,,,"[""amazon web services"", ""cloud computing"", ""computer vision"", ""git"", ""penetration testing"", ""react"", ""rest apis"", ""terraform""]",,1,0,0,4,"Skills: amazon web services, cloud computing, computer vision, git, penetration testing, react, rest apis, terraform. Education: Master's in Data Science. Experience: 0 years."
Noah Pillai,44,Female,PhD,Electronics Engineering,0,,,"[""javascript"", ""jenkins"", ""network security"", ""node"", ""scrum""]",,1,0,0,5,"Skills: javascript, jenkins, network security, node, scrum. Education: PhD in Electronics Engineering. Experience: 0 years."
Amanda Singh,24,Male,Master's,Data Science,1,cybersecurity engineer,,"[""blockchain"", ""deep learning"", ""git"", ""java"", ""penetration testing"", ""react""]",,0,0,0,4,"Current role: cybersecurity engineer. Skills: blockchain, deep learning, git, java, penetration testing, react. Education: Master's in Data Science. Experience: 1 years."
Aarav Pillai,36,Male,Bachelor's,Artificial Intelligence,3,product manager,,"[""amazon web services"", ""ansible"", ""azure"", ""blockchain"", ""solidity""]",,0,0,0,3,"Current role: product manager. Skills: amazon web services, ansible, azure, blockchain, solidity. Education: Bachelor's in Artificial Intelligence. Experience: 3 years."
Aryan Sharma,28,Female,Master's,Information Systems,9,software developer,ui/ux designer,"[""natural language processing"", ""node"", ""python"", ""react""]",,0,0,1,4,"Current role: software developer. Previous roles: ui/ux designer. Skills: natural language processing, node, python, react. Education: Master's in Information Systems. Experience: 9 years."
Diya Moore,36,Non-Binary,Bachelor's,Information Technology,0,,,"[""deep learning"", ""machine learning"", ""network security"", ""scrum"", ""solidity"", ""terraform""]","Certified Information Systems Security Professional, Google Data Analytics Professional",1,1,0,3,"Skills: deep learning, machine learning, network security, scrum, solidity, terraform. Education: Bachelor's in Information Technology. Experience: 0 years. Certifications: Certified Information Systems Security Professional, Google Data Analytics Professional."
James Wang,38,Non-Binary,Bachelor's,Cybersecurity,0,,,"[""azure"", ""data analysis"", ""deep learning"", ""devops"", ""git"", ""machine learning"", ""network security"", ""sql""]",Google Cloud Professional,1,1,0,3,"Skills: azure, data analysis, deep learning, devops, git, machine learning, network security, sql. Education: Bachelor's in Cybersecurity. Experience: 0 years. Certifications: Google Cloud Professional."
Ashley Thompson,41,Female,Diploma,Computer Science,3,ai ethics officer,full-stack developer,"[""data analysis"", ""git"", ""kafka"", ""microservices""]",,0,0,1,0,"Current role: ai ethics officer. Previous roles: full-stack developer. Skills: data analysis, git, kafka, microservices. Education: Diploma in Computer Science. Experience: 3 years."
Abhinav Jones,27,Female,Bachelor's,Artificial Intelligence,4,quantum computing specialist,,"[""git"", ""javascript"", ""scrum"", ""terraform""]",,0,0,0,3,"Current role: quantum computing specialist. Skills: git, javascript, scrum, terraform. Education: Bachelor's in Artificial Intelligence. Experience: 4 years."
Amanda Venkatesh,34,Female,Master's,Robotics,7,product manager,ai engineer,"[""ansible"", ""microservices"", ""statistics"", ""terraform""]","Certified Ethical Hacker, Scrum Master Certified, CompTIA Security+",0,1,1,4,"Current role: product manager. Previous roles: ai engineer. Skills: ansible, microservices, statistics, terraform. Education: Master's in Robotics. Experience: 7 years. Certifications: Certified Ethical Hacker, Scrum Master Certified, CompTIA Security+."
Christopher Davis,23,Male,Master's,Computer Engineering,0,,,"[""amazon web services"", ""ci/cd"", ""computer vision"", ""data analysis"", ""javascript"", ""jenkins"", ""python"", ""rest apis""]","Scrum Master Certified, Project Management Professional",1,1,0,4,"Skills: amazon web services, ci/cd, computer vision, data analysis, javascript, jenkins, python, rest apis. Education: Master's in Computer Engineering. Experience: 0 years. Certifications: Scrum Master Certified, Project Management Professional."
Aadhya White,22,Female,Master's,Information Systems,1,software engineer,,"[""data analysis"", ""kafka"", ""linux"", ""node"", ""react"", ""solidity"", ""sql""]",Cisco Certified Network Associate,0,1,0,4,"Current role: software engineer. Skills: data analysis, kafka, linux, node, react, solidity, sql. Education: Master's in Information Systems. Experience: 1 years. Certifications: Cisco Certified Network Associate."
Arya Venkatesh,41,Male,Bachelor's,Electronics Engineering,0,,,"[""cloud computing"", ""javascript"", ""kafka"", ""linux"", ""solidity""]",AWS Certified Solutions Architect,1,1,0,3,"Skills: cloud computing, javascript, kafka, linux, solidity. Education: Bachelor's in Electronics Engineering. Experience: 0 years. Certifications: AWS Certified Solutions Architect."
Kavya Liu,22,Non-Binary,Bachelor's,Information Technology,0,,,"[""amazon web services"", ""ci/cd"", ""cloud computing"", ""linux"", ""machine learning"", ""natural language processing"", ""node"", ""solidity""]","Google Cloud Professional, Project Management Professional, Certified Ethical Hacker",1,1,0,3,"Skills: amazon web services, ci/cd, cloud computing, linux, machine learning, natural language processing, node, solidity. Education: Bachelor's in Information Technology. Experience: 0 years. Certifications: Google Cloud Professional, Project Management Professional, Certified Ethical Hacker."
Charlotte Anderson,34,Non-Binary,Bachelor's,Computer Engineering,5,cloud architect,"mlops specialist, software developer","[""ci/cd"", ""javascript"", ""kubernetes"", ""statistics""]",Scrum Master Certified,0,1,1,3,"Current role: cloud architect. Previous roles: mlops specialist, software developer. Skills: ci/cd, javascript, kubernetes, statistics. Education: Bachelor's in Computer Engineering. Experience: 5 years. Certifications: Scrum Master Certified."
Benjamin Brown,33,Non-Binary,High School,Robotics,4,machine learning engineer,,"[""amazon web services"", ""cloud computing"", ""deep learning"", ""graphql"", ""node"", ""react"", ""sql""]","Project Management Professional, Google Data Analytics Professional, CompTIA Security+",0,1,0,1,"Current role: machine learning engineer. Skills: amazon web services, cloud computing, deep learning, graphql, node, react, sql. Education: High School in Robotics. Experience: 4 years. Certifications: Project Management Professional, Google Data Analytics Professional, CompTIA Security+."
Jackson Zhou,32,Male,Master's,Robotics,1,cloud engineer,,"[""ci/cd"", ""graphql"", ""scrum"", ""solidity"", ""sql""]",,0,0,0,4,"Current role: cloud engineer. Skills: ci/cd, graphql, scrum, solidity, sql. Education: Master's in Robotics. Experience: 1 years."
Kavya Garcia,45,Female,Master's,Electronics Engineering,0,,,"[""agile"", ""amazon web services"", ""cloud computing"", ""computer vision"", ""graphql"", ""linux"", ""sql"", ""statistics""]",Scrum Master Certified,1,1,0,4,"Skills: agile, amazon web services, cloud computing, computer vision, graphql, linux, sql, statistics. Education: Master's in Electronics Engineering. Experience: 0 years. Certifications: Scrum Master Certified."
Ankit Martin,29,Non-Binary,Master's,Machine Learning,3,cloud engineer,,"[""blockchain"", ""java"", ""javascript"", ""kubernetes"", ""node""]",Google Data Analytics Professional,0,1,0,4,"Current role: cloud engineer. Skills: blockchain, java, javascript, kubernetes, node. Education: Master's in Machine Learning. Experience: 3 years. Certifications: Google Data Analytics Professional."
Isabella Jain,31,Female,Master's,Electrical Engineering,8,cloud engineer,,"[""graphql"", ""node"", ""scrum"", ""solidity""]","CompTIA Security+, Certified Ethical Hacker, Cisco Certified Network Associate",0,1,0,4,"Current role: cloud engineer. Skills: graphql, node, scrum, solidity. Education: Master's in Electrical Engineering. Experience: 8 years. Certifications: CompTIA Security+, Certified Ethical Hacker, Cisco Certified Network Associate."
Aryan Thomas,42,Non-Binary,Master's,Cybersecurity,2,machine learning engineer,,"[""cloud computing"", ""data analysis"", ""deep learning"", ""kafka"", ""mongodb""]","TensorFlow Developer Certificate, Certified Information Systems Security Professional",0,1,0,4,"Current role: machine learning engineer. Skills: cloud computing, data analysis, deep learning, kafka, mongodb. Education: Master's in Cybersecurity. Experience: 2 years. Certifications: TensorFlow Developer Certificate, Certified Information Systems Security Professional."
Joshua Zhang,27,Female,Master's,Electrical Engineering,6,cloud architect,backend developer,"[""amazon web services"", ""jenkins"", ""kubernetes"", ""mongodb"", ""scrum"", ""statistics""]","TensorFlow Developer Certificate, Oracle Certified Professional",0,1,1,4,"Current role: cloud architect. Previous roles: backend developer. Skills: amazon web services, jenkins, kubernetes, mongodb, scrum, statistics. Education: Master's in Electrical Engineering. Experience: 6 years. Certifications: TensorFlow Developer Certificate, Oracle Certified Professional."
Arya Agarwal,27,Non-Binary,PhD,Software Engineering,3,ai engineer,,"[""ci/cd"", ""java"", ""javascript"", ""kafka"", ""network security"", ""python"", ""pytorch"", ""terraform""]",Cisco Certified Network Associate,0,1,0,5,"Current role: ai engineer. Skills: ci/cd, java, javascript, kafka, network security, python, pytorch, terraform. Education: PhD in Software Engineering. Experience: 3 years. Certifications: Cisco Certified Network Associate."
Matthew Jain,35,Female,Master's,Information Technology,0,,,"[""amazon web services"", ""deep learning"", ""linux"", ""node"", ""scrum"", ""sql""]",Google Data Analytics Professional,1,1,0,4,"Skills: amazon web services, deep learning, linux, node, scrum, sql. Education: Master's in Information Technology. Experience: 0 years. Certifications: Google Data Analytics Professional."
Andrew Patel,43,Non-Binary,Bachelor's,Computer Science,0,,,"[""ansible"", ""devops"", ""linux"", ""pytorch""]",,1,0,0,3,"Skills: ansible, devops, linux, pytorch. Education: Bachelor's in Computer Science. Experience: 0 years."
Sophia Chen,27,Female,Master's,Machine Learning,4,devops engineer,"software developer, product manager","[""azure"", ""devops"", ""machine learning"", ""python"", ""pytorch"", ""sql"", ""statistics""]","Google Cloud Professional, TensorFlow Developer Certificate, Google Data Analytics Professional",0,1,1,4,"Current role: devops engineer. Previous roles: software developer, product manager. Skills: azure, devops, machine learning, python, pytorch, sql, statistics. Education: Master's in Machine Learning. Experience: 4 years. Certifications: Google Cloud Professional, TensorFlow Developer Certificate, Google Data Analytics Professional."
Benjamin Reddy,37,Non-Binary,Diploma,Computer Engineering,3,product manager,cloud engineer,"[""network security"", ""penetration testing"", ""rest apis"", ""scrum"", ""spark"", ""terraform""]","Google Cloud Professional, Certified Kubernetes Administrator",0,1,1,0,"Current role: product manager. Previous roles: cloud engineer. Skills: network security, penetration testing, rest apis, scrum, spark, terraform. Education: Diploma in Computer Engineering. Experience: 3 years. Certifications: Google Cloud Professional, Certified Kubernetes Administrator."
Evelyn Wilson,42,Male,Bachelor's,Artificial Intelligence,6,data scientist,"blockchain engineer, backend developer","[""graphql"", ""natural language processing"", ""network security"", ""penetration testing"", ""spark""]",,0,0,1,3,"Current role: data scientist. Previous roles: blockchain engineer, backend developer. Skills: graphql, natural language processing, network security, penetration testing, spark. Education: Bachelor's in Artificial Intelligence. Experience: 6 years."
Michael Moore,35,Female,Bachelor's,Computer Science,0,,,"[""agile"", ""deep learning"", ""git"", ""graphql"", ""javascript"", ""solidity"", ""spark""]",Google Data Analytics Professional,1,1,0,3,"Skills: agile, deep learning, git, graphql, javascript, solidity, spark. Education: Bachelor's in Computer Science. Experience: 0 years. Certifications: Google Data Analytics Professional."
Karan Anderson,25,Non-Binary,Master's,Robotics,2,prompt engineer,,"[""agile"", ""ansible"", ""machine learning"", ""node"", ""react"", ""scrum"", ""sql""]","Google Data Analytics Professional, Certified Kubernetes Administrator",0,1,0,4,"Current role: prompt engineer. Skills: agile, ansible, machine learning, node, react, scrum, sql. Education: Master's in Robotics. Experience: 2 years. Certifications: Google Data Analytics Professional, Certified Kubernetes Administrator."
Noah Pillai,44,Male,PhD,Computer Science,1,full-stack developer,,"[""cloud computing"", ""git"", ""javascript"", ""kubernetes"", ""mongodb"", ""network security"", ""rest apis"", ""statistics""]",,0,0,0,5,"Current role: full-stack developer. Skills: cloud computing, git, javascript, kubernetes, mongodb, network security, rest apis, statistics. Education: PhD in Computer Science. Experience: 1 years."
Amelia Bansal,44,Female,PhD,Information Technology,1,cybersecurity analyst,,"[""docker"", ""graphql"", ""java"", ""mongodb"", ""python"", ""pytorch"", ""rest apis"", ""terraform""]","Oracle Certified Professional, Certified Information Systems Security Professional",0,1,0,5,"Current role: cybersecurity analyst. Skills: docker, graphql, java, mongodb, python, pytorch, rest apis, terraform. Education: PhD in Information Technology. Experience: 1 years. Certifications: Oracle Certified Professional, Certified Information Systems Security Professional."
Meera Reddy,33,Female,Bachelor's,Data Science,0,,,"[""cloud computing"", ""data analysis"", ""java"", ""microservices"", ""natural language processing"", ""penetration testing"", ""statistics"", ""terraform""]","CompTIA Security+, Certified Ethical Hacker, Certified Information Systems Security Professional",1,1,0,3,"Skills: cloud computing, data analysis, java, microservices, natural language processing, penetration testing, statistics, terraform. Education: Bachelor's in Data Science. Experience: 0 years. Certifications: CompTIA Security+, Certified Ethical Hacker, Certified Information Systems Security Professional."
Andrew Jones,35,Female,Master's,Information Technology,2,data scientist,,"[""agile"", ""docker"", ""kubernetes"", ""machine learning"", ""mongodb"", ""sql""]","Scrum Master Certified, Certified Kubernetes Administrator, Google Cloud Professional",0,1,0,4,"Current role: data scientist. Skills: agile, docker, kubernetes, machine learning, mongodb, sql. Education: Master's in Information Technology. Experience: 2 years. Certifications: Scrum Master Certified, Certified Kubernetes Administrator, Google Cloud Professional."
Ava Martin,30,Non-Binary,Bachelor's,Software Engineering,0,,,"[""data analysis"", ""graphql"", ""jenkins"", ""machine learning"", ""network security"", ""python""]","Certified Information Systems Security Professional, Project Management Professional, Certified Kubernetes Administrator",1,1,0,3,"Skills: data analysis, graphql, jenkins, machine learning, network security, python. Education: Bachelor's in Software Engineering. Experience: 0 years. Certifications: Certified Information Systems Security Professional, Project Management Professional, Certified Kubernetes Administrator."
Harper Wang,23,Female,Bachelor's,Computer Science,8,devops engineer,,"[""amazon web services"", ""blockchain"", ""javascript"", ""kubernetes"", ""network security"", ""pytorch"", ""solidity"", ""spark""]",Project Management Professional,0,1,0,3,"Current role: devops engineer. Skills: amazon web services, blockchain, javascript, kubernetes, network security, pytorch, solidity, spark. Education: Bachelor's in Computer Science. Experience: 8 years. Certifications: Project Management Professional."
Ankit Jackson,30,Non-Binary,PhD,Electronics Engineering,7,blockchain engineer,"devops engineer, machine learning engineer, ai ethics officer","[""ci/cd"", ""docker"", ""jenkins"", ""kafka"", ""kubernetes"", ""linux"", ""machine learning"", ""statistics""]","TensorFlow Developer Certificate, Oracle Certified Professional",0,1,1,5,"Current role: blockchain engineer. Previous roles: devops engineer, machine learning engineer, ai ethics officer. Skills: ci/cd, docker, jenkins, kafka, kubernetes, linux, machine learning, statistics. Education: PhD in Electronics Engineering. Experience: 7 years. Certifications: TensorFlow Developer Certificate, Oracle Certified Professional."
Aadhya Martinez,43,Male,Bachelor's,Information Technology,6,quantum computing specialist,"big data engineer, cloud architect","[""agile"", ""cybersecurity"", ""kubernetes"", ""mongodb"", ""node"", ""react"", ""scrum""]",Certified Information Systems Security Professional,0,1,1,3,"Current role: quantum computing specialist. Previous roles: big data engineer, cloud architect. Skills: agile, cybersecurity, kubernetes, mongodb, node, react, scrum. Education: Bachelor's in Information Technology. Experience: 6 years. Certifications: Certified Information Systems Security Professional."
Ava Pillai,38,Non-Binary,Master's,Information Technology,4,software developer,"cloud architect, backend developer","[""computer vision"", ""data analysis"", ""machine learning"", ""mongodb"", ""tensorflow""]",,0,0,1,4,"Current role: software developer. Previous roles: cloud architect, backend developer. Skills: computer vision, data analysis, machine learning, mongodb, tensorflow. Education: Master's in Information Technology. Experience: 4 years."
Noah Smith,21,Male,Certificate,Information Technology,7,cloud architect,"prompt engineer, ui/ux designer, mlops specialist","[""docker"", ""kubernetes"", ""linux"", ""penetration testing"", ""python""]",,0,0,1,0,"Current role: cloud architect. Previous roles: prompt engineer, ui/ux designer, mlops specialist. Skills: docker, kubernetes, linux, penetration testing, python. Education: Certificate in Information Technology. Experience: 7 years."
Jackson Pillai,33,Female,Master's,Robotics,3,ai ethics officer,backend developer,"[""devops"", ""git"", ""kafka"", ""linux"", ""machine learning"", ""sql""]",Project Management Professional,0,1,1,4,"Current role: ai ethics officer. Previous roles: backend developer. Skills: devops, git, kafka, linux, machine learning, sql. Education: Master's in Robotics. Experience: 3 years. Certifications: Project Management Professional."
Rohan Jackson,41,Female,Bachelor's,Cybersecurity,3,mobile applications developer,prompt engineer,"[""ansible"", ""blockchain"", ""ci/cd"", ""machine learning"", ""microservices"", ""pytorch""]",CompTIA Security+,0,1,1,3,"Current role: mobile applications developer. Previous roles: prompt engineer. Skills: ansible, blockchain, ci/cd, machine learning, microservices, pytorch. Education: Bachelor's in Cybersecurity. Experience: 3 years. Certifications: CompTIA Security+."
Charlotte Miller,37,Male,Master's,Computer Science,1,cybersecurity engineer,,"[""computer vision"", ""data analysis"", ""javascript"", ""penetration testing"", ""react"", ""rest apis""]",,0,0,0,4,"Current role: cybersecurity engineer. Skills: computer vision, data analysis, javascript, penetration testing, react, rest apis. Education: Master's in Computer Science. Experience: 1 years."
David Wu,38,Male,High School,Computer Science,0,,,"[""amazon web services"", ""azure"", ""graphql"", ""sql"", ""tensorflow""]",,1,0,0,1,"Skills: amazon web services, azure, graphql, sql, tensorflow. Education: High School in Computer Science. Experience: 0 years."
Ananya Menon,29,Male,Master's,Robotics,0,,,"[""ci/cd"", ""devops"", ""kubernetes"", ""linux"", ""python"", ""rest apis""]","Project Management Professional, Oracle Certified Professional, AWS Certified Solutions Architect",1,1,0,4,"Skills: ci/cd, devops, kubernetes, linux, python, rest apis. Education: Master's in Robotics. Experience: 0 years. Certifications: Project Management Professional, Oracle Certified Professional, AWS Certified Solutions Architect."
Abhinav Davis,40,Male,Master's,Artificial Intelligence,0,,,"[""ansible"", ""data analysis"", ""git"", ""scrum""]",,1,0,0,4,"Skills: ansible, data analysis, git, scrum. Education: Master's in Artificial Intelligence. Experience: 0 years."
Akash Johnson,44,Male,Bachelor's,Electrical Engineering,0,,,"[""ci/cd"", ""kubernetes"", ""machine learning"", ""python""]","Google Cloud Professional, CompTIA Security+, Certified Kubernetes Administrator",1,1,0,3,"Skills: ci/cd, kubernetes, machine learning, python. Education: Bachelor's in Electrical Engineering. Experience: 0 years. Certifications: Google Cloud Professional, CompTIA Security+, Certified Kubernetes Administrator."
Joshua Wu,44,Male,Bachelor's,Artificial Intelligence,4,frontend developer,cybersecurity analyst,"[""azure"", ""data analysis"", ""deep learning"", ""graphql"", ""linux"", ""tensorflow""]",Cisco Certified Network Associate,0,1,1,3,"Current role: frontend developer. Previous roles: cybersecurity analyst. Skills: azure, data analysis, deep learning, graphql, linux, tensorflow. Education: Bachelor's in Artificial Intelligence. Experience: 4 years. Certifications: Cisco Certified Network Associate."
Benjamin Srinivasan,32,Female,Master's,Information Systems,4,mobile applications developer,,"[""docker"", ""javascript"", ""kafka"", ""microservices"", ""terraform""]",CompTIA Security+,0,1,0,4,"Current role: mobile applications developer. Skills: docker, javascript, kafka, microservices, terraform. Education: Master's in Information Systems. Experience: 4 years. Certifications: CompTIA Security+."
Noah White,29,Male,PhD,Information Systems,5,backend developer,,"[""azure"", ""cybersecurity"", ""kafka"", ""linux"", ""penetration testing""]","Scrum Master Certified, Certified Ethical Hacker",0,1,0,5,"Current role: backend developer. Skills: azure, cybersecurity, kafka, linux, penetration testing. Education: PhD in Information Systems. Experience: 5 years. Certifications: Scrum Master Certified, Certified Ethical Hacker."
Michael Reddy,31,Female,Master's,Information Technology,1,devops engineer,,"[""cybersecurity"", ""git"", ""java"", ""kubernetes"", ""tensorflow"", ""terraform""]","Oracle Certified Professional, Scrum Master Certified, TensorFlow Developer Certificate",0,1,0,4,"Current role: devops engineer. Skills: cybersecurity, git, java, kubernetes, tensorflow, terraform. Education: Master's in Information Technology. Experience: 1 years. Certifications: Oracle Certified Professional, Scrum Master Certified, TensorFlow Developer Certificate."
Diya Anderson,36,Non-Binary,Bachelor's,Computer Science,0,,,"[""blockchain"", ""cloud computing"", ""data analysis"", ""graphql"", ""java"", ""kubernetes"", ""mongodb"", ""rest apis""]","Scrum Master Certified, CompTIA Security+",1,1,0,3,"Skills: blockchain, cloud computing, data analysis, graphql, java, kubernetes, mongodb, rest apis. Education: Bachelor's in Computer Science. Experience: 0 years. Certifications: Scrum Master Certified, CompTIA Security+."
Emily Kumar,23,Female,Master's,Software Engineering,2,big data engineer,,"[""cybersecurity"", ""docker"", ""kubernetes"", ""python"", ""pytorch"", ""rest apis"", ""tensorflow""]","Cisco Certified Network Associate, Google Cloud Professional",0,1,0,4,"Current role: big data engineer. Skills: cybersecurity, docker, kubernetes, python, pytorch, rest apis, tensorflow. Education: Master's in Software Engineering. Experience: 2 years. Certifications: Cisco Certified Network Associate, Google Cloud Professional."
Aadhya Reddy,26,Female,Bachelor's,Information Systems,2,site reliability engineer,,"[""cybersecurity"", ""jenkins"", ""machine learning"", ""microservices"", ""mongodb"", ""natural language processing"", ""penetration testing""]",Certified Information Systems Security Professional,0,1,0,3,"Current role: site reliability engineer. Skills: cybersecurity, jenkins, machine learning, microservices, mongodb, natural language processing, penetration testing. Education: Bachelor's in Information Systems. Experience: 2 years. Certifications: Certified Information Systems Security Professional."
Amelia Menon,23,Female,Master's,Robotics,1,cybersecurity engineer,,"[""deep learning"", ""natural language processing"", ""spark"", ""tensorflow""]","Certified Information Systems Security Professional, Oracle Certified Professional",0,1,0,4,"Current role: cybersecurity engineer. Skills: deep learning, natural language processing, spark, tensorflow. Education: Master's in Robotics. Experience: 1 years. Certifications: Certified Information Systems Security Professional, Oracle Certified Professional."
Arjun Rao,27,Male,Bachelor's,Artificial Intelligence,3,cybersecurity analyst,,"[""blockchain"", ""docker"", ""git"", ""microservices"", ""statistics"", ""tensorflow""]","Project Management Professional, TensorFlow Developer Certificate, AWS Certified Solutions Architect",0,1,0,3,"Current role: cybersecurity analyst. Skills: blockchain, docker, git, microservices, statistics, tensorflow. Education: Bachelor's in Artificial Intelligence. Experience: 3 years. Certifications: Project Management Professional, TensorFlow Developer Certificate, AWS Certified Solutions Architect."
Akash Taylor,42,Non-Binary,Bachelor's,Artificial Intelligence,2,ai engineer,,"[""azure"", ""cloud computing"", ""jenkins"", ""linux"", ""microservices""]","AWS Certified Solutions Architect, TensorFlow Developer Certificate, Project Management Professional",0,1,0,3,"Current role: ai engineer. Skills: azure, cloud computing, jenkins, linux, microservices. Education: Bachelor's in Artificial Intelligence. Experience: 2 years. Certifications: AWS Certified Solutions Architect, TensorFlow Developer Certificate, Project Management Professional."
Sarah Jain,40,Female,Master's,Machine Learning,7,frontend developer,"ui/ux designer, data scientist, cloud engineer","[""amazon web services"", ""blockchain"", ""ci/cd"", ""microservices"", ""tensorflow"", ""terraform""]",,0,0,1,4,"Current role: frontend developer. Previous roles: ui/ux designer, data scientist, cloud engineer. Skills: amazon web services, blockchain, ci/cd, microservices, tensorflow, terraform. Education: Master's in Machine Learning. Experience: 7 years."
Evelyn Thomas,22,Non-Binary,Master's,Computer Engineering,0,,,"[""data analysis"", ""java"", ""spark"", ""statistics"", ""tensorflow"", ""terraform""]","Certified Ethical Hacker, AWS Certified Solutions Architect",1,1,0,4,"Skills: data analysis, java, spark, statistics, tensorflow, terraform. Education: Master's in Computer Engineering. Experience: 0 years. Certifications: Certified Ethical Hacker, AWS Certified Solutions Architect."
Benjamin Zhang,22,Non-Binary,Master's,Data Science,0,,,"[""azure"", ""docker"", ""mongodb"", ""terraform""]","Certified Ethical Hacker, Cisco Certified Network Associate, Certified Information Systems Security Professional",1,1,0,4,"Skills: azure, docker, mongodb, terraform. Education: Master's in Data Science. Experience: 0 years. Certifications: Certified Ethical Hacker, Cisco Certified Network Associate, Certified Information Systems Security Professional."
James Thomas,22,Male,Master's,Robotics,0,,,"[""agile"", ""cloud computing"", ""microservices"", ""sql""]","Certified Ethical Hacker, Oracle Certified Professional",1,1,0,4,"Skills: agile, cloud computing, microservices, sql. Education: Master's in Robotics. Experience: 0 years. Certifications: Certified Ethical Hacker, Oracle Certified Professional."
Harper Jain,27,Non-Binary,Bachelor's,Computer Engineering,0,,,"[""blockchain"", ""ci/cd"", ""data analysis"", ""machine learning"", ""natural language processing"", ""penetration testing"", ""react"", ""terraform""]",Cisco Certified Network Associate,1,1,0,3,"Skills: blockchain, ci/cd, data analysis, machine learning, natural language processing, penetration testing, react, terraform. Education: Bachelor's in Computer Engineering. Experience: 0 years. Certifications: Cisco Certified Network Associate."
Isabella Davis,21,Female,Bachelor's,Artificial Intelligence,4,backend developer,"cloud architect, mobile applications developer","[""cybersecurity"", ""data analysis"", ""linux"", ""mongodb"", ""spark""]",Certified Kubernetes Administrator,0,1,1,3,"Current role: backend developer. Previous roles: cloud architect, mobile applications developer. Skills: cybersecurity, data analysis, linux, mongodb, spark. Education: Bachelor's in Artificial Intelligence. Experience: 4 years. Certifications: Certified Kubernetes Administrator."
Michael Lee,40,Female,Master's,Machine Learning,2,quantum computing specialist,,"[""agile"", ""linux"", ""scrum"", ""solidity""]",TensorFlow Developer Certificate,0,1,0,4,"Current role: quantum computing specialist. Skills: agile, linux, scrum, solidity. Education: Master's in Machine Learning. Experience: 2 years. Certifications: TensorFlow Developer Certificate."
Amelia Singh,42,Non-Binary,Diploma,Electronics Engineering,1,ai ethics officer,,"[""ci/cd"", ""devops"", ""git"", ""linux"", ""machine learning"", ""scrum"", ""sql"", ""statistics""]","Project Management Professional, TensorFlow Developer Certificate, AWS Certified Solutions Architect",0,1,0,0,"Current role: ai ethics officer. Skills: ci/cd, devops, git, linux, machine learning, scrum, sql, statistics. Education: Diploma in Electronics Engineering. Experience: 1 years. Certifications: Project Management Professional, TensorFlow Developer Certificate, AWS Certified Solutions Architect."
Samantha Verma,45,Female,Master's,Machine Learning,6,product manager,"software engineer, site reliability engineer","[""amazon web services"", ""azure"", ""machine learning"", ""microservices"", ""mongodb"", ""rest apis"", ""terraform""]",Google Cloud Professional,0,1,1,4,"Current role: product manager. Previous roles: software engineer, site reliability engineer. Skills: amazon web services, azure, machine learning, microservices, mongodb, rest apis, terraform. Education: Master's in Machine Learning. Experience: 6 years. Certifications: Google Cloud Professional."
Lucas Wilson,45,Female,Master's,Electronics Engineering,2,backend developer,,"[""ansible"", ""cloud computing"", ""deep learning"", ""kafka"", ""rest apis"", ""terraform""]","Oracle Certified Professional, TensorFlow Developer Certificate, Cisco Certified Network Associate",0,1,0,4,"Current role: backend developer. Skills: ansible, cloud computing, deep learning, kafka, rest apis, terraform. Education: Master's in Electronics Engineering. Experience: 2 years. Certifications: Oracle Certified Professional, TensorFlow Developer Certificate, Cisco Certified Network Associate."
Kavya Anderson,45,Female,Master's,Electronics Engineering,1,prompt engineer,,"[""deep learning"", ""graphql"", ""java"", ""jenkins"", ""kafka"", ""pytorch"", ""spark""]",Scrum Master Certified,0,1,0,4,"Current role: prompt engineer. Skills: deep learning, graphql, java, jenkins, kafka, pytorch, spark. Education: Master's in Electronics Engineering. Experience: 1 years. Certifications: Scrum Master Certified."
Jackson Smith,39,Non-Binary,Master's,Information Technology,3,big data engineer,cybersecurity analyst,"[""ansible"", ""cloud computing"", ""microservices"", ""spark""]",Microsoft Azure Fundamentals,0,1,1,4,"Current role: big data engineer. Previous roles: cybersecurity analyst. Skills: ansible, cloud computing, microservices, spark. Education: Master's in Information Technology. Experience: 3 years. Certifications: Microsoft Azure Fundamentals."
Noah Krishnan,35,Female,Bachelor's,Electrical Engineering,0,,,"[""amazon web services"", ""cloud computing"", ""cybersecurity"", ""spark"", ""tensorflow""]","Microsoft Azure Fundamentals, Certified Kubernetes Administrator",1,1,0,3,"Skills: amazon web services, cloud computing, cybersecurity, spark, tensorflow. Education: Bachelor's in Electrical Engineering. Experience: 0 years. Certifications: Microsoft Azure Fundamentals, Certified Kubernetes Administrator."
Christopher Chen,34,Non-Binary,Certificate,Artificial Intelligence,0,,,"[""amazon web services"", ""computer vision"", ""java"", ""kafka"", ""penetration testing"", ""solidity"", ""terraform""]",,1,0,0,0,"Skills: amazon web services, computer vision, java, kafka, penetration testing, solidity, terraform. Education: Certificate in Artificial Intelligence. Experience: 0 years."
Amelia Liu,37,Non-Binary,Master's,Artificial Intelligence,7,cloud engineer,,"[""amazon web services"", ""computer vision"", ""docker"", ""kafka""]",Certified Information Systems Security Professional,0,1,0,4,"Current role: cloud engineer. Skills: amazon web services, computer vision, docker, kafka. Education: Master's in Artificial Intelligence. Experience: 7 years. Certifications: Certified Information Systems Security Professional."
David Wang,23,Female,PhD,Machine Learning,0,,,"[""agile"", ""computer vision"", ""jenkins"", ""solidity"", ""spark"", ""statistics""]","Scrum Master Certified, AWS Certified Solutions Architect",1,1,0,5,"Skills: agile, computer vision, jenkins, solidity, spark, statistics. Education: PhD in Machine Learning. Experience: 0 years. Certifications: Scrum Master Certified, AWS Certified Solutions Architect."
Meera Thomas,43,Female,Bachelor's,Robotics,2,devops engineer,,"[""ansible"", ""azure"", ""docker"", ""git"", ""penetration testing"", ""solidity"", ""statistics"", ""terraform""]","Cisco Certified Network Associate, Project Management Professional, Certified Kubernetes Administrator",0,1,0,3,"Current role: devops engineer. Skills: ansible, azure, docker, git, penetration testing, solidity, statistics, terraform. Education: Bachelor's in Robotics. Experience: 2 years. Certifications: Cisco Certified Network Associate, Project Management Professional, Certified Kubernetes Administrator."
Charlotte Zhang,37,Non-Binary,PhD,Information Systems,6,full-stack developer,,"[""ci/cd"", ""cloud computing"", ""devops"", ""docker"", ""kubernetes"", ""linux"", ""scrum""]","TensorFlow Developer Certificate, Project Management Professional, Microsoft Azure Fundamentals",0,1,0,5,"Current role: full-stack developer. Skills: ci/cd, cloud computing, devops, docker, kubernetes, linux, scrum. Education: PhD in Information Systems. Experience: 6 years. Certifications: TensorFlow Developer Certificate, Project Management Professional, Microsoft Azure Fundamentals."
Sophia Martinez,27,Male,Bachelor's,Electrical Engineering,3,cloud engineer,mlops specialist,"[""cybersecurity"", ""jenkins"", ""network security"", ""python"", ""scrum""]",CompTIA Security+,0,1,1,3,"Current role: cloud engineer. Previous roles: mlops specialist. Skills: cybersecurity, jenkins, network security, python, scrum. Education: Bachelor's in Electrical Engineering. Experience: 3 years. Certifications: CompTIA Security+."
Lucas Pillai,38,Non-Binary,Master's,Information Technology,4,data scientist,,"[""ansible"", ""computer vision"", ""devops"", ""jenkins"", ""natural language processing"", ""spark"", ""tensorflow""]",CompTIA Security+,0,1,0,4,"Current role: data scientist. Skills: ansible, computer vision, devops, jenkins, natural language processing, spark, tensorflow. Education: Master's in Information Technology. Experience: 4 years. Certifications: CompTIA Security+."
Olivia Zhang,23,Male,Master's,Computer Science,7,software engineer,cloud engineer,"[""cybersecurity"", ""kafka"", ""mongodb"", ""natural language processing"", ""penetration testing""]",,0,0,1,4,"Current role: software engineer. Previous roles: cloud engineer. Skills: cybersecurity, kafka, mongodb, natural language processing, penetration testing. Education: Master's in Computer Science. Experience: 7 years."
Aryan Brown,40,Female,Bachelor's,Computer Science,4,software developer,"ui/ux designer, blockchain engineer","[""amazon web services"", ""computer vision"", ""cybersecurity"", ""graphql"", ""python"", ""pytorch"", ""solidity""]","TensorFlow Developer Certificate, Project Management Professional",0,1,1,3,"Current role: software developer. Previous roles: ui/ux designer, blockchain engineer. Skills: amazon web services, computer vision, cybersecurity, graphql, python, pytorch, solidity. Education: Bachelor's in Computer Science. Experience: 4 years. Certifications: TensorFlow Developer Certificate, Project Management Professional."
Jackson Anderson,29,Non-Binary,Master's,Computer Engineering,7,cybersecurity engineer,software engineer,"[""amazon web services"", ""cloud computing"", ""linux"", ""network security"", ""penetration testing"", ""python"", ""tensorflow""]","Microsoft Azure Fundamentals, Oracle Certified Professional, Google Cloud Professional",0,1,1,4,"Current role: cybersecurity engineer. Previous roles: software engineer. Skills: amazon web services, cloud computing, linux, network security, penetration testing, python, tensorflow. Education: Master's in Computer Engineering. Experience: 7 years. Certifications: Microsoft Azure Fundamentals, Oracle Certified Professional, Google Cloud Professional."
Samantha Jones,27,Female,Master's,Cybersecurity,3,mlops specialist,blockchain engineer,"[""docker"", ""git"", ""kubernetes"", ""linux"", ""machine learning"", ""mongodb"", ""pytorch""]","Oracle Certified Professional, Microsoft Azure Fundamentals, CompTIA Security+",0,1,1,4,"Current role: mlops specialist. Previous roles: blockchain engineer. Skills: docker, git, kubernetes, linux, machine learning, mongodb, pytorch. Education: Master's in Cybersecurity. Experience: 3 years. Certifications: Oracle Certified Professional, Microsoft Azure Fundamentals, CompTIA Security+."
Ava Reddy,30,Female,Bachelor's,Cybersecurity,0,,,"[""blockchain"", ""git"", ""graphql"", ""python"", ""rest apis"", ""solidity""]","AWS Certified Solutions Architect, Certified Ethical Hacker, Certified Information Systems Security Professional",1,1,0,3,"Skills: blockchain, git, graphql, python, rest apis, solidity. Education: Bachelor's in Cybersecurity. Experience: 0 years. Certifications: AWS Certified Solutions Architect, Certified Ethical Hacker, Certified Information Systems Security Professional."
Olivia Brown,42,Non-Binary,Bachelor's,Cybersecurity,7,software developer,"data scientist, backend developer, full-stack developer","[""ansible"", ""blockchain"", ""linux"", ""machine learning"", ""microservices"", ""pytorch""]","Cisco Certified Network Associate, Google Cloud Professional, CompTIA Security+",0,1,1,3,"Current role: software developer. Previous roles: data scientist, backend developer, full-stack developer. Skills: ansible, blockchain, linux, machine learning, microservices, pytorch. Education: Bachelor's in Cybersecurity. Experience: 7 years. Certifications: Cisco Certified Network Associate, Google Cloud Professional, CompTIA Security+."
Matthew Rao,28,Female,Certificate,Electrical Engineering,0,,,"[""agile"", ""data analysis"", ""mongodb"", ""react""]","TensorFlow Developer Certificate, Cisco Certified Network Associate",1,1,0,0,"Skills: agile, data analysis, mongodb, react. Education: Certificate in Electrical Engineering. Experience: 0 years. Certifications: TensorFlow Developer Certificate, Cisco Certified Network Associate."
Aisha Wilson,45,Non-Binary,Bachelor's,Software Engineering,0,,,"[""ansible"", ""git"", ""jenkins"", ""linux"", ""natural language processing"", ""pytorch"", ""solidity"", ""sql""]","Google Data Analytics Professional, Oracle Certified Professional",1,1,0,3,"Skills: ansible, git, jenkins, linux, natural language processing, pytorch, solidity, sql. Education: Bachelor's in Software Engineering. Experience: 0 years. Certifications: Google Data Analytics Professional, Oracle Certified Professional."
Ashley Liu,44,Female,Diploma,Cybersecurity,0,,,"[""ci/cd"", ""cybersecurity"", ""deep learning"", ""linux"", ""tensorflow""]","Certified Kubernetes Administrator, Project Management Professional",1,1,0,0,"Skills: ci/cd, cybersecurity, deep learning, linux, tensorflow. Education: Diploma in Cybersecurity. Experience: 0 years. Certifications: Certified Kubernetes Administrator, Project Management Professional."
Ankit Kim,34,Female,Bachelor's,Machine Learning,8,quantum computing specialist,mlops specialist,"[""blockchain"", ""ci/cd"", ""cloud computing"", ""java"", ""javascript"", ""kafka"", ""linux"", ""react""]","Cisco Certified Network Associate, Scrum Master Certified, Certified Information Systems Security Professional",0,1,1,3,"Current role: quantum computing specialist. Previous roles: mlops specialist. Skills: blockchain, ci/cd, cloud computing, java, javascript, kafka, linux, react. Education: Bachelor's in Machine Learning. Experience: 8 years. Certifications: Cisco Certified Network Associate, Scrum Master Certified, Certified Information Systems Security Professional."
Meera White,40,Non-Binary,Certificate,Information Technology,4,backend developer,ai engineer,"[""agile"", ""cybersecurity"", ""data analysis"", ""docker"", ""node"", ""solidity"", ""tensorflow""]","TensorFlow Developer Certificate, Google Data Analytics Professional",0,1,1,0,"Current role: backend developer. Previous roles: ai engineer. Skills: agile, cybersecurity, data analysis, docker, node, solidity, tensorflow. Education: Certificate in Information Technology. Experience: 4 years. Certifications: TensorFlow Developer Certificate, Google Data Analytics Professional."
Sophia Wilson,34,Male,Bachelor's,Data Science,0,,,"[""cybersecurity"", ""docker"", ""jenkins"", ""pytorch"", ""scrum"", ""terraform""]",Certified Kubernetes Administrator,1,1,0,3,"Skills: cybersecurity, docker, jenkins, pytorch, scrum, terraform. Education: Bachelor's in Data Science. Experience: 0 years. Certifications: Certified Kubernetes Administrator."
Diya Singh,45,Male,Master's,Information Technology,7,prompt engineer,"ai engineer, mobile applications developer, software engineer","[""blockchain"", ""deep learning"", ""git"", ""kubernetes"", ""machine learning"", ""pytorch""]","Certified Kubernetes Administrator, Oracle Certified Professional",0,1,1,4,"Current role: prompt engineer. Previous roles: ai engineer, mobile applications developer, software engineer. Skills: blockchain, deep learning, git, kubernetes, machine learning, pytorch. Education: Master's in Information Technology. Experience: 7 years. Certifications: Certified Kubernetes Administrator, Oracle Certified Professional."
Aditi Thompson,35,Female,Bachelor's,Artificial Intelligence,0,,,"[""cloud computing"", ""kafka"", ""sql"", ""tensorflow""]",,1,0,0,3,"Skills: cloud computing, kafka, sql, tensorflow. Education: Bachelor's in Artificial Intelligence. Experience: 0 years."
Joshua Subramanian,32,Non-Binary,Certificate,Artificial Intelligence,0,,,"[""ci/cd"", ""cloud computing"", ""computer vision"", ""penetration testing"", ""sql""]",,1,0,0,0,"Skills: ci/cd, cloud computing, computer vision, penetration testing, sql. Education: Certificate in Artificial Intelligence. Experience: 0 years."
Amelia Agarwal,32,Female,PhD,Information Technology,0,,,"[""data analysis"", ""deep learning"", ""java"", ""microservices"", ""penetration testing"", ""sql""]","AWS Certified Solutions Architect, Microsoft Azure Fundamentals",1,1,0,5,"Skills: data analysis, deep learning, java, microservices, penetration testing, sql. Education: PhD in Information Technology. Experience: 0 years. Certifications: AWS Certified Solutions Architect, Microsoft Azure Fundamentals."
Arya Bansal,43,Female,Master's,Computer Science,0,,,"[""ci/cd"", ""graphql"", ""kubernetes"", ""statistics"", ""tensorflow""]",Google Data Analytics Professional,1,1,0,4,"Skills: ci/cd, graphql, kubernetes, statistics, tensorflow. Education: Master's in Computer Science. Experience: 0 years. Certifications: Google Data Analytics Professional."
Aarav Rao,27,Female,Bachelor's,Cybersecurity,0,,,"[""agile"", ""docker"", ""java"", ""javascript"", ""jenkins"", ""kafka"", ""linux"", ""penetration testing""]","AWS Certified Solutions Architect, Google Data Analytics Professional, Certified Ethical Hacker",1,1,0,3,"Skills: agile, docker, java, javascript, jenkins, kafka, linux, penetration testing. Education: Bachelor's in Cybersecurity. Experience: 0 years. Certifications: AWS Certified Solutions Architect, Google Data Analytics Professional, Certified Ethical Hacker."
Sophia Gupta,34,Male,Bachelor's,Machine Learning,0,,,"[""azure"", ""devops"", ""git"", ""penetration testing"", ""python"", ""solidity"", ""terraform""]","Microsoft Azure Fundamentals, Certified Information Systems Security Professional",1,1,0,3,"Skills: azure, devops, git, penetration testing, python, solidity, terraform. Education: Bachelor's in Machine Learning. Experience: 0 years. Certifications: Microsoft Azure Fundamentals, Certified Information Systems Security Professional."
Rahul Yang,39,Male,Bachelor's,Information Systems,4,machine learning engineer,backend developer,"[""deep learning"", ""mongodb"", ""rest apis"", ""sql"", ""statistics""]",,0,0,1,3,"Current role: machine learning engineer. Previous roles: backend developer. Skills: deep learning, mongodb, rest apis, sql, statistics. Education: Bachelor's in Information Systems. Experience: 4 years."
Vikram Iyer,39,Female,Master's,Software Engineering,0,,,"[""ci/cd"", ""docker"", ""javascript"", ""microservices"", ""pytorch"", ""react"", ""tensorflow""]",,1,0,0,4,"Skills: ci/cd, docker, javascript, microservices, pytorch, react, tensorflow. Education: Master's in Software Engineering. Experience: 0 years."
Priya Reddy,32,Male,Master's,Electrical Engineering,0,,,"[""amazon web services"", ""computer vision"", ""cybersecurity"", ""data analysis"", ""machine learning"", ""solidity"", ""terraform""]","Certified Information Systems Security Professional, Microsoft Azure Fundamentals",1,1,0,4,"Skills: amazon web services, computer vision, cybersecurity, data analysis, machine learning, solidity, terraform. Education: Master's in Electrical Engineering. Experience: 0 years. Certifications: Certified Information Systems Security Professional, Microsoft Azure Fundamentals."
Samantha Iyer,29,Male,Master's,Artificial Intelligence,3,cybersecurity engineer,,"[""azure"", ""deep learning"", ""mongodb"", ""terraform""]","Google Cloud Professional, Oracle Certified Professional, Google Data Analytics Professional",0,1,0,4,"Current role: cybersecurity engineer. Skills: azure, deep learning, mongodb, terraform. Education: Master's in Artificial Intelligence. Experience: 3 years. Certifications: Google Cloud Professional, Oracle Certified Professional, Google Data Analytics Professional."
Liam Moore,37,Male,Bachelor's,Electronics Engineering,0,,,"[""devops"", ""pytorch"", ""scrum"", ""spark""]",Scrum Master Certified,1,1,0,3,"Skills: devops, pytorch, scrum, spark. Education: Bachelor's in Electronics Engineering. Experience: 0 years. Certifications: Scrum Master Certified."
Vikram Smith,32,Male,Bachelor's,Software Engineering,1,ui/ux designer,,"[""blockchain"", ""data analysis"", ""deep learning"", ""docker"", ""pytorch"", ""react"", ""rest apis"", ""terraform""]","Certified Ethical Hacker, Google Data Analytics Professional",0,1,0,3,"Current role: ui/ux designer. Skills: blockchain, data analysis, deep learning, docker, pytorch, react, rest apis, terraform. Education: Bachelor's in Software Engineering. Experience: 1 years. Certifications: Certified Ethical Hacker, Google Data Analytics Professional."
Aisha Miller,43,Non-Binary,Master's,Data Science,1,cloud architect,,"[""azure"", ""docker"", ""graphql"", ""kubernetes"", ""natural language processing"", ""node"", ""penetration testing"", ""react""]","Oracle Certified Professional, Microsoft Azure Fundamentals, Project Management Professional",0,1,0,4,"Current role: cloud architect. Skills: azure, docker, graphql, kubernetes, natural language processing, node, penetration testing, react. Education: Master's in Data Science. Experience: 1 years. Certifications: Oracle Certified Professional, Microsoft Azure Fundamentals, Project Management Professional."
Arjun Moore,24,Non-Binary,Master's,Electronics Engineering,0,,,"[""data analysis"", ""docker"", ""linux"", ""python"", ""solidity""]",,1,0,0,4,"Skills: data analysis, docker, linux, python, solidity. Education: Master's in Electronics Engineering. Experience: 0 years."
Jessica Thompson,30,Male,Master's,Electrical Engineering,1,mobile applications developer,,"[""agile"", ""data analysis"", ""javascript"", ""microservices"", ""node""]","Google Cloud Professional, Project Management Professional",0,1,0,4,"Current role: mobile applications developer. Skills: agile, data analysis, javascript, microservices, node. Education: Master's in Electrical Engineering. Experience: 1 years. Certifications: Google Cloud Professional, Project Management Professional."
Amanda Subramanian,40,Female,Bachelor's,Electronics Engineering,0,,,"[""ansible"", ""cloud computing"", ""computer vision"", ""data analysis"", ""graphql"", ""mongodb"", ""react""]","Certified Ethical Hacker, Project Management Professional",1,1,0,3,"Skills: ansible, cloud computing, computer vision, data analysis, graphql, mongodb, react. Education: Bachelor's in Electronics Engineering. Experience: 0 years. Certifications: Certified Ethical Hacker, Project Management Professional."
Matthew Rao,28,Non-Binary,Master's,Electrical Engineering,0,,,"[""ansible"", ""devops"", ""jenkins"", ""microservices"", ""mongodb"", ""network security""]",,1,0,0,4,"Skills: ansible, devops, jenkins, microservices, mongodb, network security. Education: Master's in Electrical Engineering. Experience: 0 years."
Charlotte Srinivasan,42,Non-Binary,PhD,Artificial Intelligence,0,,,"[""cybersecurity"", ""jenkins"", ""scrum"", ""solidity""]",,1,0,0,5,"Skills: cybersecurity, jenkins, scrum, solidity. Education: PhD in Artificial Intelligence. Experience: 0 years."
Meera Johnson,21,Non-Binary,PhD,Information Technology,8,ui/ux designer,"big data engineer, devops engineer, ai ethics officer","[""ansible"", ""computer vision"", ""cybersecurity"", ""java"", ""natural language processing"", ""scrum"", ""terraform""]","TensorFlow Developer Certificate, AWS Certified Solutions Architect",0,1,1,5,"Current role: ui/ux designer. Previous roles: big data engineer, devops engineer, ai ethics officer. Skills: ansible, computer vision, cybersecurity, java, natural language processing, scrum, terraform. Education: PhD in Information Technology. Experience: 8 years. Certifications: TensorFlow Developer Certificate, AWS Certified Solutions Architect."
Emily Taylor,40,Non-Binary,Master's,Data Science,1,prompt engineer,,"[""linux"", ""mongodb"", ""network security"", ""rest apis"", ""sql"", ""tensorflow""]","Certified Kubernetes Administrator, Cisco Certified Network Associate, TensorFlow Developer Certificate",0,1,0,4,"Current role: prompt engineer. Skills: linux, mongodb, network security, rest apis, sql, tensorflow. Education: Master's in Data Science. Experience: 1 years. Certifications: Certified Kubernetes Administrator, Cisco Certified Network Associate, TensorFlow Developer Certificate."
Olivia Srinivasan,30,Non-Binary,Master's,Information Systems,0,,,"[""devops"", ""jenkins"", ""node"", ""pytorch"", ""rest apis"", ""sql"", ""tensorflow"", ""terraform""]","Microsoft Azure Fundamentals, CompTIA Security+",1,1,0,4,"Skills: devops, jenkins, node, pytorch, rest apis, sql, tensorflow, terraform. Education: Master's in Information Systems. Experience: 0 years. Certifications: Microsoft Azure Fundamentals, CompTIA Security+."
Ananya Yang,30,Non-Binary,Master's,Information Technology,7,prompt engineer,machine learning engineer,"[""ansible"", ""docker"", ""javascript"", ""natural language processing"", ""solidity""]","AWS Certified Solutions Architect, TensorFlow Developer Certificate",0,1,1,4,"Current role: prompt engineer. Previous roles: machine learning engineer. Skills: ansible, docker, javascript, natural language processing, solidity. Education: Master's in Information Technology. Experience: 7 years. Certifications: AWS Certified Solutions Architect, TensorFlow Developer Certificate."
Isabella Garcia,21,Non-Binary,Master's,Machine Learning,1,site reliability engineer,,"[""ansible"", ""devops"", ""graphql"", ""jenkins"", ""microservices"", ""pytorch"", ""rest apis"", ""tensorflow""]","CompTIA Security+, Certified Information Systems Security Professional",0,1,0,4,"Current role: site reliability engineer. Skills: ansible, devops, graphql, jenkins, microservices, pytorch, rest apis, tensorflow. Education: Master's in Machine Learning. Experience: 1 years. Certifications: CompTIA Security+, Certified Information Systems Security Professional."
Aisha Wang,25,Female,PhD,Robotics,0,,,"[""azure"", ""cloud computing"", ""deep learning"", ""jenkins"", ""kafka"", ""linux"", ""mongodb"", ""penetration testing""]","CompTIA Security+, Oracle Certified Professional",1,1,0,5,"Skills: azure, cloud computing, deep learning, jenkins, kafka, linux, mongodb, penetration testing. Education: PhD in Robotics. Experience: 0 years. Certifications: CompTIA Security+, Oracle Certified Professional."
Karan Thompson,36,Non-Binary,Bachelor's,Software Engineering,0,,,"[""ansible"", ""docker"", ""kafka"", ""node"", ""penetration testing"", ""react"", ""scrum"", ""solidity""]",,1,0,0,3,"Skills: ansible, docker, kafka, node, penetration testing, react, scrum, solidity. Education: Bachelor's in Software Engineering. Experience: 0 years."
Diya Rao,34,Non-Binary,Master's,Software Engineering,0,,,"[""agile"", ""deep learning"", ""git"", ""solidity"", ""terraform""]","Microsoft Azure Fundamentals, Google Data Analytics Professional, Project Management Professional",1,1,0,4,"Skills: agile, deep learning, git, solidity, terraform. Education: Master's in Software Engineering. Experience: 0 years. Certifications: Microsoft Azure Fundamentals, Google Data Analytics Professional, Project Management Professional."
Aryan Jain,45,Male,Master's,Information Systems,3,site reliability engineer,devops engineer,"[""java"", ""natural language processing"", ""pytorch"", ""spark"", ""tensorflow""]","CompTIA Security+, Google Cloud Professional, Certified Information Systems Security Professional",0,1,1,4,"Current role: site reliability engineer. Previous roles: devops engineer. Skills: java, natural language processing, pytorch, spark, tensorflow. Education: Master's in Information Systems. Experience: 3 years. Certifications: CompTIA Security+, Google Cloud Professional, Certified Information Systems Security Professional."
Mason Taylor,26,Non-Binary,Bachelor's,Computer Engineering,0,,,"[""computer vision"", ""pytorch"", ""rest apis"", ""tensorflow""]",Certified Information Systems Security Professional,1,1,0,3,"Skills: computer vision, pytorch, rest apis, tensorflow. Education: Bachelor's in Computer Engineering. Experience: 0 years. Certifications: Certified Information Systems Security Professional."
Ava Verma,40,Male,Certificate,Computer Science,0,,,"[""devops"", ""jenkins"", ""kubernetes"", ""mongodb"", ""python"", ""terraform""]","Certified Ethical Hacker, Cisco Certified Network Associate",1,1,0,0,"Skills: devops, jenkins, kubernetes, mongodb, python, terraform. Education: Certificate in Computer Science. Experience: 0 years. Certifications: Certified Ethical Hacker, Cisco Certified Network Associate."
Olivia Lee,40,Female,Bachelor's,Data Science,0,,,"[""ci/cd"", ""docker"", ""jenkins"", ""spark""]",TensorFlow Developer Certificate,1,1,0,3,"Skills: ci/cd, docker, jenkins, spark. Education: Bachelor's in Data Science. Experience: 0 years. Certifications: TensorFlow Developer Certificate."
Aarav Venkatesh,22,Non-Binary,PhD,Information Technology,3,cloud engineer,,"[""devops"", ""kubernetes"", ""mongodb"", ""scrum"", ""spark"", ""tensorflow""]","Certified Kubernetes Administrator, Scrum Master Certified, Microsoft Azure Fundamentals",0,1,0,5,"Current role: cloud engineer. Skills: devops, kubernetes, mongodb, scrum, spark, tensorflow. Education: PhD in Information Technology. Experience: 3 years. Certifications: Certified Kubernetes Administrator, Scrum Master Certified, Microsoft Azure Fundamentals."
Jackson Thomas,25,Male,Diploma,Machine Learning,1,software engineer,,"[""devops"", ""javascript"", ""mongodb"", ""penetration testing"", ""react"", ""scrum"", ""sql""]","Google Data Analytics Professional, Scrum Master Certified",0,1,0,0,"Current role: software engineer. Skills: devops, javascript, mongodb, penetration testing, react, scrum, sql. Education: Diploma in Machine Learning. Experience: 1 years. Certifications: Google Data Analytics Professional, Scrum Master Certified."
Samantha Williams,30,Non-Binary,Bachelor's,Artificial Intelligence,5,full-stack developer,,"[""java"", ""linux"", ""mongodb"", ""network security""]","Scrum Master Certified, Certified Ethical Hacker, Cisco Certified Network Associate",0,1,0,3,"Current role: full-stack developer. Skills: java, linux, mongodb, network security. Education: Bachelor's in Artificial Intelligence. Experience: 5 years. Certifications: Scrum Master Certified, Certified Ethical Hacker, Cisco Certified Network Associate."
Akash Martinez,39,Non-Binary,PhD,Information Systems,0,,,"[""git"", ""java"", ""microservices"", ""react"", ""spark"", ""terraform""]",Certified Information Systems Security Professional,1,1,0,5,"Skills: git, java, microservices, react, spark, terraform. Education: PhD in Information Systems. Experience: 0 years. Certifications: Certified Information Systems Security Professional."
Sneha Iyer,26,Non-Binary,Bachelor's,Robotics,0,,,"[""cybersecurity"", ""deep learning"", ""linux"", ""mongodb"", ""tensorflow""]",,1,0,0,3,"Skills: cybersecurity, deep learning, linux, mongodb, tensorflow. Education: Bachelor's in Robotics. Experience: 0 years."
Alexander Brown,43,Male,PhD,Computer Science,2,product manager,,"[""ci/cd"", ""deep learning"", ""javascript"", ""microservices"", ""rest apis"", ""tensorflow""]",Microsoft Azure Fundamentals,0,1,0,5,"Current role: product manager. Skills: ci/cd, deep learning, javascript, microservices, rest apis, tensorflow. Education: PhD in Computer Science. Experience: 2 years. Certifications: Microsoft Azure Fundamentals."
Joshua Davis,34,Non-Binary,High School,Artificial Intelligence,0,,,"[""computer vision"", ""javascript"", ""network security"", ""python"", ""pytorch"", ""rest apis""]","Microsoft Azure Fundamentals, Project Management Professional, Certified Kubernetes Administrator",1,1,0,1,"Skills: computer vision, javascript, network security, python, pytorch, rest apis. Education: High School in Artificial Intelligence. Experience: 0 years. Certifications: Microsoft Azure Fundamentals, Project Management Professional, Certified Kubernetes Administrator."
Rahul Patel,26,Non-Binary,Bachelor's,Robotics,0,,,"[""amazon web services"", ""computer vision"", ""jenkins"", ""mongodb"", ""spark"", ""statistics"", ""terraform""]","Certified Kubernetes Administrator, Google Cloud Professional, Google Data Analytics Professional",1,1,0,3,"Skills: amazon web services, computer vision, jenkins, mongodb, spark, statistics, terraform. Education: Bachelor's in Robotics. Experience: 0 years. Certifications: Certified Kubernetes Administrator, Google Cloud Professional, Google Data Analytics Professional."
Priya Reddy,24,Male,Bachelor's,Artificial Intelligence,0,,,"[""blockchain"", ""ci/cd"", ""natural language processing"", ""node""]","CompTIA Security+, Microsoft Azure Fundamentals, TensorFlow Developer Certificate",1,1,0,3,"Skills: blockchain, ci/cd, natural language processing, node. Education: Bachelor's in Artificial Intelligence. Experience: 0 years. Certifications: CompTIA Security+, Microsoft Azure Fundamentals, TensorFlow Developer Certificate."
Andrew Brown,44,Female,High School,Computer Science,3,machine learning engineer,ai engineer,"[""computer vision"", ""cybersecurity"", ""pytorch"", ""react"", ""scrum"", ""tensorflow""]","Certified Ethical Hacker, Microsoft Azure Fundamentals, Cisco Certified Network Associate",0,1,1,1,"Current role: machine learning engineer. Previous roles: ai engineer. Skills: computer vision, cybersecurity, pytorch, react, scrum, tensorflow. Education: High School in Computer Science. Experience: 3 years. Certifications: Certified Ethical Hacker, Microsoft Azure Fundamentals, Cisco Certified Network Associate."
Aisha Garcia,40,Non-Binary,Bachelor's,Software Engineering,0,,,"[""amazon web services"", ""devops"", ""graphql"", ""java"", ""kubernetes"", ""linux"", ""node"", ""react""]","Certified Information Systems Security Professional, AWS Certified Solutions Architect",1,1,0,3,"Skills: amazon web services, devops, graphql, java, kubernetes, linux, node, react. Education: Bachelor's in Software Engineering. Experience: 0 years. Certifications: Certified Information Systems Security Professional, AWS Certified Solutions Architect."
Aadhya Krishnan,22,Female,Master's,Information Technology,1,product manager,,"[""java"", ""jenkins"", ""node"", ""terraform""]","Scrum Master Certified, Project Management Professional, Certified Ethical Hacker",0,1,0,4,"Current role: product manager. Skills: java, jenkins, node, terraform. Education: Master's in Information Technology. Experience: 1 years. Certifications: Scrum Master Certified, Project Management Professional, Certified Ethical Hacker."
Ava Taylor,41,Female,Master's,Software Engineering,0,,,"[""ci/cd"", ""computer vision"", ""deep learning"", ""docker"", ""kubernetes"", ""microservices"", ""statistics"", ""tensorflow""]","CompTIA Security+, AWS Certified Solutions Architect",1,1,0,4,"Skills: ci/cd, computer vision, deep learning, docker, kubernetes, microservices, statistics, tensorflow. Education: Master's in Software Engineering. Experience: 0 years. Certifications: CompTIA Security+, AWS Certified Solutions Architect."
Matthew Menon,28,Female,Bachelor's,Electronics Engineering,3,big data engineer,,"[""cybersecurity"", ""graphql"", ""microservices"", ""rest apis"", ""solidity""]","Certified Information Systems Security Professional, Oracle Certified Professional, CompTIA Security+",0,1,0,3,"Current role: big data engineer. Skills: cybersecurity, graphql, microservices, rest apis, solidity. Education: Bachelor's in Electronics Engineering. Experience: 3 years. Certifications: Certified Information Systems Security Professional, Oracle Certified Professional, CompTIA Security+."
Olivia Zhang,42,Non-Binary,Bachelor's,Machine Learning,2,quantum computing specialist,,"[""ci/cd"", ""docker"", ""git"", ""machine learning"", ""mongodb"", ""penetration testing"", ""rest apis""]","Cisco Certified Network Associate, Scrum Master Certified, Certified Ethical Hacker",0,1,0,3,"Current role: quantum computing specialist. Skills: ci/cd, docker, git, machine learning, mongodb, penetration testing, rest apis. Education: Bachelor's in Machine Learning. Experience: 2 years. Certifications: Cisco Certified Network Associate, Scrum Master Certified, Certified Ethical Hacker."
Harper Johnson,35,Male,Master's,Artificial Intelligence,7,software developer,,"[""data analysis"", ""docker"", ""jenkins"", ""pytorch"", ""rest apis""]",Certified Ethical Hacker,0,1,0,4,"Current role: software developer. Skills: data analysis, docker, jenkins, pytorch, rest apis. Education: Master's in Artificial Intelligence. Experience: 7 years. Certifications: Certified Ethical Hacker."
Ananya Patel,23,Male,High School,Computer Science,2,prompt engineer,,"[""docker"", ""linux"", ""pytorch"", ""scrum""]",Cisco Certified Network Associate,0,1,0,1,"Current role: prompt engineer. Skills: docker, linux, pytorch, scrum. Education: High School in Computer Science. Experience: 2 years. Certifications: Cisco Certified Network Associate."
Priya Anderson,43,Male,Bachelor's,Information Technology,1,backend developer,,"[""amazon web services"", ""docker"", ""graphql"", ""kubernetes"", ""terraform""]","Microsoft Azure Fundamentals, Google Data Analytics Professional, CompTIA Security+",0,1,0,3,"Current role: backend developer. Skills: amazon web services, docker, graphql, kubernetes, terraform. Education: Bachelor's in Information Technology. Experience: 1 years. Certifications: Microsoft Azure Fundamentals, Google Data Analytics Professional, CompTIA Security+."
Ethan Agarwal,45,Male,Bachelor's,Artificial Intelligence,0,,,"[""ci/cd"", ""java"", ""kubernetes"", ""penetration testing"", ""solidity"", ""tensorflow"", ""terraform""]",,1,0,0,3,"Skills: ci/cd, java, kubernetes, penetration testing, solidity, tensorflow, terraform. Education: Bachelor's in Artificial Intelligence. Experience: 0 years."
Akash Thomas,23,Male,Bachelor's,Computer Engineering,4,backend developer,mlops specialist,"[""amazon web services"", ""docker"", ""linux"", ""pytorch"", ""scrum"", ""sql"", ""statistics""]","AWS Certified Solutions Architect, Scrum Master Certified, CompTIA Security+",0,1,1,3,"Current role: backend developer. Previous roles: mlops specialist. Skills: amazon web services, docker, linux, pytorch, scrum, sql, statistics. Education: Bachelor's in Computer Engineering. Experience: 4 years. Certifications: AWS Certified Solutions Architect, Scrum Master Certified, CompTIA Security+."
Rahul Wilson,26,Male,Master's,Robotics,0,,,"[""agile"", ""blockchain"", ""cybersecurity"", ""data analysis"", ""javascript"", ""solidity""]",,1,0,0,4,"Skills: agile, blockchain, cybersecurity, data analysis, javascript, solidity. Education: Master's in Robotics. Experience: 0 years."
Meera Verma,30,Female,Bachelor's,Machine Learning,3,full-stack developer,,"[""agile"", ""blockchain"", ""ci/cd"", ""cloud computing"", ""data analysis"", ""javascript"", ""microservices""]","CompTIA Security+, Certified Information Systems Security Professional, Microsoft Azure Fundamentals",0,1,0,3,"Current role: full-stack developer. Skills: agile, blockchain, ci/cd, cloud computing, data analysis, javascript, microservices. Education: Bachelor's in Machine Learning. Experience: 3 years. Certifications: CompTIA Security+, Certified Information Systems Security Professional, Microsoft Azure Fundamentals."
Jessica Gupta,42,Female,PhD,Information Technology,0,,,"[""ci/cd"", ""mongodb"", ""natural language processing"", ""node"", ""tensorflow""]",,1,0,0,5,"Skills: ci/cd, mongodb, natural language processing, node, tensorflow. Education: PhD in Information Technology. Experience: 0 years."
Joshua Anderson,40,Male,Bachelor's,Electronics Engineering,10,mobile applications developer,,"[""amazon web services"", ""azure"", ""mongodb"", ""pytorch"", ""react"", ""sql""]",Google Cloud Professional,0,1,0,3,"Current role: mobile applications developer. Skills: amazon web services, azure, mongodb, pytorch, react, sql. Education: Bachelor's in Electronics Engineering. Experience: 10 years. Certifications: Google Cloud Professional."
Akash Hernandez,31,Non-Binary,Master's,Machine Learning,3,software engineer,,"[""kafka"", ""penetration testing"", ""react"", ""solidity"", ""spark"", ""statistics"", ""tensorflow""]",,0,0,0,4,"Current role: software engineer. Skills: kafka, penetration testing, react, solidity, spark, statistics, tensorflow. Education: Master's in Machine Learning. Experience: 3 years."
Liam Wilson,45,Male,Bachelor's,Electronics Engineering,0,,,"[""blockchain"", ""cloud computing"", ""graphql"", ""machine learning"", ""spark"", ""statistics""]","Certified Information Systems Security Professional, CompTIA Security+",1,1,0,3,"Skills: blockchain, cloud computing, graphql, machine learning, spark, statistics. Education: Bachelor's in Electronics Engineering. Experience: 0 years. Certifications: Certified Information Systems Security Professional, CompTIA Security+."
Ava Rodriguez,45,Male,Bachelor's,Information Technology,1,ai ethics officer,,"[""blockchain"", ""jenkins"", ""python"", ""react"", ""solidity"", ""sql""]","Scrum Master Certified, Certified Information Systems Security Professional",0,1,0,3,"Current role: ai ethics officer. Skills: blockchain, jenkins, python, react, solidity, sql. Education: Bachelor's in Information Technology. Experience: 1 years. Certifications: Scrum Master Certified, Certified Information Systems Security Professional."
Priya Thomas,36,Female,Master's,Cybersecurity,3,quantum computing specialist,,"[""deep learning"", ""javascript"", ""kafka"", ""kubernetes"", ""scrum""]","TensorFlow Developer Certificate, Oracle Certified Professional, Certified Information Systems Security Professional",0,1,0,4,"Current role: quantum computing specialist. Skills: deep learning, javascript, kafka, kubernetes, scrum. Education: Master's in Cybersecurity. Experience: 3 years. Certifications: TensorFlow Developer Certificate, Oracle Certified Professional, Certified Information Systems Security Professional."
Samantha Hernandez,34,Male,PhD,Cybersecurity,0,,,"[""blockchain"", ""ci/cd"", ""python"", ""rest apis"", ""tensorflow""]",Scrum Master Certified,1,1,0,5,"Skills: blockchain, ci/cd, python, rest apis, tensorflow. Education: PhD in Cybersecurity. Experience: 0 years. Certifications: Scrum Master Certified."
Arya Davis,31,Male,High School,Artificial Intelligence,0,,,"[""ansible"", ""data analysis"", ""deep learning"", ""network security"", ""pytorch"", ""terraform""]","Certified Ethical Hacker, Microsoft Azure Fundamentals, TensorFlow Developer Certificate",1,1,0,1,"Skills: ansible, data analysis, deep learning, network security, pytorch, terraform. Education: High School in Artificial Intelligence. Experience: 0 years. Certifications: Certified Ethical Hacker, Microsoft Azure Fundamentals, TensorFlow Developer Certificate."
Matthew Reddy,40,Female,Bachelor's,Information Systems,0,,,"[""git"", ""graphql"", ""kubernetes"", ""network security"", ""python""]","Project Management Professional, Cisco Certified Network Associate",1,1,0,3,"Skills: git, graphql, kubernetes, network security, python. Education: Bachelor's in Information Systems. Experience: 0 years. Certifications: Project Management Professional, Cisco Certified Network Associate."
Vikram Rodriguez,31,Non-Binary,Bachelor's,Robotics,3,quantum computing specialist,software developer,"[""ci/cd"", ""java"", ""jenkins"", ""node"", ""penetration testing"", ""solidity""]","Certified Kubernetes Administrator, Oracle Certified Professional, Certified Information Systems Security Professional",0,1,1,3,"Current role: quantum computing specialist. Previous roles: software developer. Skills: ci/cd, java, jenkins, node, penetration testing, solidity. Education: Bachelor's in Robotics. Experience: 3 years. Certifications: Certified Kubernetes Administrator, Oracle Certified Professional, Certified Information Systems Security Professional."
Ashley Williams,25,Female,Master's,Electrical Engineering,2,product manager,,"[""cloud computing"", ""java"", ""linux"", ""mongodb"", ""natural language processing"", ""network security"", ""penetration testing"", ""spark""]","Oracle Certified Professional, Microsoft Azure Fundamentals, Scrum Master Certified",0,1,0,4,"Current role: product manager. Skills: cloud computing, java, linux, mongodb, natural language processing, network security, penetration testing, spark. Education: Master's in Electrical Engineering. Experience: 2 years. Certifications: Oracle Certified Professional, Microsoft Azure Fundamentals, Scrum Master Certified."
Andrew Williams,45,Female,Master's,Cybersecurity,0,,,"[""deep learning"", ""docker"", ""linux"", ""natural language processing"", ""penetration testing"", ""python"", ""scrum""]","Certified Information Systems Security Professional, TensorFlow Developer Certificate",1,1,0,4,"Skills: deep learning, docker, linux, natural language processing, penetration testing, python, scrum. Education: Master's in Cybersecurity. Experience: 0 years. Certifications: Certified Information Systems Security Professional, TensorFlow Developer Certificate."
Diya Jain,30,Non-Binary,Bachelor's,Data Science,6,mlops specialist,"machine learning engineer, mobile applications developer, cybersecurity engineer","[""blockchain"", ""computer vision"", ""git"", ""machine learning"", ""microservices"", ""natural language processing"", ""python"", ""statistics""]",Cisco Certified Network Associate,0,1,1,3,"Current role: mlops specialist. Previous roles: machine learning engineer, mobile applications developer, cybersecurity engineer. Skills: blockchain, computer vision, git, machine learning, microservices, natural language processing, python, statistics. Education: Bachelor's in Data Science. Experience: 6 years. Certifications: Cisco Certified Network Associate."
Rohan Smith,40,Female,Master's,Information Technology,0,,,"[""azure"", ""cybersecurity"", ""data analysis"", ""kubernetes"", ""linux"", ""pytorch"", ""statistics""]",,1,0,0,4,"Skills: azure, cybersecurity, data analysis, kubernetes, linux, pytorch, statistics. Education: Master's in Information Technology. Experience: 0 years."
Alexander Pillai,21,Non-Binary,Bachelor's,Cybersecurity,0,,,"[""cloud computing"", ""javascript"", ""jenkins"", ""linux"", ""statistics""]",,1,0,0,3,"Skills: cloud computing, javascript, jenkins, linux, statistics. Education: Bachelor's in Cybersecurity. Experience: 0 years."
Arjun Mittal,24,Non-Binary,Bachelor's,Robotics,0,,,"[""agile"", ""ci/cd"", ""scrum"", ""sql""]","Certified Information Systems Security Professional, Google Cloud Professional, TensorFlow Developer Certificate",1,1,0,3,"Skills: agile, ci/cd, scrum, sql. Education: Bachelor's in Robotics. Experience: 0 years. Certifications: Certified Information Systems Security Professional, Google Cloud Professional, TensorFlow Developer Certificate."
David Moore,43,Male,Master's,Information Technology,0,,,"[""amazon web services"", ""computer vision"", ""deep learning"", ""java"", ""kubernetes"", ""natural language processing"", ""react""]",,1,0,0,4,"Skills: amazon web services, computer vision, deep learning, java, kubernetes, natural language processing, react. Education: Master's in Information Technology. Experience: 0 years."
Samantha Jones,25,Male,Master's,Cybersecurity,0,,,"[""cloud computing"", ""graphql"", ""java"", ""network security"", ""node"", ""spark"", ""statistics""]",,1,0,0,4,"Skills: cloud computing, graphql, java, network security, node, spark, statistics. Education: Master's in Cybersecurity. Experience: 0 years."
Ashley Gupta,39,Female,Master's,Software Engineering,2,full-stack developer,,"[""data analysis"", ""docker"", ""python"", ""statistics"", ""terraform""]","Google Data Analytics Professional, Certified Ethical Hacker",0,1,0,4,"Current role: full-stack developer. Skills: data analysis, docker, python, statistics, terraform. Education: Master's in Software Engineering. Experience: 2 years. Certifications: Google Data Analytics Professional, Certified Ethical Hacker."
Isabella Thompson,21,Female,Master's,Electronics Engineering,0,,,"[""amazon web services"", ""javascript"", ""kafka"", ""machine learning"", ""microservices"", ""mongodb"", ""rest apis"", ""tensorflow""]",Oracle Certified Professional,1,1,0,4,"Skills: amazon web services, javascript, kafka, machine learning, microservices, mongodb, rest apis, tensorflow. Education: Master's in Electronics Engineering. Experience: 0 years. Certifications: Oracle Certified Professional."
Mason Thomas,35,Male,Master's,Data Science,3,software developer,,"[""cloud computing"", ""git"", ""java"", ""machine learning"", ""python"", ""spark""]",Certified Information Systems Security Professional,0,1,0,4,"Current role: software developer. Skills: cloud computing, git, java, machine learning, python, spark. Education: Master's in Data Science. Experience: 3 years. Certifications: Certified Information Systems Security Professional."
Priya Pillai,40,Female,Master's,Electronics Engineering,5,product manager,,"[""java"", ""mongodb"", ""python"", ""react""]",,0,0,0,4,"Current role: product manager. Skills: java, mongodb, python, react. Education: Master's in Electronics Engineering. Experience: 5 years."
Aditi Thomas,27,Non-Binary,Bachelor's,Artificial Intelligence,0,,,"[""data analysis"", ""git"", ""graphql"", ""java""]",,1,0,0,3,"Skills: data analysis, git, graphql, java. Education: Bachelor's in Artificial Intelligence. Experience: 0 years."
Noah Jain,41,Non-Binary,Diploma,Computer Science,2,ai ethics officer,,"[""amazon web services"", ""cybersecurity"", ""natural language processing"", ""python"", ""sql""]","Cisco Certified Network Associate, AWS Certified Solutions Architect",0,1,0,0,"Current role: ai ethics officer. Skills: amazon web services, cybersecurity, natural language processing, python, sql. Education: Diploma in Computer Science. Experience: 2 years. Certifications: Cisco Certified Network Associate, AWS Certified Solutions Architect."
Christopher Hernandez,21,Male,Master's,Machine Learning,0,,,"[""data analysis"", ""javascript"", ""jenkins"", ""node"", ""python""]","CompTIA Security+, TensorFlow Developer Certificate",1,1,0,4,"Skills: data analysis, javascript, jenkins, node, python. Education: Master's in Machine Learning. Experience: 0 years. Certifications: CompTIA Security+, TensorFlow Developer Certificate."
Jackson Wang,35,Male,Certificate,Computer Science,2,quantum computing specialist,,"[""ansible"", ""ci/cd"", ""deep learning"", ""network security"", ""react"", ""sql"", ""statistics""]","TensorFlow Developer Certificate, Oracle Certified Professional",0,1,0,0,"Current role: quantum computing specialist. Skills: ansible, ci/cd, deep learning, network security, react, sql, statistics. Education: Certificate in Computer Science. Experience: 2 years. Certifications: TensorFlow Developer Certificate, Oracle Certified Professional."
James Yang,41,Female,Bachelor's,Electrical Engineering,5,full-stack developer,quantum computing specialist,"[""cybersecurity"", ""docker"", ""graphql"", ""network security"", ""scrum"", ""statistics""]","Certified Ethical Hacker, Google Cloud Professional",0,1,1,3,"Current role: full-stack developer. Previous roles: quantum computing specialist. Skills: cybersecurity, docker, graphql, network security, scrum, statistics. Education: Bachelor's in Electrical Engineering. Experience: 5 years. Certifications: Certified Ethical Hacker, Google Cloud Professional."
Emma Singh,31,Non-Binary,PhD,Electronics Engineering,0,,,"[""agile"", ""azure"", ""graphql"", ""kubernetes"", ""machine learning"", ""rest apis"", ""sql"", ""terraform""]",,1,0,0,5,"Skills: agile, azure, graphql, kubernetes, machine learning, rest apis, sql, terraform. Education: PhD in Electronics Engineering. Experience: 0 years."
Ava Pillai,42,Male,Master's,Electronics Engineering,7,frontend developer,,"[""amazon web services"", ""ci/cd"", ""devops"", ""linux"", ""network security"", ""rest apis""]","Certified Kubernetes Administrator, Scrum Master Certified, Certified Information Systems Security Professional",0,1,0,4,"Current role: frontend developer. Skills: amazon web services, ci/cd, devops, linux, network security, rest apis. Education: Master's in Electronics Engineering. Experience: 7 years. Certifications: Certified Kubernetes Administrator, Scrum Master Certified, Certified Information Systems Security Professional."
Sneha Agarwal,36,Male,PhD,Robotics,1,ui/ux designer,,"[""git"", ""machine learning"", ""mongodb"", ""rest apis"", ""terraform""]",AWS Certified Solutions Architect,0,1,0,5,"Current role: ui/ux designer. Skills: git, machine learning, mongodb, rest apis, terraform. Education: PhD in Robotics. Experience: 1 years. Certifications: AWS Certified Solutions Architect."
Ankit Jackson,32,Non-Binary,Bachelor's,Robotics,0,,,"[""agile"", ""blockchain"", ""ci/cd"", ""git"", ""machine learning"", ""microservices""]","Project Management Professional, Scrum Master Certified, CompTIA Security+",1,1,0,3,"Skills: agile, blockchain, ci/cd, git, machine learning, microservices. Education: Bachelor's in Robotics. Experience: 0 years. Certifications: Project Management Professional, Scrum Master Certified, CompTIA Security+."
Rahul Wilson,32,Male,Bachelor's,Machine Learning,0,,,"[""ansible"", ""blockchain"", ""java"", ""javascript"", ""microservices"", ""mongodb"", ""network security"", ""scrum""]",,1,0,0,3,"Skills: ansible, blockchain, java, javascript, microservices, mongodb, network security, scrum. Education: Bachelor's in Machine Learning. Experience: 0 years."
Amanda Liu,41,Male,Master's,Robotics,0,,,"[""git"", ""javascript"", ""linux"", ""penetration testing"", ""spark""]","Certified Kubernetes Administrator, Scrum Master Certified, Certified Ethical Hacker",1,1,0,4,"Skills: git, javascript, linux, penetration testing, spark. Education: Master's in Robotics. Experience: 0 years. Certifications: Certified Kubernetes Administrator, Scrum Master Certified, Certified Ethical Hacker."
Ethan Patel,37,Male,Master's,Robotics,1,software developer,,"[""amazon web services"", ""computer vision"", ""devops"", ""network security"", ""react"", ""tensorflow"", ""terraform""]","Cisco Certified Network Associate, Microsoft Azure Fundamentals, AWS Certified Solutions Architect",0,1,0,4,"Current role: software developer. Skills: amazon web services, computer vision, devops, network security, react, tensorflow, terraform. Education: Master's in Robotics. Experience: 1 years. Certifications: Cisco Certified Network Associate, Microsoft Azure Fundamentals, AWS Certified Solutions Architect."
Jackson Sharma,33,Non-Binary,PhD,Software Engineering,2,cloud architect,,"[""agile"", ""deep learning"", ""git"", ""tensorflow""]","Certified Kubernetes Administrator, CompTIA Security+, TensorFlow Developer Certificate",0,1,0,5,"Current role: cloud architect. Skills: agile, deep learning, git, tensorflow. Education: PhD in Software Engineering. Experience: 2 years. Certifications: Certified Kubernetes Administrator, CompTIA Security+, TensorFlow Developer Certificate."
Aarav Thompson,36,Female,Master's,Artificial Intelligence,1,machine learning engineer,,"[""blockchain"", ""ci/cd"", ""data analysis"", ""graphql"", ""javascript"", ""mongodb"", ""penetration testing"", ""terraform""]","Google Cloud Professional, Oracle Certified Professional, CompTIA Security+",0,1,0,4,"Current role: machine learning engineer. Skills: blockchain, ci/cd, data analysis, graphql, javascript, mongodb, penetration testing, terraform. Education: Master's in Artificial Intelligence. Experience: 1 years. Certifications: Google Cloud Professional, Oracle Certified Professional, CompTIA Security+."
Aarav Smith,23,Non-Binary,Bachelor's,Data Science,0,,,"[""amazon web services"", ""ansible"", ""ci/cd"", ""computer vision"", ""graphql"", ""node"", ""penetration testing"", ""tensorflow""]",,1,0,0,3,"Skills: amazon web services, ansible, ci/cd, computer vision, graphql, node, penetration testing, tensorflow. Education: Bachelor's in Data Science. Experience: 0 years."
Joshua Wang,33,Male,Bachelor's,Information Systems,3,ai engineer,ai ethics officer,"[""data analysis"", ""devops"", ""kafka"", ""python""]","Oracle Certified Professional, Microsoft Azure Fundamentals",0,1,1,3,"Current role: ai engineer. Previous roles: ai ethics officer. Skills: data analysis, devops, kafka, python. Education: Bachelor's in Information Systems. Experience: 3 years. Certifications: Oracle Certified Professional, Microsoft Azure Fundamentals."
Noah Agarwal,26,Female,Master's,Electronics Engineering,0,,,"[""azure"", ""cloud computing"", ""docker"", ""node""]","Google Data Analytics Professional, Google Cloud Professional, Scrum Master Certified",1,1,0,4,"Skills: azure, cloud computing, docker, node. Education: Master's in Electronics Engineering. Experience: 0 years. Certifications: Google Data Analytics Professional, Google Cloud Professional, Scrum Master Certified."
Ava Martin,22,Female,High School,Cybersecurity,3,full-stack developer,,"[""ci/cd"", ""pytorch"", ""rest apis"", ""solidity""]",CompTIA Security+,0,1,0,1,"Current role: full-stack developer. Skills: ci/cd, pytorch, rest apis, solidity. Education: High School in Cybersecurity. Experience: 3 years. Certifications: CompTIA Security+."
Diya Iyer,30,Female,Master's,Artificial Intelligence,3,cloud architect,ui/ux designer,"[""ansible"", ""graphql"", ""node"", ""sql""]",Oracle Certified Professional,0,1,1,4,"Current role: cloud architect. Previous roles: ui/ux designer. Skills: ansible, graphql, node, sql. Education: Master's in Artificial Intelligence. Experience: 3 years. Certifications: Oracle Certified Professional."
Diya Wilson,30,Female,Master's,Artificial Intelligence,1,frontend developer,,"[""agile"", ""ansible"", ""azure"", ""jenkins"", ""network security"", ""penetration testing"", ""sql"", ""terraform""]",,0,0,0,4,"Current role: frontend developer. Skills: agile, ansible, azure, jenkins, network security, penetration testing, sql, terraform. Education: Master's in Artificial Intelligence. Experience: 1 years."
Jackson Krishnan,27,Female,Diploma,Data Science,2,prompt engineer,,"[""azure"", ""blockchain"", ""computer vision"", ""data analysis"", ""graphql"", ""pytorch"", ""statistics"", ""terraform""]","CompTIA Security+, Google Data Analytics Professional",0,1,0,0,"Current role: prompt engineer. Skills: azure, blockchain, computer vision, data analysis, graphql, pytorch, statistics, terraform. Education: Diploma in Data Science. Experience: 2 years. Certifications: CompTIA Security+, Google Data Analytics Professional."
Isabella Lee,28,Male,Master's,Electronics Engineering,2,prompt engineer,,"[""ci/cd"", ""natural language processing"", ""network security"", ""penetration testing"", ""rest apis""]","Scrum Master Certified, TensorFlow Developer Certificate",0,1,0,4,"Current role: prompt engineer. Skills: ci/cd, natural language processing, network security, penetration testing, rest apis. Education: Master's in Electronics Engineering. Experience: 2 years. Certifications: Scrum Master Certified, TensorFlow Developer Certificate."
Rohan Moore,21,Male,Bachelor's,Computer Engineering,0,,,"[""ansible"", ""cloud computing"", ""data analysis"", ""graphql"", ""jenkins"", ""kafka"", ""pytorch""]",,1,0,0,3,"Skills: ansible, cloud computing, data analysis, graphql, jenkins, kafka, pytorch. Education: Bachelor's in Computer Engineering. Experience: 0 years."
Ananya Reddy,34,Female,Bachelor's,Software Engineering,6,devops engineer,,"[""ci/cd"", ""javascript"", ""node"", ""react""]","Google Cloud Professional, Google Data Analytics Professional",0,1,0,3,"Current role: devops engineer. Skills: ci/cd, javascript, node, react. Education: Bachelor's in Software Engineering. Experience: 6 years. Certifications: Google Cloud Professional, Google Data Analytics Professional."
Ankit Anderson,40,Non-Binary,Bachelor's,Artificial Intelligence,0,,,"[""ansible"", ""data analysis"", ""deep learning"", ""jenkins"", ""spark""]","Certified Kubernetes Administrator, Microsoft Azure Fundamentals",1,1,0,3,"Skills: ansible, data analysis, deep learning, jenkins, spark. Education: Bachelor's in Artificial Intelligence. Experience: 0 years. Certifications: Certified Kubernetes Administrator, Microsoft Azure Fundamentals."
Alexander Brown,38,Non-Binary,High School,Software Engineering,0,,,"[""amazon web services"", ""data analysis"", ""deep learning"", ""graphql"", ""mongodb"", ""natural language processing"", ""network security"", ""terraform""]","Scrum Master Certified, Microsoft Azure Fundamentals, CompTIA Security+",1,1,0,1,"Skills: amazon web services, data analysis, deep learning, graphql, mongodb, natural language processing, network security, terraform. Education: High School in Software Engineering. Experience: 0 years. Certifications: Scrum Master Certified, Microsoft Azure Fundamentals, CompTIA Security+."
Jessica Martinez,34,Non-Binary,PhD,Artificial Intelligence,4,mobile applications developer,"ai ethics officer, site reliability engineer","[""deep learning"", ""graphql"", ""mongodb"", ""solidity"", ""sql""]","Microsoft Azure Fundamentals, CompTIA Security+, Certified Ethical Hacker",0,1,1,5,"Current role: mobile applications developer. Previous roles: ai ethics officer, site reliability engineer. Skills: deep learning, graphql, mongodb, solidity, sql. Education: PhD in Artificial Intelligence. Experience: 4 years. Certifications: Microsoft Azure Fundamentals, CompTIA Security+, Certified Ethical Hacker."
Emily Wilson,21,Female,Master's,Artificial Intelligence,3,mobile applications developer,ai engineer,"[""ci/cd"", ""docker"", ""kubernetes"", ""machine learning"", ""microservices"", ""node"", ""rest apis"", ""spark""]",Certified Information Systems Security Professional,0,1,1,4,"Current role: mobile applications developer. Previous roles: ai engineer. Skills: ci/cd, docker, kubernetes, machine learning, microservices, node, rest apis, spark. Education: Master's in Artificial Intelligence. Experience: 3 years. Certifications: Certified Information Systems Security Professional."
Meera Garcia,41,Non-Binary,Bachelor's,Robotics,2,blockchain engineer,,"[""blockchain"", ""ci/cd"", ""java"", ""jenkins"", ""microservices"", ""network security"", ""scrum""]","Certified Ethical Hacker, Google Cloud Professional, Oracle Certified Professional",0,1,0,3,"Current role: blockchain engineer. Skills: blockchain, ci/cd, java, jenkins, microservices, network security, scrum. Education: Bachelor's in Robotics. Experience: 2 years. Certifications: Certified Ethical Hacker, Google Cloud Professional, Oracle Certified Professional."
Emma Smith,28,Non-Binary,Master's,Electrical Engineering,8,mlops specialist,,"[""ci/cd"", ""deep learning"", ""javascript"", ""microservices"", ""react""]",,0,0,0,4,"Current role: mlops specialist. Skills: ci/cd, deep learning, javascript, microservices, react. Education: Master's in Electrical Engineering. Experience: 8 years."
Ava Thompson,25,Female,Bachelor's,Artificial Intelligence,9,blockchain engineer,ui/ux designer,"[""deep learning"", ""devops"", ""git"", ""graphql"", ""kubernetes""]",,0,0,1,3,"Current role: blockchain engineer. Previous roles: ui/ux designer. Skills: deep learning, devops, git, graphql, kubernetes. Education: Bachelor's in Artificial Intelligence. Experience: 9 years."
Priya Jackson,26,Male,High School,Data Science,2,cloud architect,,"[""data analysis"", ""mongodb"", ""node"", ""tensorflow""]",,0,0,0,1,"Current role: cloud architect. Skills: data analysis, mongodb, node, tensorflow. Education: High School in Data Science. Experience: 2 years."
Liam Garcia,21,Female,PhD,Computer Engineering,5,mlops specialist,mobile applications developer,"[""azure"", ""cloud computing"", ""react"", ""rest apis""]",AWS Certified Solutions Architect,0,1,1,5,"Current role: mlops specialist. Previous roles: mobile applications developer. Skills: azure, cloud computing, react, rest apis. Education: PhD in Computer Engineering. Experience: 5 years. Certifications: AWS Certified Solutions Architect."
Evelyn Johnson,43,Male,Master's,Economics,2,customer success manager,,"[""communication"", ""compliance"", ""content writing"", ""excel"", ""presentation skills"", ""problem solving"", ""strategic planning"", ""team management""]","Certified Sales Professional, Registered Nurse License, Six Sigma Green Belt",0,1,0,4,"Current role: customer success manager. Skills: communication, compliance, content writing, excel, presentation skills, problem solving, strategic planning, team management. Education: Master's in Economics. Experience: 2 years. Certifications: Certified Sales Professional, Registered Nurse License, Six Sigma Green Belt."
Meera Liu,44,Female,Master's,Architecture,0,,,"[""compliance"", ""powerpoint"", ""quality assurance"", ""social media marketing"", ""team management""]",,1,0,0,4,"Skills: compliance, powerpoint, quality assurance, social media marketing, team management. Education: Master's in Architecture. Experience: 0 years."
Alexander Hernandez,30,Female,High School,Chemical Engineering,0,,,"[""accounting"", ""content writing"", ""financial analysis"", ""powerpoint""]",Certified Sales Professional,1,1,0,1,"Skills: accounting, content writing, financial analysis, powerpoint. Education: High School in Chemical Engineering. Experience: 0 years. Certifications: Certified Sales Professional."
Ethan Miller,36,Female,Master's,Civil Engineering,0,,,"[""budgeting"", ""medical knowledge"", ""negotiation"", ""project management"", ""social media marketing""]",Certified Sales Professional,1,1,0,4,"Skills: budgeting, medical knowledge, negotiation, project management, social media marketing. Education: Master's in Civil Engineering. Experience: 0 years. Certifications: Certified Sales Professional."
Alexander Kim,34,Male,Master's,Chemistry,2,project manager,,"[""budgeting"", ""compliance"", ""data analysis"", ""financial analysis"", ""negotiation"", ""quality assurance"", ""risk management"", ""team management""]","Google Analytics Certified, HubSpot Content Marketing",0,1,0,4,"Current role: project manager. Skills: budgeting, compliance, data analysis, financial analysis, negotiation, quality assurance, risk management, team management. Education: Master's in Chemistry. Experience: 2 years. Certifications: Google Analytics Certified, HubSpot Content Marketing."
Aditi Verma,37,Male,Master's,Chemistry,3,nurse,,"[""adaptability"", ""budgeting"", ""data analysis"", ""emotional intelligence"", ""patient care"", ""presentation skills"", ""quality assurance""]","HubSpot Content Marketing, Licensed Professional Counselor",0,1,0,4,"Current role: nurse. Skills: adaptability, budgeting, data analysis, emotional intelligence, patient care, presentation skills, quality assurance. Education: Master's in Chemistry. Experience: 3 years. Certifications: HubSpot Content Marketing, Licensed Professional Counselor."
Alexander Anderson,42,Non-Binary,Bachelor's,Human Resources,2,brand manager,,"[""budgeting"", ""content writing"", ""healthcare"", ""quality assurance"", ""sales"", ""team management""]","HubSpot Content Marketing, Registered Nurse License, Google Analytics Certified",0,1,0,3,"Current role: brand manager. Skills: budgeting, content writing, healthcare, quality assurance, sales, team management. Education: Bachelor's in Human Resources. Experience: 2 years. Certifications: HubSpot Content Marketing, Registered Nurse License, Google Analytics Certified."
Olivia Martin,25,Female,Master's,Dentistry,0,,,"[""problem solving"", ""seo"", ""strategic planning"", ""team management""]","Facebook Blueprint Certified, Certified Public Accountant, Google Analytics Certified",1,1,0,4,"Skills: problem solving, seo, strategic planning, team management. Education: Master's in Dentistry. Experience: 0 years. Certifications: Facebook Blueprint Certified, Certified Public Accountant, Google Analytics Certified."
Jessica White,31,Non-Binary,Master's,Chemistry,6,operations manager,"business analyst, salesperson","[""accounting"", ""critical thinking"", ""emotional intelligence"", ""problem solving"", ""quality assurance"", ""strategic planning""]","Facebook Blueprint Certified, SHRM Certified Professional",0,1,1,4,"Current role: operations manager. Previous roles: business analyst, salesperson. Skills: accounting, critical thinking, emotional intelligence, problem solving, quality assurance, strategic planning. Education: Master's in Chemistry. Experience: 6 years. Certifications: Facebook Blueprint Certified, SHRM Certified Professional."
Amanda Moore,22,Non-Binary,Bachelor's,Dentistry,2,market research analyst,,"[""budgeting"", ""content writing"", ""negotiation"", ""presentation skills"", ""sales""]","Registered Nurse License, Google Ads Certified",0,1,0,3,"Current role: market research analyst. Skills: budgeting, content writing, negotiation, presentation skills, sales. Education: Bachelor's in Dentistry. Experience: 2 years. Certifications: Registered Nurse License, Google Ads Certified."
Karan Reddy,42,Male,Master's,Business Administration,3,marketing manager,,"[""communication"", ""content writing"", ""data analysis"", ""financial analysis"", ""negotiation"", ""powerpoint"", ""seo""]",,0,0,0,4,"Current role: marketing manager. Skills: communication, content writing, data analysis, financial analysis, negotiation, powerpoint, seo. Education: Master's in Business Administration. Experience: 3 years."
Isabella Garcia,40,Male,Bachelor's,Communications,1,mental health practitioner,,"[""budgeting"", ""communication"", ""customer service"", ""healthcare"", ""patient care"", ""project management"", ""psychology"", ""team management""]",Six Sigma Green Belt,0,1,0,3,"Current role: mental health practitioner. Skills: budgeting, communication, customer service, healthcare, patient care, project management, psychology, team management. Education: Bachelor's in Communications. Experience: 1 years. Certifications: Six Sigma Green Belt."
Liam Singh,25,Female,Certificate,Chemistry,0,,,"[""accounting"", ""content writing"", ""customer service"", ""quality assurance"", ""seo"", ""team management""]",,1,0,0,0,"Skills: accounting, content writing, customer service, quality assurance, seo, team management. Education: Certificate in Chemistry. Experience: 0 years."
Karan Sharma,27,Male,PhD,Chemical Engineering,8,market research analyst,salesperson,"[""adaptability"", ""compliance"", ""content writing"", ""medical knowledge"", ""organizational skills"", ""strategic planning""]",,0,0,1,5,"Current role: market research analyst. Previous roles: salesperson. Skills: adaptability, compliance, content writing, medical knowledge, organizational skills, strategic planning. Education: PhD in Chemical Engineering. Experience: 8 years."
Amelia Anderson,42,Male,Master's,Supply Chain Management,2,human resources manager,,"[""adaptability"", ""content writing"", ""counseling"", ""critical thinking"", ""medical knowledge"", ""quality assurance""]","Registered Nurse License, Google Analytics Certified, HubSpot Content Marketing",0,1,0,4,"Current role: human resources manager. Skills: adaptability, content writing, counseling, critical thinking, medical knowledge, quality assurance. Education: Master's in Supply Chain Management. Experience: 2 years. Certifications: Registered Nurse License, Google Analytics Certified, HubSpot Content Marketing."
Aryan Jain,25,Male,Certificate,Accounting,0,,,"[""critical thinking"", ""emotional intelligence"", ""negotiation"", ""organizational skills""]","Registered Nurse License, Facebook Blueprint Certified, Certified Public Accountant",1,1,0,0,"Skills: critical thinking, emotional intelligence, negotiation, organizational skills. Education: Certificate in Accounting. Experience: 0 years. Certifications: Registered Nurse License, Facebook Blueprint Certified, Certified Public Accountant."
Emma Moore,27,Female,Bachelor's,Business Administration,4,business development manager,,"[""compliance"", ""counseling"", ""data analysis"", ""emotional intelligence"", ""excel"", ""patient care"", ""presentation skills""]","Certified Financial Analyst, Digital Marketing Institute Certified",0,1,0,3,"Current role: business development manager. Skills: compliance, counseling, data analysis, emotional intelligence, excel, patient care, presentation skills. Education: Bachelor's in Business Administration. Experience: 4 years. Certifications: Certified Financial Analyst, Digital Marketing Institute Certified."
Ava Martin,23,Female,PhD,Biology,0,,,"[""compliance"", ""negotiation"", ""quality assurance"", ""social media marketing""]","Google Analytics Certified, Google Ads Certified",1,1,0,5,"Skills: compliance, negotiation, quality assurance, social media marketing. Education: PhD in Biology. Experience: 0 years. Certifications: Google Analytics Certified, Google Ads Certified."
Karan Thomas,31,Male,Bachelor's,Operations Management,0,,,"[""content writing"", ""emotional intelligence"", ""powerpoint"", ""quality assurance"", ""time management""]","Six Sigma Green Belt, SHRM Certified Professional, Google Ads Certified",1,1,0,3,"Skills: content writing, emotional intelligence, powerpoint, quality assurance, time management. Education: Bachelor's in Operations Management. Experience: 0 years. Certifications: Six Sigma Green Belt, SHRM Certified Professional, Google Ads Certified."
Amanda Srinivasan,38,Female,Master's,Operations Management,1,sales representative,,"[""emotional intelligence"", ""leadership"", ""medical knowledge"", ""organizational skills""]",,0,0,0,4,"Current role: sales representative. Skills: emotional intelligence, leadership, medical knowledge, organizational skills. Education: Master's in Operations Management. Experience: 1 years."
Ethan Miller,30,Non-Binary,PhD,Medicine,4,mental health practitioner,"brand manager, salesperson","[""communication"", ""financial analysis"", ""leadership"", ""marketing"", ""patient care"", ""problem solving"", ""quality assurance"", ""social media marketing""]","Google Analytics Certified, Registered Nurse License, Project Management Professional",0,1,1,5,"Current role: mental health practitioner. Previous roles: brand manager, salesperson. Skills: communication, financial analysis, leadership, marketing, patient care, problem solving, quality assurance, social media marketing. Education: PhD in Medicine. Experience: 4 years. Certifications: Google Analytics Certified, Registered Nurse License, Project Management Professional."
Jessica Kumar,36,Non-Binary,Bachelor's,Political Science,1,project manager,,"[""budgeting"", ""excel"", ""marketing"", ""negotiation"", ""psychology"", ""time management""]","Digital Marketing Institute Certified, Six Sigma Green Belt",0,1,0,3,"Current role: project manager. Skills: budgeting, excel, marketing, negotiation, psychology, time management. Education: Bachelor's in Political Science. Experience: 1 years. Certifications: Digital Marketing Institute Certified, Six Sigma Green Belt."
Priya Verma,24,Male,PhD,Human Resources,5,restaurant specialist,,"[""financial analysis"", ""medical knowledge"", ""organizational skills"", ""problem solving"", ""seo""]",Google Ads Certified,0,1,0,5,"Current role: restaurant specialist. Skills: financial analysis, medical knowledge, organizational skills, problem solving, seo. Education: PhD in Human Resources. Experience: 5 years. Certifications: Google Ads Certified."
Arya Jain,21,Male,Bachelor's,Operations Management,0,,,"[""accounting"", ""budgeting"", ""emotional intelligence"", ""marketing"", ""quality assurance""]",,1,0,0,3,"Skills: accounting, budgeting, emotional intelligence, marketing, quality assurance. Education: Bachelor's in Operations Management. Experience: 0 years."
Benjamin Gupta,32,Male,Bachelor's,Nursing,2,project manager,,"[""compliance"", ""customer service"", ""leadership"", ""seo"", ""strategic planning"", ""team management""]",Six Sigma Green Belt,0,1,0,3,"Current role: project manager. Skills: compliance, customer service, leadership, seo, strategic planning, team management. Education: Bachelor's in Nursing. Experience: 2 years. Certifications: Six Sigma Green Belt."
Samantha Jackson,24,Non-Binary,Master's,Physics,0,,,"[""compliance"", ""excel"", ""presentation skills"", ""risk management"", ""strategic planning""]","Registered Nurse License, Licensed Professional Counselor, Certified Sales Professional",1,1,0,4,"Skills: compliance, excel, presentation skills, risk management, strategic planning. Education: Master's in Physics. Experience: 0 years. Certifications: Registered Nurse License, Licensed Professional Counselor, Certified Sales Professional."
Benjamin Verma,42,Female,Master's,Mechanical Engineering,2,mental health practitioner,,"[""adaptability"", ""budgeting"", ""customer service"", ""medical knowledge"", ""project management"", ""strategic planning""]",,0,0,0,4,"Current role: mental health practitioner. Skills: adaptability, budgeting, customer service, medical knowledge, project management, strategic planning. Education: Master's in Mechanical Engineering. Experience: 2 years."
Sarah Wilson,28,Female,Master's,Mechanical Engineering,1,salesperson,,"[""adaptability"", ""project management"", ""sales"", ""social media marketing""]","Registered Nurse License, Digital Marketing Institute Certified",0,1,0,4,"Current role: salesperson. Skills: adaptability, project management, sales, social media marketing. Education: Master's in Mechanical Engineering. Experience: 1 years. Certifications: Registered Nurse License, Digital Marketing Institute Certified."
Michael Verma,21,Female,Bachelor's,Education,0,,,"[""emotional intelligence"", ""marketing"", ""problem solving"", ""psychology"", ""sales""]","Certified Public Accountant, Digital Marketing Institute Certified",1,1,0,3,"Skills: emotional intelligence, marketing, problem solving, psychology, sales. Education: Bachelor's in Education. Experience: 0 years. Certifications: Certified Public Accountant, Digital Marketing Institute Certified."
Lucas Martinez,45,Non-Binary,Master's,Marketing,0,,,"[""accounting"", ""adaptability"", ""content writing"", ""excel"", ""healthcare"", ""leadership"", ""project management"", ""quality assurance""]","Certified Public Accountant, Certified Sales Professional, Licensed Professional Counselor",1,1,0,4,"Skills: accounting, adaptability, content writing, excel, healthcare, leadership, project management, quality assurance. Education: Master's in Marketing. Experience: 0 years. Certifications: Certified Public Accountant, Certified Sales Professional, Licensed Professional Counselor."
Aadhya Agarwal,36,Male,Master's,Chemistry,0,,,"[""customer service"", ""marketing"", ""organizational skills"", ""patient care"", ""problem solving"", ""sales"", ""team management"", ""time management""]","Digital Marketing Institute Certified, Facebook Blueprint Certified",1,1,0,4,"Skills: customer service, marketing, organizational skills, patient care, problem solving, sales, team management, time management. Education: Master's in Chemistry. Experience: 0 years. Certifications: Digital Marketing Institute Certified, Facebook Blueprint Certified."
Noah Zhang,43,Male,Bachelor's,Political Science,6,business analyst,"customer success manager, social media manager","[""communication"", ""compliance"", ""excel"", ""medical knowledge"", ""time management""]",Project Management Professional,0,1,1,3,"Current role: business analyst. Previous roles: customer success manager, social media manager. Skills: communication, compliance, excel, medical knowledge, time management. Education: Bachelor's in Political Science. Experience: 6 years. Certifications: Project Management Professional."
Aryan Martin,39,Female,Bachelor's,Communications,0,,,"[""communication"", ""compliance"", ""excel"", ""organizational skills"", ""problem solving"", ""project management"", ""sales""]","Google Ads Certified, Digital Marketing Institute Certified",1,1,0,3,"Skills: communication, compliance, excel, organizational skills, problem solving, project management, sales. Education: Bachelor's in Communications. Experience: 0 years. Certifications: Google Ads Certified, Digital Marketing Institute Certified."
Jackson Bansal,43,Male,Bachelor's,Medicine,0,,,"[""patient care"", ""powerpoint"", ""social media marketing"", ""time management""]",,1,0,0,3,"Skills: patient care, powerpoint, social media marketing, time management. Education: Bachelor's in Medicine. Experience: 0 years."
Ashley Sharma,34,Male,Bachelor's,Civil Engineering,0,,,"[""critical thinking"", ""healthcare"", ""marketing"", ""medical knowledge"", ""psychology""]","Certified Financial Analyst, Certified Sales Professional",1,1,0,3,"Skills: critical thinking, healthcare, marketing, medical knowledge, psychology. Education: Bachelor's in Civil Engineering. Experience: 0 years. Certifications: Certified Financial Analyst, Certified Sales Professional."
Benjamin Williams,42,Non-Binary,Bachelor's,Chemical Engineering,1,restaurant specialist,,"[""communication"", ""customer service"", ""leadership"", ""powerpoint"", ""presentation skills"", ""problem solving"", ""project management""]",,0,0,0,3,"Current role: restaurant specialist. Skills: communication, customer service, leadership, powerpoint, presentation skills, problem solving, project management. Education: Bachelor's in Chemical Engineering. Experience: 1 years."
Arya Rodriguez,29,Male,Bachelor's,Psychology,7,mental health practitioner,brand manager,"[""budgeting"", ""content writing"", ""critical thinking"", ""data analysis"", ""marketing"", ""presentation skills"", ""sales"", ""strategic planning""]","Certified Financial Analyst, Registered Nurse License",0,1,1,3,"Current role: mental health practitioner. Previous roles: brand manager. Skills: budgeting, content writing, critical thinking, data analysis, marketing, presentation skills, sales, strategic planning. Education: Bachelor's in Psychology. Experience: 7 years. Certifications: Certified Financial Analyst, Registered Nurse License."
Alexander Jones,38,Non-Binary,Master's,Accounting,4,digital marketing specialist,"content manager, sales representative","[""counseling"", ""financial analysis"", ""problem solving"", ""project management"", ""psychology"", ""social media marketing""]","Google Ads Certified, Registered Nurse License",0,1,1,4,"Current role: digital marketing specialist. Previous roles: content manager, sales representative. Skills: counseling, financial analysis, problem solving, project management, psychology, social media marketing. Education: Master's in Accounting. Experience: 4 years. Certifications: Google Ads Certified, Registered Nurse License."
Liam Lee,36,Non-Binary,High School,Psychology,5,director of operations,sales representative,"[""communication"", ""customer service"", ""emotional intelligence"", ""medical knowledge"", ""negotiation"", ""project management"", ""psychology"", ""sales""]","Google Ads Certified, Registered Nurse License",0,1,1,1,"Current role: director of operations. Previous roles: sales representative. Skills: communication, customer service, emotional intelligence, medical knowledge, negotiation, project management, psychology, sales. Education: High School in Psychology. Experience: 5 years. Certifications: Google Ads Certified, Registered Nurse License."
Ananya Hernandez,36,Non-Binary,Bachelor's,Medicine,0,,,"[""counseling"", ""emotional intelligence"", ""negotiation"", ""risk management""]","Certified Financial Analyst, Google Analytics Certified",1,1,0,3,"Skills: counseling, emotional intelligence, negotiation, risk management. Education: Bachelor's in Medicine. Experience: 0 years. Certifications: Certified Financial Analyst, Google Analytics Certified."
Ananya Krishnan,25,Male,Bachelor's,Business Administration,0,,,"[""counseling"", ""emotional intelligence"", ""medical knowledge"", ""presentation skills"", ""project management"", ""strategic planning"", ""time management""]",Google Analytics Certified,1,1,0,3,"Skills: counseling, emotional intelligence, medical knowledge, presentation skills, project management, strategic planning, time management. Education: Bachelor's in Business Administration. Experience: 0 years. Certifications: Google Analytics Certified."
Aadhya Srinivasan,34,Male,Certificate,Sociology,0,,,"[""adaptability"", ""budgeting"", ""customer service"", ""marketing"", ""powerpoint"", ""project management"", ""seo""]",,1,0,0,0,"Skills: adaptability, budgeting, customer service, marketing, powerpoint, project management, seo. Education: Certificate in Sociology. Experience: 0 years."
Priya Wang,29,Non-Binary,Bachelor's,Operations Management,5,human resources manager,"business development manager, mental health practitioner","[""accounting"", ""medical knowledge"", ""powerpoint"", ""problem solving"", ""project management"", ""seo"", ""team management""]",SHRM Certified Professional,0,1,1,3,"Current role: human resources manager. Previous roles: business development manager, mental health practitioner. Skills: accounting, medical knowledge, powerpoint, problem solving, project management, seo, team management. Education: Bachelor's in Operations Management. Experience: 5 years. Certifications: SHRM Certified Professional."
Ananya Lee,39,Male,Master's,Nursing,0,,,"[""data analysis"", ""excel"", ""powerpoint"", ""presentation skills"", ""team management""]",Digital Marketing Institute Certified,1,1,0,4,"Skills: data analysis, excel, powerpoint, presentation skills, team management. Education: Master's in Nursing. Experience: 0 years. Certifications: Digital Marketing Institute Certified."
Amanda Zhang,27,Female,Master's,Operations Management,0,,,"[""accounting"", ""content writing"", ""customer service"", ""excel"", ""medical knowledge"", ""negotiation"", ""strategic planning""]",,1,0,0,4,"Skills: accounting, content writing, customer service, excel, medical knowledge, negotiation, strategic planning. Education: Master's in Operations Management. Experience: 0 years."
Ananya Gupta,45,Male,Bachelor's,Accounting,3,marketing manager,content manager,"[""financial analysis"", ""presentation skills"", ""seo"", ""time management""]","Certified Financial Analyst, Digital Marketing Institute Certified",0,1,1,3,"Current role: marketing manager. Previous roles: content manager. Skills: financial analysis, presentation skills, seo, time management. Education: Bachelor's in Accounting. Experience: 3 years. Certifications: Certified Financial Analyst, Digital Marketing Institute Certified."
Amanda Zhou,21,Male,Bachelor's,Physics,4,social media manager,,"[""compliance"", ""counseling"", ""customer service"", ""leadership"", ""marketing"", ""patient care"", ""strategic planning""]",,0,0,0,3,"Current role: social media manager. Skills: compliance, counseling, customer service, leadership, marketing, patient care, strategic planning. Education: Bachelor's in Physics. Experience: 4 years."
Liam Menon,28,Male,Bachelor's,Business Administration,1,nurse,,"[""budgeting"", ""negotiation"", ""problem solving"", ""risk management"", ""seo"", ""strategic planning"", ""team management"", ""time management""]",,0,0,0,3,"Current role: nurse. Skills: budgeting, negotiation, problem solving, risk management, seo, strategic planning, team management, time management. Education: Bachelor's in Business Administration. Experience: 1 years."
Rahul Brown,25,Male,Master's,Marketing,0,,,"[""accounting"", ""critical thinking"", ""customer service"", ""financial analysis"", ""strategic planning""]","Digital Marketing Institute Certified, Certified Sales Professional, HubSpot Content Marketing",1,1,0,4,"Skills: accounting, critical thinking, customer service, financial analysis, strategic planning. Education: Master's in Marketing. Experience: 0 years. Certifications: Digital Marketing Institute Certified, Certified Sales Professional, HubSpot Content Marketing."
Andrew Verma,45,Non-Binary,Master's,Supply Chain Management,9,mental health practitioner,customer success manager,"[""critical thinking"", ""customer service"", ""excel"", ""seo""]","Facebook Blueprint Certified, Certified Public Accountant, Certified Financial Analyst",0,1,1,4,"Current role: mental health practitioner. Previous roles: customer success manager. Skills: critical thinking, customer service, excel, seo. Education: Master's in Supply Chain Management. Experience: 9 years. Certifications: Facebook Blueprint Certified, Certified Public Accountant, Certified Financial Analyst."
Alexander Chen,24,Non-Binary,Master's,Operations Management,4,salesperson,,"[""adaptability"", ""customer service"", ""medical knowledge"", ""seo"", ""strategic planning"", ""time management""]","HubSpot Content Marketing, Certified Financial Analyst, Six Sigma Green Belt",0,1,0,4,"Current role: salesperson. Skills: adaptability, customer service, medical knowledge, seo, strategic planning, time management. Education: Master's in Operations Management. Experience: 4 years. Certifications: HubSpot Content Marketing, Certified Financial Analyst, Six Sigma Green Belt."
Alexander Reddy,22,Non-Binary,Bachelor's,Psychology,0,,,"[""accounting"", ""communication"", ""data analysis"", ""emotional intelligence"", ""excel"", ""marketing"", ""project management"", ""social media marketing""]","Certified Public Accountant, Licensed Professional Counselor",1,1,0,3,"Skills: accounting, communication, data analysis, emotional intelligence, excel, marketing, project management, social media marketing. Education: Bachelor's in Psychology. Experience: 0 years. Certifications: Certified Public Accountant, Licensed Professional Counselor."
Meera Jain,28,Female,Bachelor's,Dentistry,0,,,"[""adaptability"", ""critical thinking"", ""project management"", ""psychology"", ""seo""]","Google Ads Certified, Project Management Professional, Six Sigma Green Belt",1,1,0,3,"Skills: adaptability, critical thinking, project management, psychology, seo. Education: Bachelor's in Dentistry. Experience: 0 years. Certifications: Google Ads Certified, Project Management Professional, Six Sigma Green Belt."
Noah Garcia,34,Non-Binary,PhD,English Literature,4,market research analyst,"business analyst, mental health practitioner","[""adaptability"", ""counseling"", ""critical thinking"", ""customer service"", ""healthcare"", ""leadership"", ""problem solving"", ""risk management""]",Certified Public Accountant,0,1,1,5,"Current role: market research analyst. Previous roles: business analyst, mental health practitioner. Skills: adaptability, counseling, critical thinking, customer service, healthcare, leadership, problem solving, risk management. Education: PhD in English Literature. Experience: 4 years. Certifications: Certified Public Accountant."
Sarah Zhang,29,Non-Binary,Bachelor's,Chemical Engineering,4,business analyst,"brand manager, digital marketing specialist","[""excel"", ""healthcare"", ""patient care"", ""strategic planning"", ""time management""]",Digital Marketing Institute Certified,0,1,1,3,"Current role: business analyst. Previous roles: brand manager, digital marketing specialist. Skills: excel, healthcare, patient care, strategic planning, time management. Education: Bachelor's in Chemical Engineering. Experience: 4 years. Certifications: Digital Marketing Institute Certified."
Amanda Martinez,34,Female,Bachelor's,Medicine,3,marketing manager,salesperson,"[""adaptability"", ""financial analysis"", ""powerpoint"", ""psychology"", ""sales""]","Certified Public Accountant, Certified Financial Analyst",0,1,1,3,"Current role: marketing manager. Previous roles: salesperson. Skills: adaptability, financial analysis, powerpoint, psychology, sales. Education: Bachelor's in Medicine. Experience: 3 years. Certifications: Certified Public Accountant, Certified Financial Analyst."
Liam Moore,28,Non-Binary,Master's,Biology,5,project manager,business analyst,"[""customer service"", ""excel"", ""leadership"", ""organizational skills"", ""risk management""]","HubSpot Content Marketing, Registered Nurse License, Facebook Blueprint Certified",0,1,1,4,"Current role: project manager. Previous roles: business analyst. Skills: customer service, excel, leadership, organizational skills, risk management. Education: Master's in Biology. Experience: 5 years. Certifications: HubSpot Content Marketing, Registered Nurse License, Facebook Blueprint Certified."
Lucas Anderson,44,Male,Master's,Education,4,nurse,market research analyst,"[""critical thinking"", ""emotional intelligence"", ""financial analysis"", ""leadership"", ""organizational skills"", ""team management""]","Google Analytics Certified, Facebook Blueprint Certified",0,1,1,4,"Current role: nurse. Previous roles: market research analyst. Skills: critical thinking, emotional intelligence, financial analysis, leadership, organizational skills, team management. Education: Master's in Education. Experience: 4 years. Certifications: Google Analytics Certified, Facebook Blueprint Certified."
Amanda Jones,25,Male,Bachelor's,Education,3,content manager,,"[""adaptability"", ""budgeting"", ""compliance"", ""leadership"", ""marketing"", ""sales"", ""time management""]",,0,0,0,3,"Current role: content manager. Skills: adaptability, budgeting, compliance, leadership, marketing, sales, time management. Education: Bachelor's in Education. Experience: 3 years."
Michael Singh,44,Male,Diploma,Operations Management,0,,,"[""compliance"", ""critical thinking"", ""excel"", ""healthcare"", ""powerpoint"", ""presentation skills"", ""problem solving"", ""project management""]",,1,0,0,0,"Skills: compliance, critical thinking, excel, healthcare, powerpoint, presentation skills, problem solving, project management. Education: Diploma in Operations Management. Experience: 0 years."
Aryan Agarwal,31,Female,Bachelor's,Accounting,4,content manager,customer success manager,"[""communication"", ""compliance"", ""counseling"", ""critical thinking"", ""excel"", ""negotiation"", ""risk management"", ""seo""]","HubSpot Content Marketing, Google Ads Certified, Facebook Blueprint Certified",0,1,1,3,"Current role: content manager. Previous roles: customer success manager. Skills: communication, compliance, counseling, critical thinking, excel, negotiation, risk management, seo. Education: Bachelor's in Accounting. Experience: 4 years. Certifications: HubSpot Content Marketing, Google Ads Certified, Facebook Blueprint Certified."
Benjamin Bansal,22,Male,Bachelor's,Marketing,1,content manager,,"[""accounting"", ""content writing"", ""excel"", ""marketing"", ""organizational skills"", ""problem solving"", ""sales"", ""time management""]","Licensed Professional Counselor, Project Management Professional, SHRM Certified Professional",0,1,0,3,"Current role: content manager. Skills: accounting, content writing, excel, marketing, organizational skills, problem solving, sales, time management. Education: Bachelor's in Marketing. Experience: 1 years. Certifications: Licensed Professional Counselor, Project Management Professional, SHRM Certified Professional."
Sneha Mittal,23,Male,Master's,Biology,2,director of operations,,"[""budgeting"", ""counseling"", ""customer service"", ""leadership"", ""psychology"", ""social media marketing"", ""strategic planning""]","Digital Marketing Institute Certified, Six Sigma Green Belt",0,1,0,4,"Current role: director of operations. Skills: budgeting, counseling, customer service, leadership, psychology, social media marketing, strategic planning. Education: Master's in Biology. Experience: 2 years. Certifications: Digital Marketing Institute Certified, Six Sigma Green Belt."
Harper Jackson,44,Male,Master's,Finance,10,market research analyst,account manager,"[""excel"", ""financial analysis"", ""leadership"", ""project management"", ""team management""]",Licensed Professional Counselor,0,1,1,4,"Current role: market research analyst. Previous roles: account manager. Skills: excel, financial analysis, leadership, project management, team management. Education: Master's in Finance. Experience: 10 years. Certifications: Licensed Professional Counselor."
Andrew Brown,29,Female,Bachelor's,Mechanical Engineering,1,nurse,,"[""accounting"", ""critical thinking"", ""data analysis"", ""financial analysis"", ""negotiation"", ""organizational skills"", ""powerpoint"", ""project management""]",SHRM Certified Professional,0,1,0,3,"Current role: nurse. Skills: accounting, critical thinking, data analysis, financial analysis, negotiation, organizational skills, powerpoint, project management. Education: Bachelor's in Mechanical Engineering. Experience: 1 years. Certifications: SHRM Certified Professional."
Jackson Martinez,38,Male,Master's,Civil Engineering,0,,,"[""adaptability"", ""compliance"", ""emotional intelligence"", ""financial analysis"", ""negotiation"", ""time management""]",Registered Nurse License,1,1,0,4,"Skills: adaptability, compliance, emotional intelligence, financial analysis, negotiation, time management. Education: Master's in Civil Engineering. Experience: 0 years. Certifications: Registered Nurse License."
Jessica Thomas,35,Non-Binary,Master's,Communications,1,digital marketing specialist,,"[""budgeting"", ""communication"", ""content writing"", ""customer service"", ""organizational skills"", ""patient care"", ""psychology"", ""strategic planning""]","HubSpot Content Marketing, SHRM Certified Professional, Digital Marketing Institute Certified",0,1,0,4,"Current role: digital marketing specialist. Skills: budgeting, communication, content writing, customer service, organizational skills, patient care, psychology, strategic planning. Education: Master's in Communications. Experience: 1 years. Certifications: HubSpot Content Marketing, SHRM Certified Professional, Digital Marketing Institute Certified."
Rohan Kim,40,Non-Binary,Master's,Political Science,0,,,"[""compliance"", ""customer service"", ""data analysis"", ""organizational skills"", ""patient care"", ""strategic planning"", ""time management""]","Certified Sales Professional, SHRM Certified Professional, Google Analytics Certified",1,1,0,4,"Skills: compliance, customer service, data analysis, organizational skills, patient care, strategic planning, time management. Education: Master's in Political Science. Experience: 0 years. Certifications: Certified Sales Professional, SHRM Certified Professional, Google Analytics Certified."
Mason Krishnan,40,Male,Diploma,Nursing,1,market research analyst,,"[""content writing"", ""financial analysis"", ""organizational skills"", ""patient care"", ""presentation skills""]",,0,0,0,0,"Current role: market research analyst. Skills: content writing, financial analysis, organizational skills, patient care, presentation skills. Education: Diploma in Nursing. Experience: 1 years."
Ankit White,45,Female,Diploma,Psychology,0,,,"[""content writing"", ""data analysis"", ""marketing"", ""powerpoint"", ""problem solving"", ""psychology"", ""time management""]",Licensed Professional Counselor,1,1,0,0,"Skills: content writing, data analysis, marketing, powerpoint, problem solving, psychology, time management. Education: Diploma in Psychology. Experience: 0 years. Certifications: Licensed Professional Counselor."
Arjun Park,38,Male,PhD,Pharmacy,2,mental health practitioner,,"[""accounting"", ""counseling"", ""marketing"", ""medical knowledge"", ""organizational skills"", ""strategic planning""]","Licensed Professional Counselor, Project Management Professional, Six Sigma Green Belt",0,1,0,5,"Current role: mental health practitioner. Skills: accounting, counseling, marketing, medical knowledge, organizational skills, strategic planning. Education: PhD in Pharmacy. Experience: 2 years. Certifications: Licensed Professional Counselor, Project Management Professional, Six Sigma Green Belt."
Harper Park,29,Male,Master's,Physics,5,sales representative,,"[""communication"", ""compliance"", ""counseling"", ""critical thinking"", ""medical knowledge"", ""sales"", ""team management""]","Facebook Blueprint Certified, Registered Nurse License, Certified Public Accountant",0,1,0,4,"Current role: sales representative. Skills: communication, compliance, counseling, critical thinking, medical knowledge, sales, team management. Education: Master's in Physics. Experience: 5 years. Certifications: Facebook Blueprint Certified, Registered Nurse License, Certified Public Accountant."
Olivia Zhou,29,Female,Master's,Medicine,0,,,"[""accounting"", ""critical thinking"", ""financial analysis"", ""leadership"", ""quality assurance"", ""time management""]",,1,0,0,4,"Skills: accounting, critical thinking, financial analysis, leadership, quality assurance, time management. Education: Master's in Medicine. Experience: 0 years."
Jessica Nair,34,Non-Binary,Bachelor's,Physics,0,,,"[""excel"", ""healthcare"", ""marketing"", ""quality assurance""]",,1,0,0,3,"Skills: excel, healthcare, marketing, quality assurance. Education: Bachelor's in Physics. Experience: 0 years."
Emily Verma,22,Male,Bachelor's,Business Administration,8,content manager,"brand manager, marketing manager","[""adaptability"", ""critical thinking"", ""customer service"", ""financial analysis"", ""organizational skills"", ""team management""]","Project Management Professional, Certified Financial Analyst",0,1,1,3,"Current role: content manager. Previous roles: brand manager, marketing manager. Skills: adaptability, critical thinking, customer service, financial analysis, organizational skills, team management. Education: Bachelor's in Business Administration. Experience: 8 years. Certifications: Project Management Professional, Certified Financial Analyst."
Aditi Zhang,32,Male,Master's,Dentistry,0,,,"[""accounting"", ""adaptability"", ""content writing"", ""customer service"", ""excel"", ""leadership"", ""quality assurance""]","Digital Marketing Institute Certified, Google Ads Certified, Registered Nurse License",1,1,0,4,"Skills: accounting, adaptability, content writing, customer service, excel, leadership, quality assurance. Education: Master's in Dentistry. Experience: 0 years. Certifications: Digital Marketing Institute Certified, Google Ads Certified, Registered Nurse License."
Benjamin Verma,38,Male,Master's,Chemical Engineering,3,brand manager,,"[""adaptability"", ""counseling"", ""customer service"", ""healthcare"", ""organizational skills"", ""project management"", ""team management""]","Project Management Professional, Registered Nurse License",0,1,0,4,"Current role: brand manager. Skills: adaptability, counseling, customer service, healthcare, organizational skills, project management, team management. Education: Master's in Chemical Engineering. Experience: 3 years. Certifications: Project Management Professional, Registered Nurse License."
Arjun Wilson,32,Non-Binary,PhD,Nursing,1,customer success manager,,"[""budgeting"", ""communication"", ""compliance"", ""presentation skills"", ""sales"", ""team management"", ""time management""]",Digital Marketing Institute Certified,0,1,0,5,"Current role: customer success manager. Skills: budgeting, communication, compliance, presentation skills, sales, team management, time management. Education: PhD in Nursing. Experience: 1 years. Certifications: Digital Marketing Institute Certified."
Jackson Nair,42,Female,Bachelor's,Chemical Engineering,5,project manager,salesperson,"[""budgeting"", ""counseling"", ""emotional intelligence"", ""healthcare"", ""presentation skills"", ""project management"", ""sales"", ""team management""]","HubSpot Content Marketing, Facebook Blueprint Certified",0,1,1,3,"Current role: project manager. Previous roles: salesperson. Skills: budgeting, counseling, emotional intelligence, healthcare, presentation skills, project management, sales, team management. Education: Bachelor's in Chemical Engineering. Experience: 5 years. Certifications: HubSpot Content Marketing, Facebook Blueprint Certified."
Abhinav Agarwal,34,Female,Bachelor's,Business Administration,3,counselor,,"[""excel"", ""medical knowledge"", ""negotiation"", ""powerpoint"", ""problem solving"", ""project management"", ""time management""]",,0,0,0,3,"Current role: counselor. Skills: excel, medical knowledge, negotiation, powerpoint, problem solving, project management, time management. Education: Bachelor's in Business Administration. Experience: 3 years."
Aisha Sharma,26,Non-Binary,Bachelor's,Chemical Engineering,3,project manager,,"[""compliance"", ""critical thinking"", ""customer service"", ""data analysis"", ""powerpoint"", ""problem solving"", ""sales"", ""social media marketing""]","Google Ads Certified, Certified Financial Analyst",0,1,0,3,"Current role: project manager. Skills: compliance, critical thinking, customer service, data analysis, powerpoint, problem solving, sales, social media marketing. Education: Bachelor's in Chemical Engineering. Experience: 3 years. Certifications: Google Ads Certified, Certified Financial Analyst."
Sneha Johnson,38,Non-Binary,Certificate,Mechanical Engineering,3,operations manager,,"[""accounting"", ""communication"", ""negotiation"", ""presentation skills"", ""psychology"", ""risk management""]","Registered Nurse License, Certified Sales Professional, Certified Public Accountant",0,1,0,0,"Current role: operations manager. Skills: accounting, communication, negotiation, presentation skills, psychology, risk management. Education: Certificate in Mechanical Engineering. Experience: 3 years. Certifications: Registered Nurse License, Certified Sales Professional, Certified Public Accountant."
Vikram Zhou,25,Male,Bachelor's,Psychology,5,financial analyst,project manager,"[""accounting"", ""compliance"", ""content writing"", ""critical thinking"", ""customer service"", ""emotional intelligence"", ""marketing"", ""medical knowledge""]","Licensed Professional Counselor, Certified Sales Professional",0,1,1,3,"Current role: financial analyst. Previous roles: project manager. Skills: accounting, compliance, content writing, critical thinking, customer service, emotional intelligence, marketing, medical knowledge. Education: Bachelor's in Psychology. Experience: 5 years. Certifications: Licensed Professional Counselor, Certified Sales Professional."
Ananya Chen,29,Female,Master's,Human Resources,4,mental health practitioner,,"[""compliance"", ""data analysis"", ""excel"", ""organizational skills"", ""presentation skills"", ""risk management"", ""seo"", ""strategic planning""]",,0,0,0,4,"Current role: mental health practitioner. Skills: compliance, data analysis, excel, organizational skills, presentation skills, risk management, seo, strategic planning. Education: Master's in Human Resources. Experience: 4 years."
Abhinav Anderson,22,Non-Binary,Master's,Medicine,0,,,"[""adaptability"", ""budgeting"", ""compliance"", ""content writing"", ""critical thinking"", ""financial analysis"", ""problem solving"", ""strategic planning""]","Google Ads Certified, SHRM Certified Professional",1,1,0,4,"Skills: adaptability, budgeting, compliance, content writing, critical thinking, financial analysis, problem solving, strategic planning. Education: Master's in Medicine. Experience: 0 years. Certifications: Google Ads Certified, SHRM Certified Professional."
Ethan Lee,38,Non-Binary,Master's,Supply Chain Management,7,nurse,,"[""budgeting"", ""counseling"", ""customer service"", ""excel"", ""marketing"", ""quality assurance"", ""time management""]","Registered Nurse License, Certified Financial Analyst, Google Analytics Certified",0,1,0,4,"Current role: nurse. Skills: budgeting, counseling, customer service, excel, marketing, quality assurance, time management. Education: Master's in Supply Chain Management. Experience: 7 years. Certifications: Registered Nurse License, Certified Financial Analyst, Google Analytics Certified."
Aisha Zhang,41,Non-Binary,Diploma,Chemical Engineering,1,nurse,,"[""adaptability"", ""compliance"", ""financial analysis"", ""healthcare"", ""organizational skills"", ""powerpoint"", ""strategic planning"", ""time management""]","Google Ads Certified, Digital Marketing Institute Certified, Facebook Blueprint Certified",0,1,0,0,"Current role: nurse. Skills: adaptability, compliance, financial analysis, healthcare, organizational skills, powerpoint, strategic planning, time management. Education: Diploma in Chemical Engineering. Experience: 1 years. Certifications: Google Ads Certified, Digital Marketing Institute Certified, Facebook Blueprint Certified."
Kavya Wilson,42,Non-Binary,High School,Sociology,0,,,"[""healthcare"", ""leadership"", ""project management"", ""psychology"", ""time management""]","Google Ads Certified, SHRM Certified Professional, Licensed Professional Counselor",1,1,0,1,"Skills: healthcare, leadership, project management, psychology, time management. Education: High School in Sociology. Experience: 0 years. Certifications: Google Ads Certified, SHRM Certified Professional, Licensed Professional Counselor."
Ankit Smith,29,Non-Binary,Bachelor's,Human Resources,4,director of operations,"counselor, brand manager","[""budgeting"", ""compliance"", ""customer service"", ""excel"", ""problem solving"", ""time management""]","SHRM Certified Professional, Registered Nurse License, Google Analytics Certified",0,1,1,3,"Current role: director of operations. Previous roles: counselor, brand manager. Skills: budgeting, compliance, customer service, excel, problem solving, time management. Education: Bachelor's in Human Resources. Experience: 4 years. Certifications: SHRM Certified Professional, Registered Nurse License, Google Analytics Certified."
Christopher Menon,44,Non-Binary,PhD,Supply Chain Management,5,operations manager,,"[""emotional intelligence"", ""excel"", ""patient care"", ""sales"", ""seo""]","Certified Public Accountant, Certified Sales Professional",0,1,0,5,"Current role: operations manager. Skills: emotional intelligence, excel, patient care, sales, seo. Education: PhD in Supply Chain Management. Experience: 5 years. Certifications: Certified Public Accountant, Certified Sales Professional."
Alexander Smith,39,Male,Bachelor's,Journalism,5,counselor,financial analyst,"[""emotional intelligence"", ""presentation skills"", ""psychology"", ""quality assurance"", ""sales""]",,0,0,1,3,"Current role: counselor. Previous roles: financial analyst. Skills: emotional intelligence, presentation skills, psychology, quality assurance, sales. Education: Bachelor's in Journalism. Experience: 5 years."
James Verma,40,Female,Master's,Operations Management,9,digital marketing specialist,,"[""communication"", ""content writing"", ""critical thinking"", ""presentation skills"", ""problem solving"", ""sales""]",,0,0,0,4,"Current role: digital marketing specialist. Skills: communication, content writing, critical thinking, presentation skills, problem solving, sales. Education: Master's in Operations Management. Experience: 9 years."
Vikram Liu,31,Non-Binary,Bachelor's,Supply Chain Management,2,account manager,,"[""adaptability"", ""patient care"", ""powerpoint"", ""psychology""]",,0,0,0,3,"Current role: account manager. Skills: adaptability, patient care, powerpoint, psychology. Education: Bachelor's in Supply Chain Management. Experience: 2 years."
Noah Zhang,26,Female,Master's,Nursing,1,marketing manager,,"[""financial analysis"", ""negotiation"", ""patient care"", ""powerpoint"", ""presentation skills"", ""sales"", ""seo""]",,0,0,0,4,"Current role: marketing manager. Skills: financial analysis, negotiation, patient care, powerpoint, presentation skills, sales, seo. Education: Master's in Nursing. Experience: 1 years."
Abhinav Zhou,32,Male,Master's,Communications,1,project manager,,"[""communication"", ""project management"", ""risk management"", ""social media marketing""]","Licensed Professional Counselor, Digital Marketing Institute Certified",0,1,0,4,"Current role: project manager. Skills: communication, project management, risk management, social media marketing. Education: Master's in Communications. Experience: 1 years. Certifications: Licensed Professional Counselor, Digital Marketing Institute Certified."
Michael Kumar,31,Non-Binary,Master's,Supply Chain Management,2,human resources manager,,"[""accounting"", ""content writing"", ""counseling"", ""customer service"", ""financial analysis"", ""negotiation"", ""strategic planning"", ""time management""]","Six Sigma Green Belt, Licensed Professional Counselor",0,1,0,4,"Current role: human resources manager. Skills: accounting, content writing, counseling, customer service, financial analysis, negotiation, strategic planning, time management. Education: Master's in Supply Chain Management. Experience: 2 years. Certifications: Six Sigma Green Belt, Licensed Professional Counselor."
James Liu,40,Female,Bachelor's,Accounting,4,salesperson,,"[""communication"", ""counseling"", ""customer service"", ""marketing"", ""patient care"", ""powerpoint"", ""seo"", ""strategic planning""]",,0,0,0,3,"Current role: salesperson. Skills: communication, counseling, customer service, marketing, patient care, powerpoint, seo, strategic planning. Education: Bachelor's in Accounting. Experience: 4 years."
David Jones,23,Male,Bachelor's,Finance,0,,,"[""budgeting"", ""communication"", ""negotiation"", ""powerpoint"", ""seo"", ""strategic planning""]",,1,0,0,3,"Skills: budgeting, communication, negotiation, powerpoint, seo, strategic planning. Education: Bachelor's in Finance. Experience: 0 years."
Joshua Johnson,42,Male,Bachelor's,Pharmacy,0,,,"[""adaptability"", ""counseling"", ""financial analysis"", ""healthcare"", ""negotiation"", ""organizational skills"", ""quality assurance"", ""strategic planning""]",Registered Nurse License,1,1,0,3,"Skills: adaptability, counseling, financial analysis, healthcare, negotiation, organizational skills, quality assurance, strategic planning. Education: Bachelor's in Pharmacy. Experience: 0 years. Certifications: Registered Nurse License."
Isabella Kim,34,Male,Master's,Accounting,1,customer success manager,,"[""budgeting"", ""content writing"", ""patient care"", ""problem solving"", ""psychology"", ""sales"", ""seo"", ""team management""]",Google Ads Certified,0,1,0,4,"Current role: customer success manager. Skills: budgeting, content writing, patient care, problem solving, psychology, sales, seo, team management. Education: Master's in Accounting. Experience: 1 years. Certifications: Google Ads Certified."
Arya Kim,21,Non-Binary,Bachelor's,Marketing,0,,,"[""communication"", ""customer service"", ""marketing"", ""negotiation"", ""powerpoint"", ""problem solving"", ""social media marketing""]",Google Analytics Certified,1,1,0,3,"Skills: communication, customer service, marketing, negotiation, powerpoint, problem solving, social media marketing. Education: Bachelor's in Marketing. Experience: 0 years. Certifications: Google Analytics Certified."
Andrew Reddy,33,Non-Binary,Master's,Political Science,0,,,"[""budgeting"", ""counseling"", ""critical thinking"", ""data analysis"", ""risk management""]","Google Ads Certified, Licensed Professional Counselor",1,1,0,4,"Skills: budgeting, counseling, critical thinking, data analysis, risk management. Education: Master's in Political Science. Experience: 0 years. Certifications: Google Ads Certified, Licensed Professional Counselor."
Meera Singh,31,Male,Master's,Architecture,0,,,"[""excel"", ""healthcare"", ""leadership"", ""negotiation"", ""project management"", ""psychology"", ""time management""]",Google Ads Certified,1,1,0,4,"Skills: excel, healthcare, leadership, negotiation, project management, psychology, time management. Education: Master's in Architecture. Experience: 0 years. Certifications: Google Ads Certified."
Evelyn Chen,27,Male,Bachelor's,Education,6,digital marketing specialist,,"[""budgeting"", ""customer service"", ""data analysis"", ""leadership"", ""medical knowledge"", ""organizational skills"", ""seo"", ""strategic planning""]",Google Ads Certified,0,1,0,3,"Current role: digital marketing specialist. Skills: budgeting, customer service, data analysis, leadership, medical knowledge, organizational skills, seo, strategic planning. Education: Bachelor's in Education. Experience: 6 years. Certifications: Google Ads Certified."
Mason Garcia,38,Non-Binary,Bachelor's,Economics,3,director of operations,,"[""content writing"", ""negotiation"", ""powerpoint"", ""seo"", ""social media marketing"", ""time management""]","Certified Public Accountant, Certified Financial Analyst, Certified Sales Professional",0,1,0,3,"Current role: director of operations. Skills: content writing, negotiation, powerpoint, seo, social media marketing, time management. Education: Bachelor's in Economics. Experience: 3 years. Certifications: Certified Public Accountant, Certified Financial Analyst, Certified Sales Professional."
Emily Miller,29,Non-Binary,PhD,Operations Management,5,operations manager,"human resources manager, business analyst","[""accounting"", ""adaptability"", ""budgeting"", ""data analysis"", ""marketing"", ""medical knowledge"", ""organizational skills"", ""presentation skills""]",,0,0,1,5,"Current role: operations manager. Previous roles: human resources manager, business analyst. Skills: accounting, adaptability, budgeting, data analysis, marketing, medical knowledge, organizational skills, presentation skills. Education: PhD in Operations Management. Experience: 5 years."
Amanda Jain,27,Female,Master's,Biology,0,,,"[""communication"", ""emotional intelligence"", ""healthcare"", ""negotiation"", ""patient care"", ""project management"", ""social media marketing"", ""strategic planning""]",Facebook Blueprint Certified,1,1,0,4,"Skills: communication, emotional intelligence, healthcare, negotiation, patient care, project management, social media marketing, strategic planning. Education: Master's in Biology. Experience: 0 years. Certifications: Facebook Blueprint Certified."
Ava Wu,38,Female,Master's,Political Science,0,,,"[""accounting"", ""counseling"", ""data analysis"", ""emotional intelligence"", ""medical knowledge"", ""psychology"", ""quality assurance"", ""sales""]","Certified Sales Professional, Six Sigma Green Belt",1,1,0,4,"Skills: accounting, counseling, data analysis, emotional intelligence, medical knowledge, psychology, quality assurance, sales. Education: Master's in Political Science. Experience: 0 years. Certifications: Certified Sales Professional, Six Sigma Green Belt."
Samantha Zhou,22,Male,High School,Pharmacy,10,counselor,"digital marketing specialist, mental health practitioner","[""critical thinking"", ""customer service"", ""data analysis"", ""medical knowledge"", ""presentation skills"", ""project management"", ""team management""]",Google Analytics Certified,0,1,1,1,"Current role: counselor. Previous roles: digital marketing specialist, mental health practitioner. Skills: critical thinking, customer service, data analysis, medical knowledge, presentation skills, project management, team management. Education: High School in Pharmacy. Experience: 10 years. Certifications: Google Analytics Certified."
Mason Williams,36,Female,Master's,Human Resources,1,business analyst,,"[""communication"", ""excel"", ""medical knowledge"", ""project management"", ""risk management""]",,0,0,0,4,"Current role: business analyst. Skills: communication, excel, medical knowledge, project management, risk management. Education: Master's in Human Resources. Experience: 1 years."
Sarah Mittal,44,Male,Bachelor's,Economics,1,market research analyst,,"[""budgeting"", ""emotional intelligence"", ""healthcare"", ""leadership"", ""medical knowledge"", ""project management"", ""strategic planning""]",,0,0,0,3,"Current role: market research analyst. Skills: budgeting, emotional intelligence, healthcare, leadership, medical knowledge, project management, strategic planning. Education: Bachelor's in Economics. Experience: 1 years."
Abhinav Jain,40,Non-Binary,High School,Accounting,1,director of operations,,"[""accounting"", ""adaptability"", ""budgeting"", ""financial analysis"", ""negotiation"", ""psychology"", ""risk management"", ""sales""]",,0,0,0,1,"Current role: director of operations. Skills: accounting, adaptability, budgeting, financial analysis, negotiation, psychology, risk management, sales. Education: High School in Accounting. Experience: 1 years."
Aadhya Park,26,Female,Master's,Political Science,4,salesperson,,"[""compliance"", ""content writing"", ""customer service"", ""healthcare"", ""patient care"", ""project management"", ""sales"", ""team management""]","Project Management Professional, Six Sigma Green Belt",0,1,0,4,"Current role: salesperson. Skills: compliance, content writing, customer service, healthcare, patient care, project management, sales, team management. Education: Master's in Political Science. Experience: 4 years. Certifications: Project Management Professional, Six Sigma Green Belt."
Diya Rodriguez,33,Male,High School,Journalism,0,,,"[""budgeting"", ""counseling"", ""healthcare"", ""medical knowledge"", ""patient care"", ""team management""]",,1,0,0,1,"Skills: budgeting, counseling, healthcare, medical knowledge, patient care, team management. Education: High School in Journalism. Experience: 0 years."
Arjun Zhou,43,Non-Binary,Master's,Psychology,1,market research analyst,,"[""budgeting"", ""content writing"", ""excel"", ""marketing"", ""time management""]","Licensed Professional Counselor, Six Sigma Green Belt, Facebook Blueprint Certified",0,1,0,4,"Current role: market research analyst. Skills: budgeting, content writing, excel, marketing, time management. Education: Master's in Psychology. Experience: 1 years. Certifications: Licensed Professional Counselor, Six Sigma Green Belt, Facebook Blueprint Certified."
Ava Patel,44,Male,High School,Chemical Engineering,0,,,"[""adaptability"", ""customer service"", ""marketing"", ""negotiation"", ""psychology"", ""quality assurance"", ""time management""]","HubSpot Content Marketing, Project Management Professional, Digital Marketing Institute Certified",1,1,0,1,"Skills: adaptability, customer service, marketing, negotiation, psychology, quality assurance, time management. Education: High School in Chemical Engineering. Experience: 0 years. Certifications: HubSpot Content Marketing, Project Management Professional, Digital Marketing Institute Certified."
Harper Srinivasan,21,Female,Bachelor's,Accounting,0,,,"[""compliance"", ""customer service"", ""emotional intelligence"", ""financial analysis"", ""medical knowledge"", ""sales"", ""seo"", ""social media marketing""]",,1,0,0,3,"Skills: compliance, customer service, emotional intelligence, financial analysis, medical knowledge, sales, seo, social media marketing. Education: Bachelor's in Accounting. Experience: 0 years."
Ankit Verma,40,Female,PhD,Physics,1,restaurant specialist,,"[""accounting"", ""adaptability"", ""content writing"", ""patient care"", ""powerpoint"", ""psychology"", ""quality assurance"", ""team management""]","Certified Financial Analyst, SHRM Certified Professional",0,1,0,5,"Current role: restaurant specialist. Skills: accounting, adaptability, content writing, patient care, powerpoint, psychology, quality assurance, team management. Education: PhD in Physics. Experience: 1 years. Certifications: Certified Financial Analyst, SHRM Certified Professional."
Ananya Bansal,29,Female,Bachelor's,Finance,1,nurse,,"[""leadership"", ""marketing"", ""patient care"", ""problem solving"", ""project management"", ""quality assurance"", ""risk management"", ""sales""]",,0,0,0,3,"Current role: nurse. Skills: leadership, marketing, patient care, problem solving, project management, quality assurance, risk management, sales. Education: Bachelor's in Finance. Experience: 1 years."
Rahul Smith,34,Non-Binary,High School,Psychology,3,business analyst,,"[""accounting"", ""content writing"", ""psychology"", ""sales""]",,0,0,0,1,"Current role: business analyst. Skills: accounting, content writing, psychology, sales. Education: High School in Psychology. Experience: 3 years."
Ethan Agarwal,28,Male,Master's,Medicine,0,,,"[""organizational skills"", ""project management"", ""psychology"", ""time management""]","HubSpot Content Marketing, Google Analytics Certified, Registered Nurse License",1,1,0,4,"Skills: organizational skills, project management, psychology, time management. Education: Master's in Medicine. Experience: 0 years. Certifications: HubSpot Content Marketing, Google Analytics Certified, Registered Nurse License."
Liam Taylor,38,Non-Binary,Master's,Civil Engineering,1,marketing manager,,"[""communication"", ""compliance"", ""problem solving"", ""project management"", ""risk management"", ""sales"", ""time management""]","Google Analytics Certified, Certified Sales Professional",0,1,0,4,"Current role: marketing manager. Skills: communication, compliance, problem solving, project management, risk management, sales, time management. Education: Master's in Civil Engineering. Experience: 1 years. Certifications: Google Analytics Certified, Certified Sales Professional."
Harper Mittal,23,Female,Master's,Architecture,0,,,"[""leadership"", ""project management"", ""risk management"", ""team management"", ""time management""]","Registered Nurse License, Facebook Blueprint Certified, Certified Public Accountant",1,1,0,4,"Skills: leadership, project management, risk management, team management, time management. Education: Master's in Architecture. Experience: 0 years. Certifications: Registered Nurse License, Facebook Blueprint Certified, Certified Public Accountant."
Ankit Kumar,35,Non-Binary,Master's,Civil Engineering,1,market research analyst,,"[""critical thinking"", ""leadership"", ""organizational skills"", ""psychology"", ""social media marketing"", ""team management""]",Six Sigma Green Belt,0,1,0,4,"Current role: market research analyst. Skills: critical thinking, leadership, organizational skills, psychology, social media marketing, team management. Education: Master's in Civil Engineering. Experience: 1 years. Certifications: Six Sigma Green Belt."
Jackson Park,43,Male,Bachelor's,Economics,0,,,"[""content writing"", ""critical thinking"", ""organizational skills"", ""patient care"", ""quality assurance"", ""team management""]","Registered Nurse License, SHRM Certified Professional, Six Sigma Green Belt",1,1,0,3,"Skills: content writing, critical thinking, organizational skills, patient care, quality assurance, team management. Education: Bachelor's in Economics. Experience: 0 years. Certifications: Registered Nurse License, SHRM Certified Professional, Six Sigma Green Belt."
Olivia White,39,Female,Master's,Mechanical Engineering,2,marketing manager,,"[""budgeting"", ""compliance"", ""excel"", ""organizational skills"", ""powerpoint"", ""project management"", ""sales"", ""strategic planning""]","HubSpot Content Marketing, Project Management Professional, Certified Financial Analyst",0,1,0,4,"Current role: marketing manager. Skills: budgeting, compliance, excel, organizational skills, powerpoint, project management, sales, strategic planning. Education: Master's in Mechanical Engineering. Experience: 2 years. Certifications: HubSpot Content Marketing, Project Management Professional, Certified Financial Analyst."
Noah Yang,43,Non-Binary,Master's,Communications,0,,,"[""accounting"", ""communication"", ""counseling"", ""marketing"", ""medical knowledge"", ""patient care"", ""social media marketing"", ""team management""]",Registered Nurse License,1,1,0,4,"Skills: accounting, communication, counseling, marketing, medical knowledge, patient care, social media marketing, team management. Education: Master's in Communications. Experience: 0 years. Certifications: Registered Nurse License."
Evelyn Menon,26,Male,Bachelor's,Business Administration,1,mental health practitioner,,"[""customer service"", ""negotiation"", ""problem solving"", ""sales""]","Certified Sales Professional, Google Ads Certified",0,1,0,3,"Current role: mental health practitioner. Skills: customer service, negotiation, problem solving, sales. Education: Bachelor's in Business Administration. Experience: 1 years. Certifications: Certified Sales Professional, Google Ads Certified."
Kavya Nair,41,Non-Binary,Diploma,Political Science,2,business analyst,,"[""adaptability"", ""patient care"", ""problem solving"", ""strategic planning""]",Digital Marketing Institute Certified,0,1,0,0,"Current role: business analyst. Skills: adaptability, patient care, problem solving, strategic planning. Education: Diploma in Political Science. Experience: 2 years. Certifications: Digital Marketing Institute Certified."
Sophia Krishnan,35,Non-Binary,Bachelor's,Psychology,6,project manager,"content manager, financial analyst","[""leadership"", ""medical knowledge"", ""problem solving"", ""project management"", ""team management""]","Licensed Professional Counselor, Certified Financial Analyst, Certified Sales Professional",0,1,1,3,"Current role: project manager. Previous roles: content manager, financial analyst. Skills: leadership, medical knowledge, problem solving, project management, team management. Education: Bachelor's in Psychology. Experience: 6 years. Certifications: Licensed Professional Counselor, Certified Financial Analyst, Certified Sales Professional."
Samantha Kim,42,Male,PhD,Architecture,0,,,"[""adaptability"", ""emotional intelligence"", ""powerpoint"", ""problem solving"", ""quality assurance"", ""seo"", ""strategic planning"", ""time management""]","Google Ads Certified, Registered Nurse License, SHRM Certified Professional",1,1,0,5,"Skills: adaptability, emotional intelligence, powerpoint, problem solving, quality assurance, seo, strategic planning, time management. Education: PhD in Architecture. Experience: 0 years. Certifications: Google Ads Certified, Registered Nurse License, SHRM Certified Professional."
Abhinav Srinivasan,32,Male,Master's,Dentistry,2,dentist,,"[""critical thinking"", ""data analysis"", ""financial analysis"", ""leadership"", ""marketing"", ""negotiation"", ""powerpoint"", ""time management""]",Digital Marketing Institute Certified,0,1,0,4,"Current role: dentist. Skills: critical thinking, data analysis, financial analysis, leadership, marketing, negotiation, powerpoint, time management. Education: Master's in Dentistry. Experience: 2 years. Certifications: Digital Marketing Institute Certified."
Aryan Park,42,Non-Binary,Bachelor's,Pharmacy,2,brand manager,,"[""healthcare"", ""medical knowledge"", ""negotiation"", ""organizational skills""]","SHRM Certified Professional, Registered Nurse License",0,1,0,3,"Current role: brand manager. Skills: healthcare, medical knowledge, negotiation, organizational skills. Education: Bachelor's in Pharmacy. Experience: 2 years. Certifications: SHRM Certified Professional, Registered Nurse License."
Aadhya Mittal,38,Female,Bachelor's,Accounting,4,business development manager,,"[""budgeting"", ""medical knowledge"", ""negotiation"", ""social media marketing"", ""strategic planning"", ""time management""]",,0,0,0,3,"Current role: business development manager. Skills: budgeting, medical knowledge, negotiation, social media marketing, strategic planning, time management. Education: Bachelor's in Accounting. Experience: 4 years."
Abhinav Jackson,25,Female,Bachelor's,Accounting,0,,,"[""adaptability"", ""communication"", ""compliance"", ""financial analysis"", ""medical knowledge"", ""strategic planning"", ""team management""]","Certified Public Accountant, Google Analytics Certified",1,1,0,3,"Skills: adaptability, communication, compliance, financial analysis, medical knowledge, strategic planning, team management. Education: Bachelor's in Accounting. Experience: 0 years. Certifications: Certified Public Accountant, Google Analytics Certified."
Jessica Wu,40,Non-Binary,PhD,Nursing,5,marketing manager,,"[""medical knowledge"", ""powerpoint"", ""presentation skills"", ""risk management""]",,0,0,0,5,"Current role: marketing manager. Skills: medical knowledge, powerpoint, presentation skills, risk management. Education: PhD in Nursing. Experience: 5 years."
Emily Zhou,43,Male,PhD,Chemistry,0,,,"[""adaptability"", ""budgeting"", ""compliance"", ""content writing"", ""project management"", ""social media marketing""]","Licensed Professional Counselor, Certified Sales Professional, Project Management Professional",1,1,0,5,"Skills: adaptability, budgeting, compliance, content writing, project management, social media marketing. Education: PhD in Chemistry. Experience: 0 years. Certifications: Licensed Professional Counselor, Certified Sales Professional, Project Management Professional."
Michael Moore,23,Female,Master's,Chemical Engineering,4,dentist,,"[""adaptability"", ""budgeting"", ""critical thinking"", ""healthcare"", ""organizational skills"", ""problem solving"", ""social media marketing"", ""time management""]",,0,0,0,4,"Current role: dentist. Skills: adaptability, budgeting, critical thinking, healthcare, organizational skills, problem solving, social media marketing, time management. Education: Master's in Chemical Engineering. Experience: 4 years."
Lucas Martin,37,Male,Master's,Biology,0,,,"[""financial analysis"", ""healthcare"", ""negotiation"", ""patient care"", ""problem solving""]","Google Ads Certified, SHRM Certified Professional, Six Sigma Green Belt",1,1,0,4,"Skills: financial analysis, healthcare, negotiation, patient care, problem solving. Education: Master's in Biology. Experience: 0 years. Certifications: Google Ads Certified, SHRM Certified Professional, Six Sigma Green Belt."
Emily Srinivasan,29,Female,PhD,Business Administration,0,,,"[""data analysis"", ""project management"", ""risk management"", ""social media marketing""]","Google Analytics Certified, Google Ads Certified",1,1,0,5,"Skills: data analysis, project management, risk management, social media marketing. Education: PhD in Business Administration. Experience: 0 years. Certifications: Google Analytics Certified, Google Ads Certified."
Akash Jackson,42,Non-Binary,Bachelor's,Communications,0,,,"[""compliance"", ""counseling"", ""critical thinking"", ""marketing"", ""patient care"", ""powerpoint"", ""risk management"", ""seo""]",Certified Public Accountant,1,1,0,3,"Skills: compliance, counseling, critical thinking, marketing, patient care, powerpoint, risk management, seo. Education: Bachelor's in Communications. Experience: 0 years. Certifications: Certified Public Accountant."
Rahul Sharma,22,Male,Master's,Sociology,0,,,"[""adaptability"", ""customer service"", ""organizational skills"", ""problem solving"", ""quality assurance"", ""social media marketing""]",,1,0,0,4,"Skills: adaptability, customer service, organizational skills, problem solving, quality assurance, social media marketing. Education: Master's in Sociology. Experience: 0 years."
Rohan Venkatesh,34,Female,Master's,Business Administration,1,counselor,,"[""communication"", ""compliance"", ""content writing"", ""medical knowledge"", ""patient care"", ""problem solving"", ""seo""]","Licensed Professional Counselor, Certified Financial Analyst, Google Ads Certified",0,1,0,4,"Current role: counselor. Skills: communication, compliance, content writing, medical knowledge, patient care, problem solving, seo. Education: Master's in Business Administration. Experience: 1 years. Certifications: Licensed Professional Counselor, Certified Financial Analyst, Google Ads Certified."
Sneha Subramanian,21,Female,Bachelor's,Supply Chain Management,0,,,"[""critical thinking"", ""financial analysis"", ""healthcare"", ""patient care"", ""quality assurance"", ""strategic planning""]",Facebook Blueprint Certified,1,1,0,3,"Skills: critical thinking, financial analysis, healthcare, patient care, quality assurance, strategic planning. Education: Bachelor's in Supply Chain Management. Experience: 0 years. Certifications: Facebook Blueprint Certified."
Amelia Lee,31,Non-Binary,Master's,Medicine,3,nurse,salesperson,"[""data analysis"", ""financial analysis"", ""marketing"", ""seo""]",Digital Marketing Institute Certified,0,1,1,4,"Current role: nurse. Previous roles: salesperson. Skills: data analysis, financial analysis, marketing, seo. Education: Master's in Medicine. Experience: 3 years. Certifications: Digital Marketing Institute Certified."
Arjun Wu,31,Non-Binary,Bachelor's,Psychology,0,,,"[""customer service"", ""data analysis"", ""sales"", ""time management""]","Six Sigma Green Belt, HubSpot Content Marketing",1,1,0,3,"Skills: customer service, data analysis, sales, time management. Education: Bachelor's in Psychology. Experience: 0 years. Certifications: Six Sigma Green Belt, HubSpot Content Marketing."
Aadhya Agarwal,36,Non-Binary,Master's,Physics,0,,,"[""adaptability"", ""customer service"", ""excel"", ""financial analysis"", ""organizational skills"", ""social media marketing"", ""team management""]","Certified Financial Analyst, Project Management Professional",1,1,0,4,"Skills: adaptability, customer service, excel, financial analysis, organizational skills, social media marketing, team management. Education: Master's in Physics. Experience: 0 years. Certifications: Certified Financial Analyst, Project Management Professional."
Michael Miller,26,Non-Binary,PhD,Marketing,2,social media manager,,"[""powerpoint"", ""problem solving"", ""project management"", ""seo""]",Google Ads Certified,0,1,0,5,"Current role: social media manager. Skills: powerpoint, problem solving, project management, seo. Education: PhD in Marketing. Experience: 2 years. Certifications: Google Ads Certified."
Alexander Wu,38,Male,Master's,Chemistry,1,brand manager,,"[""adaptability"", ""data analysis"", ""problem solving"", ""psychology"", ""quality assurance""]",Certified Public Accountant,0,1,0,4,"Current role: brand manager. Skills: adaptability, data analysis, problem solving, psychology, quality assurance. Education: Master's in Chemistry. Experience: 1 years. Certifications: Certified Public Accountant."
Aditi Singh,42,Female,Bachelor's,Sociology,2,human resources manager,,"[""budgeting"", ""emotional intelligence"", ""financial analysis"", ""psychology"", ""sales"", ""strategic planning""]",,0,0,0,3,"Current role: human resources manager. Skills: budgeting, emotional intelligence, financial analysis, psychology, sales, strategic planning. Education: Bachelor's in Sociology. Experience: 2 years."
Andrew Menon,40,Non-Binary,Master's,Chemical Engineering,1,project manager,,"[""accounting"", ""budgeting"", ""compliance"", ""customer service"", ""excel"", ""healthcare"", ""presentation skills"", ""sales""]",Certified Sales Professional,0,1,0,4,"Current role: project manager. Skills: accounting, budgeting, compliance, customer service, excel, healthcare, presentation skills, sales. Education: Master's in Chemical Engineering. Experience: 1 years. Certifications: Certified Sales Professional."
Alexander Chen,26,Male,PhD,Chemistry,1,mental health practitioner,,"[""adaptability"", ""excel"", ""leadership"", ""marketing"", ""medical knowledge"", ""patient care"", ""project management"", ""strategic planning""]","Licensed Professional Counselor, Google Ads Certified",0,1,0,5,"Current role: mental health practitioner. Skills: adaptability, excel, leadership, marketing, medical knowledge, patient care, project management, strategic planning. Education: PhD in Chemistry. Experience: 1 years. Certifications: Licensed Professional Counselor, Google Ads Certified."
Sneha Mittal,29,Non-Binary,PhD,Biology,2,counselor,,"[""budgeting"", ""communication"", ""counseling"", ""financial analysis"", ""risk management"", ""team management""]",,0,0,0,5,"Current role: counselor. Skills: budgeting, communication, counseling, financial analysis, risk management, team management. Education: PhD in Biology. Experience: 2 years."
Harper Taylor,26,Female,Bachelor's,Political Science,1,project manager,,"[""financial analysis"", ""leadership"", ""medical knowledge"", ""problem solving"", ""sales"", ""time management""]","Google Ads Certified, Certified Public Accountant",0,1,0,3,"Current role: project manager. Skills: financial analysis, leadership, medical knowledge, problem solving, sales, time management. Education: Bachelor's in Political Science. Experience: 1 years. Certifications: Google Ads Certified, Certified Public Accountant."
Aadhya Kim,42,Non-Binary,Master's,Supply Chain Management,0,,,"[""marketing"", ""negotiation"", ""presentation skills"", ""problem solving"", ""strategic planning"", ""time management""]","Six Sigma Green Belt, Google Ads Certified",1,1,0,4,"Skills: marketing, negotiation, presentation skills, problem solving, strategic planning, time management. Education: Master's in Supply Chain Management. Experience: 0 years. Certifications: Six Sigma Green Belt, Google Ads Certified."
Diya Kumar,30,Female,Master's,Education,1,project manager,,"[""emotional intelligence"", ""medical knowledge"", ""presentation skills"", ""sales"", ""social media marketing"", ""strategic planning"", ""time management""]","Google Analytics Certified, Project Management Professional, Certified Public Accountant",0,1,0,4,"Current role: project manager. Skills: emotional intelligence, medical knowledge, presentation skills, sales, social media marketing, strategic planning, time management. Education: Master's in Education. Experience: 1 years. Certifications: Google Analytics Certified, Project Management Professional, Certified Public Accountant."
Sophia Srinivasan,35,Male,Master's,Medicine,0,,,"[""compliance"", ""content writing"", ""leadership"", ""marketing""]","Digital Marketing Institute Certified, SHRM Certified Professional, Google Analytics Certified",1,1,0,4,"Skills: compliance, content writing, leadership, marketing. Education: Master's in Medicine. Experience: 0 years. Certifications: Digital Marketing Institute Certified, SHRM Certified Professional, Google Analytics Certified."
Arya Jain,22,Male,High School,Medicine,2,business development manager,,"[""budgeting"", ""healthcare"", ""leadership"", ""strategic planning""]","Registered Nurse License, Certified Public Accountant, Project Management Professional",0,1,0,1,"Current role: business development manager. Skills: budgeting, healthcare, leadership, strategic planning. Education: High School in Medicine. Experience: 2 years. Certifications: Registered Nurse License, Certified Public Accountant, Project Management Professional."
Christopher Reddy,43,Female,Bachelor's,English Literature,1,dentist,,"[""content writing"", ""excel"", ""patient care"", ""psychology"", ""quality assurance"", ""team management""]",,0,0,0,3,"Current role: dentist. Skills: content writing, excel, patient care, psychology, quality assurance, team management. Education: Bachelor's in English Literature. Experience: 1 years."
Akash Srinivasan,37,Male,Master's,Dentistry,3,mental health practitioner,restaurant specialist,"[""content writing"", ""excel"", ""financial analysis"", ""organizational skills"", ""powerpoint"", ""risk management"", ""seo"", ""social media marketing""]",,0,0,1,4,"Current role: mental health practitioner. Previous roles: restaurant specialist. Skills: content writing, excel, financial analysis, organizational skills, powerpoint, risk management, seo, social media marketing. Education: Master's in Dentistry. Experience: 3 years."
Joshua Srinivasan,33,Female,PhD,Biology,0,,,"[""customer service"", ""financial analysis"", ""healthcare"", ""time management""]",,1,0,0,5,"Skills: customer service, financial analysis, healthcare, time management. Education: PhD in Biology. Experience: 0 years."
Akash Liu,28,Female,High School,Civil Engineering,1,project manager,,"[""adaptability"", ""medical knowledge"", ""organizational skills"", ""patient care"", ""sales"", ""social media marketing""]","Project Management Professional, Six Sigma Green Belt, SHRM Certified Professional",0,1,0,1,"Current role: project manager. Skills: adaptability, medical knowledge, organizational skills, patient care, sales, social media marketing. Education: High School in Civil Engineering. Experience: 1 years. Certifications: Project Management Professional, Six Sigma Green Belt, SHRM Certified Professional."
Olivia Rodriguez,38,Male,Bachelor's,Human Resources,2,sales representative,,"[""adaptability"", ""communication"", ""excel"", ""patient care"", ""presentation skills"", ""problem solving"", ""quality assurance"", ""seo""]",Six Sigma Green Belt,0,1,0,3,"Current role: sales representative. Skills: adaptability, communication, excel, patient care, presentation skills, problem solving, quality assurance, seo. Education: Bachelor's in Human Resources. Experience: 2 years. Certifications: Six Sigma Green Belt."
Vikram Chen,42,Non-Binary,Master's,Communications,3,dentist,,"[""customer service"", ""leadership"", ""organizational skills"", ""patient care"", ""powerpoint"", ""psychology""]","Certified Financial Analyst, Certified Public Accountant",0,1,0,4,"Current role: dentist. Skills: customer service, leadership, organizational skills, patient care, powerpoint, psychology. Education: Master's in Communications. Experience: 3 years. Certifications: Certified Financial Analyst, Certified Public Accountant."
Harper Wang,45,Female,Master's,Sociology,0,,,"[""communication"", ""compliance"", ""content writing"", ""data analysis"", ""healthcare"", ""risk management"", ""team management"", ""time management""]","Digital Marketing Institute Certified, Certified Public Accountant",1,1,0,4,"Skills: communication, compliance, content writing, data analysis, healthcare, risk management, team management, time management. Education: Master's in Sociology. Experience: 0 years. Certifications: Digital Marketing Institute Certified, Certified Public Accountant."
Rahul White,30,Non-Binary,Bachelor's,Human Resources,1,marketing manager,,"[""adaptability"", ""customer service"", ""healthcare"", ""organizational skills"", ""patient care"", ""project management"", ""team management""]",HubSpot Content Marketing,0,1,0,3,"Current role: marketing manager. Skills: adaptability, customer service, healthcare, organizational skills, patient care, project management, team management. Education: Bachelor's in Human Resources. Experience: 1 years. Certifications: HubSpot Content Marketing."
Liam Smith,25,Non-Binary,PhD,Biology,0,,,"[""accounting"", ""counseling"", ""leadership"", ""medical knowledge"", ""patient care"", ""psychology"", ""social media marketing"", ""strategic planning""]","HubSpot Content Marketing, Digital Marketing Institute Certified",1,1,0,5,"Skills: accounting, counseling, leadership, medical knowledge, patient care, psychology, social media marketing, strategic planning. Education: PhD in Biology. Experience: 0 years. Certifications: HubSpot Content Marketing, Digital Marketing Institute Certified."
Abhinav Wilson,34,Non-Binary,Bachelor's,Journalism,5,social media manager,,"[""communication"", ""compliance"", ""leadership"", ""project management"", ""psychology""]",,0,0,0,3,"Current role: social media manager. Skills: communication, compliance, leadership, project management, psychology. Education: Bachelor's in Journalism. Experience: 5 years."
Emma Brown,25,Female,PhD,Chemical Engineering,7,business development manager,marketing manager,"[""accounting"", ""communication"", ""critical thinking"", ""patient care"", ""psychology"", ""risk management"", ""seo"", ""social media marketing""]",,0,0,1,5,"Current role: business development manager. Previous roles: marketing manager. Skills: accounting, communication, critical thinking, patient care, psychology, risk management, seo, social media marketing. Education: PhD in Chemical Engineering. Experience: 7 years."
Alexander Menon,45,Female,High School,Marketing,0,,,"[""communication"", ""customer service"", ""data analysis"", ""organizational skills"", ""project management"", ""quality assurance""]",Certified Financial Analyst,1,1,0,1,"Skills: communication, customer service, data analysis, organizational skills, project management, quality assurance. Education: High School in Marketing. Experience: 0 years. Certifications: Certified Financial Analyst."
Harper Gupta,44,Male,Master's,Medicine,0,,,"[""budgeting"", ""excel"", ""social media marketing"", ""team management""]",,1,0,0,4,"Skills: budgeting, excel, social media marketing, team management. Education: Master's in Medicine. Experience: 0 years."
Ava Wang,41,Male,PhD,Journalism,0,,,"[""budgeting"", ""compliance"", ""critical thinking"", ""marketing"", ""organizational skills"", ""patient care"", ""quality assurance"", ""strategic planning""]","Registered Nurse License, SHRM Certified Professional, Six Sigma Green Belt",1,1,0,5,"Skills: budgeting, compliance, critical thinking, marketing, organizational skills, patient care, quality assurance, strategic planning. Education: PhD in Journalism. Experience: 0 years. Certifications: Registered Nurse License, SHRM Certified Professional, Six Sigma Green Belt."
Lucas Reddy,45,Male,Bachelor's,Human Resources,0,,,"[""accounting"", ""compliance"", ""content writing"", ""negotiation"", ""patient care"", ""quality assurance"", ""sales"", ""time management""]",,1,0,0,3,"Skills: accounting, compliance, content writing, negotiation, patient care, quality assurance, sales, time management. Education: Bachelor's in Human Resources. Experience: 0 years."
Abhinav Mittal,32,Non-Binary,Master's,Physics,3,project manager,nurse,"[""budgeting"", ""organizational skills"", ""powerpoint"", ""psychology"", ""strategic planning""]","HubSpot Content Marketing, Six Sigma Green Belt, Google Analytics Certified",0,1,1,4,"Current role: project manager. Previous roles: nurse. Skills: budgeting, organizational skills, powerpoint, psychology, strategic planning. Education: Master's in Physics. Experience: 3 years. Certifications: HubSpot Content Marketing, Six Sigma Green Belt, Google Analytics Certified."
Harper Thompson,27,Non-Binary,Master's,Education,4,restaurant specialist,nurse,"[""content writing"", ""customer service"", ""excel"", ""quality assurance"", ""seo"", ""time management""]",Registered Nurse License,0,1,1,4,"Current role: restaurant specialist. Previous roles: nurse. Skills: content writing, customer service, excel, quality assurance, seo, time management. Education: Master's in Education. Experience: 4 years. Certifications: Registered Nurse License."
Ethan Davis,43,Male,Bachelor's,Civil Engineering,0,,,"[""compliance"", ""counseling"", ""customer service"", ""data analysis"", ""excel"", ""sales""]",Google Ads Certified,1,1,0,3,"Skills: compliance, counseling, customer service, data analysis, excel, sales. Education: Bachelor's in Civil Engineering. Experience: 0 years. Certifications: Google Ads Certified."
Andrew Wilson,24,Male,Master's,Education,0,,,"[""budgeting"", ""customer service"", ""presentation skills"", ""sales""]","Certified Public Accountant, SHRM Certified Professional, Certified Sales Professional",1,1,0,4,"Skills: budgeting, customer service, presentation skills, sales. Education: Master's in Education. Experience: 0 years. Certifications: Certified Public Accountant, SHRM Certified Professional, Certified Sales Professional."
Ashley Johnson,26,Non-Binary,High School,Education,10,content manager,"director of operations, sales representative, customer success manager","[""budgeting"", ""counseling"", ""critical thinking"", ""medical knowledge"", ""presentation skills"", ""social media marketing""]",,0,0,1,1,"Current role: content manager. Previous roles: director of operations, sales representative, customer success manager. Skills: budgeting, counseling, critical thinking, medical knowledge, presentation skills, social media marketing. Education: High School in Education. Experience: 10 years."
Aadhya Smith,34,Non-Binary,PhD,Marketing,0,,,"[""counseling"", ""data analysis"", ""emotional intelligence"", ""powerpoint""]","Certified Financial Analyst, Certified Sales Professional",1,1,0,5,"Skills: counseling, data analysis, emotional intelligence, powerpoint. Education: PhD in Marketing. Experience: 0 years. Certifications: Certified Financial Analyst, Certified Sales Professional."
Ananya Wu,35,Non-Binary,Bachelor's,Accounting,0,,,"[""compliance"", ""counseling"", ""critical thinking"", ""data analysis"", ""emotional intelligence"", ""organizational skills"", ""project management"", ""psychology""]",,1,0,0,3,"Skills: compliance, counseling, critical thinking, data analysis, emotional intelligence, organizational skills, project management, psychology. Education: Bachelor's in Accounting. Experience: 0 years."
Aditi Sharma,33,Female,Diploma,Communications,0,,,"[""accounting"", ""communication"", ""counseling"", ""organizational skills"", ""powerpoint"", ""project management""]",,1,0,0,0,"Skills: accounting, communication, counseling, organizational skills, powerpoint, project management. Education: Diploma in Communications. Experience: 0 years."
Noah Jackson,22,Non-Binary,Master's,Operations Management,1,digital marketing specialist,,"[""adaptability"", ""presentation skills"", ""sales"", ""strategic planning""]","SHRM Certified Professional, Facebook Blueprint Certified",0,1,0,4,"Current role: digital marketing specialist. Skills: adaptability, presentation skills, sales, strategic planning. Education: Master's in Operations Management. Experience: 1 years. Certifications: SHRM Certified Professional, Facebook Blueprint Certified."
Emily Mittal,22,Female,Bachelor's,Business Administration,1,nurse,,"[""communication"", ""compliance"", ""critical thinking"", ""excel"", ""organizational skills"", ""powerpoint"", ""quality assurance""]",,0,0,0,3,"Current role: nurse. Skills: communication, compliance, critical thinking, excel, organizational skills, powerpoint, quality assurance. Education: Bachelor's in Business Administration. Experience: 1 years."
Andrew Wang,28,Female,Master's,Education,1,digital marketing specialist,,"[""adaptability"", ""excel"", ""organizational skills"", ""powerpoint"", ""psychology""]",Project Management Professional,0,1,0,4,"Current role: digital marketing specialist. Skills: adaptability, excel, organizational skills, powerpoint, psychology. Education: Master's in Education. Experience: 1 years. Certifications: Project Management Professional."
Noah Smith,41,Female,PhD,Marketing,2,operations manager,,"[""critical thinking"", ""healthcare"", ""patient care"", ""problem solving"", ""social media marketing""]",HubSpot Content Marketing,0,1,0,5,"Current role: operations manager. Skills: critical thinking, healthcare, patient care, problem solving, social media marketing. Education: PhD in Marketing. Experience: 2 years. Certifications: HubSpot Content Marketing."
Ashley Zhou,25,Male,Master's,Pharmacy,0,,,"[""communication"", ""medical knowledge"", ""strategic planning"", ""team management""]",,1,0,0,4,"Skills: communication, medical knowledge, strategic planning, team management. Education: Master's in Pharmacy. Experience: 0 years."
Rohan Martin,37,Female,Bachelor's,Accounting,2,human resources manager,,"[""accounting"", ""healthcare"", ""patient care"", ""presentation skills""]",SHRM Certified Professional,0,1,0,3,"Current role: human resources manager. Skills: accounting, healthcare, patient care, presentation skills. Education: Bachelor's in Accounting. Experience: 2 years. Certifications: SHRM Certified Professional."
Samantha Krishnan,38,Non-Binary,Master's,Journalism,0,,,"[""adaptability"", ""financial analysis"", ""patient care"", ""seo""]",,1,0,0,4,"Skills: adaptability, financial analysis, patient care, seo. Education: Master's in Journalism. Experience: 0 years."
Aadhya Wang,25,Female,Bachelor's,Architecture,0,,,"[""budgeting"", ""leadership"", ""problem solving"", ""social media marketing""]",,1,0,0,3,"Skills: budgeting, leadership, problem solving, social media marketing. Education: Bachelor's in Architecture. Experience: 0 years."
Emma Jones,43,Non-Binary,High School,Nursing,0,,,"[""counseling"", ""marketing"", ""sales"", ""seo"", ""strategic planning""]","Google Ads Certified, Project Management Professional, Certified Sales Professional",1,1,0,1,"Skills: counseling, marketing, sales, seo, strategic planning. Education: High School in Nursing. Experience: 0 years. Certifications: Google Ads Certified, Project Management Professional, Certified Sales Professional."
Andrew Jain,37,Female,Bachelor's,Chemistry,2,director of operations,,"[""counseling"", ""critical thinking"", ""customer service"", ""negotiation"", ""organizational skills"", ""presentation skills"", ""psychology"", ""quality assurance""]",,0,0,0,3,"Current role: director of operations. Skills: counseling, critical thinking, customer service, negotiation, organizational skills, presentation skills, psychology, quality assurance. Education: Bachelor's in Chemistry. Experience: 2 years."
Jackson Reddy,38,Non-Binary,Master's,Nursing,0,,,"[""budgeting"", ""content writing"", ""customer service"", ""healthcare"", ""negotiation"", ""organizational skills"", ""patient care"", ""problem solving""]","Licensed Professional Counselor, HubSpot Content Marketing",1,1,0,4,"Skills: budgeting, content writing, customer service, healthcare, negotiation, organizational skills, patient care, problem solving. Education: Master's in Nursing. Experience: 0 years. Certifications: Licensed Professional Counselor, HubSpot Content Marketing."
Samantha Reddy,26,Male,Bachelor's,English Literature,7,brand manager,social media manager,"[""budgeting"", ""critical thinking"", ""emotional intelligence"", ""marketing"", ""medical knowledge"", ""organizational skills"", ""social media marketing"", ""strategic planning""]",Project Management Professional,0,1,1,3,"Current role: brand manager. Previous roles: social media manager. Skills: budgeting, critical thinking, emotional intelligence, marketing, medical knowledge, organizational skills, social media marketing, strategic planning. Education: Bachelor's in English Literature. Experience: 7 years. Certifications: Project Management Professional."
Vikram Yang,24,Male,Bachelor's,Chemistry,2,sales representative,,"[""accounting"", ""communication"", ""compliance"", ""critical thinking"", ""emotional intelligence"", ""excel"", ""psychology"", ""strategic planning""]",Project Management Professional,0,1,0,3,"Current role: sales representative. Skills: accounting, communication, compliance, critical thinking, emotional intelligence, excel, psychology, strategic planning. Education: Bachelor's in Chemistry. Experience: 2 years. Certifications: Project Management Professional."
Arjun Liu,35,Female,Bachelor's,Accounting,3,market research analyst,,"[""excel"", ""psychology"", ""quality assurance"", ""social media marketing"", ""team management""]",,0,0,0,3,"Current role: market research analyst. Skills: excel, psychology, quality assurance, social media marketing, team management. Education: Bachelor's in Accounting. Experience: 3 years."
Christopher Kumar,32,Non-Binary,Master's,Medicine,0,,,"[""accounting"", ""adaptability"", ""budgeting"", ""counseling"", ""excel"", ""organizational skills"", ""project management""]",Digital Marketing Institute Certified,1,1,0,4,"Skills: accounting, adaptability, budgeting, counseling, excel, organizational skills, project management. Education: Master's in Medicine. Experience: 0 years. Certifications: Digital Marketing Institute Certified."
Akash Martin,42,Non-Binary,Diploma,Marketing,5,operations manager,dentist,"[""customer service"", ""financial analysis"", ""healthcare"", ""organizational skills"", ""psychology"", ""team management""]",Certified Public Accountant,0,1,1,0,"Current role: operations manager. Previous roles: dentist. Skills: customer service, financial analysis, healthcare, organizational skills, psychology, team management. Education: Diploma in Marketing. Experience: 5 years. Certifications: Certified Public Accountant."
Alexander Moore,26,Male,Master's,Supply Chain Management,3,account manager,,"[""communication"", ""compliance"", ""medical knowledge"", ""quality assurance""]",,0,0,0,4,"Current role: account manager. Skills: communication, compliance, medical knowledge, quality assurance. Education: Master's in Supply Chain Management. Experience: 3 years."
Sophia Wang,33,Male,Bachelor's,Architecture,3,digital marketing specialist,content manager,"[""content writing"", ""healthcare"", ""organizational skills"", ""project management"", ""psychology"", ""risk management""]","HubSpot Content Marketing, Certified Sales Professional",0,1,1,3,"Current role: digital marketing specialist. Previous roles: content manager. Skills: content writing, healthcare, organizational skills, project management, psychology, risk management. Education: Bachelor's in Architecture. Experience: 3 years. Certifications: HubSpot Content Marketing, Certified Sales Professional."
Matthew Jones,39,Female,Bachelor's,Pharmacy,2,brand manager,,"[""customer service"", ""excel"", ""financial analysis"", ""healthcare"", ""presentation skills"", ""sales"", ""seo"", ""strategic planning""]",Registered Nurse License,0,1,0,3,"Current role: brand manager. Skills: customer service, excel, financial analysis, healthcare, presentation skills, sales, seo, strategic planning. Education: Bachelor's in Pharmacy. Experience: 2 years. Certifications: Registered Nurse License."
Jessica Bansal,44,Female,PhD,English Literature,0,,,"[""budgeting"", ""content writing"", ""emotional intelligence"", ""financial analysis"", ""problem solving"", ""sales""]",,1,0,0,5,"Skills: budgeting, content writing, emotional intelligence, financial analysis, problem solving, sales. Education: PhD in English Literature. Experience: 0 years."
Karan Martin,25,Non-Binary,Bachelor's,Pharmacy,1,digital marketing specialist,,"[""healthcare"", ""marketing"", ""patient care"", ""problem solving"", ""risk management"", ""sales"", ""seo"", ""time management""]",Google Ads Certified,0,1,0,3,"Current role: digital marketing specialist. Skills: healthcare, marketing, patient care, problem solving, risk management, sales, seo, time management. Education: Bachelor's in Pharmacy. Experience: 1 years. Certifications: Google Ads Certified."
Charlotte Menon,28,Male,Bachelor's,Nursing,3,financial analyst,operations manager,"[""compliance"", ""customer service"", ""patient care"", ""psychology"", ""strategic planning""]",,0,0,1,3,"Current role: financial analyst. Previous roles: operations manager. Skills: compliance, customer service, patient care, psychology, strategic planning. Education: Bachelor's in Nursing. Experience: 3 years."
Evelyn Moore,39,Non-Binary,PhD,Supply Chain Management,4,restaurant specialist,,"[""data analysis"", ""excel"", ""marketing"", ""powerpoint"", ""psychology"", ""risk management""]","HubSpot Content Marketing, Registered Nurse License, Google Ads Certified",0,1,0,5,"Current role: restaurant specialist. Skills: data analysis, excel, marketing, powerpoint, psychology, risk management. Education: PhD in Supply Chain Management. Experience: 4 years. Certifications: HubSpot Content Marketing, Registered Nurse License, Google Ads Certified."
Isabella Thomas,21,Non-Binary,Master's,Psychology,1,business development manager,,"[""adaptability"", ""compliance"", ""customer service"", ""healthcare"", ""medical knowledge"", ""seo""]","SHRM Certified Professional, Digital Marketing Institute Certified, Licensed Professional Counselor",0,1,0,4,"Current role: business development manager. Skills: adaptability, compliance, customer service, healthcare, medical knowledge, seo. Education: Master's in Psychology. Experience: 1 years. Certifications: SHRM Certified Professional, Digital Marketing Institute Certified, Licensed Professional Counselor."
Jackson Sharma,35,Female,Bachelor's,Chemistry,0,,,"[""data analysis"", ""healthcare"", ""marketing"", ""time management""]","Project Management Professional, Certified Sales Professional",1,1,0,3,"Skills: data analysis, healthcare, marketing, time management. Education: Bachelor's in Chemistry. Experience: 0 years. Certifications: Project Management Professional, Certified Sales Professional."
Jackson Smith,34,Male,Bachelor's,Biology,10,operations manager,"business development manager, social media manager","[""accounting"", ""budgeting"", ""medical knowledge"", ""presentation skills"", ""project management""]",Certified Public Accountant,0,1,1,3,"Current role: operations manager. Previous roles: business development manager, social media manager. Skills: accounting, budgeting, medical knowledge, presentation skills, project management. Education: Bachelor's in Biology. Experience: 10 years. Certifications: Certified Public Accountant."
Akash Thomas,44,Non-Binary,Bachelor's,English Literature,5,restaurant specialist,"operations manager, nurse","[""data analysis"", ""emotional intelligence"", ""medical knowledge"", ""powerpoint"", ""seo"", ""social media marketing""]",Registered Nurse License,0,1,1,3,"Current role: restaurant specialist. Previous roles: operations manager, nurse. Skills: data analysis, emotional intelligence, medical knowledge, powerpoint, seo, social media marketing. Education: Bachelor's in English Literature. Experience: 5 years. Certifications: Registered Nurse License."
Rahul Williams,41,Male,PhD,Political Science,3,mental health practitioner,nurse,"[""accounting"", ""emotional intelligence"", ""marketing"", ""medical knowledge"", ""presentation skills"", ""psychology"", ""quality assurance"", ""strategic planning""]","Certified Financial Analyst, Digital Marketing Institute Certified, SHRM Certified Professional",0,1,1,5,"Current role: mental health practitioner. Previous roles: nurse. Skills: accounting, emotional intelligence, marketing, medical knowledge, presentation skills, psychology, quality assurance, strategic planning. Education: PhD in Political Science. Experience: 3 years. Certifications: Certified Financial Analyst, Digital Marketing Institute Certified, SHRM Certified Professional."
Abhinav Wu,41,Non-Binary,Bachelor's,Accounting,7,business development manager,dentist,"[""budgeting"", ""critical thinking"", ""data analysis"", ""leadership"", ""problem solving"", ""risk management"", ""seo"", ""strategic planning""]",,0,0,1,3,"Current role: business development manager. Previous roles: dentist. Skills: budgeting, critical thinking, data analysis, leadership, problem solving, risk management, seo, strategic planning. Education: Bachelor's in Accounting. Experience: 7 years."
Liam Wilson,35,Non-Binary,PhD,Nursing,0,,,"[""adaptability"", ""counseling"", ""leadership"", ""marketing"", ""organizational skills"", ""patient care"", ""project management""]",Facebook Blueprint Certified,1,1,0,5,"Skills: adaptability, counseling, leadership, marketing, organizational skills, patient care, project management. Education: PhD in Nursing. Experience: 0 years. Certifications: Facebook Blueprint Certified."
Ankit Williams,33,Non-Binary,Bachelor's,Education,2,digital marketing specialist,,"[""adaptability"", ""budgeting"", ""communication"", ""critical thinking"", ""customer service"", ""data analysis"", ""patient care"", ""psychology""]","Facebook Blueprint Certified, Google Analytics Certified, Licensed Professional Counselor",0,1,0,3,"Current role: digital marketing specialist. Skills: adaptability, budgeting, communication, critical thinking, customer service, data analysis, patient care, psychology. Education: Bachelor's in Education. Experience: 2 years. Certifications: Facebook Blueprint Certified, Google Analytics Certified, Licensed Professional Counselor."
Noah Garcia,25,Male,Bachelor's,Education,0,,,"[""communication"", ""data analysis"", ""excel"", ""organizational skills"", ""psychology""]","Google Ads Certified, Facebook Blueprint Certified, Google Analytics Certified",1,1,0,3,"Skills: communication, data analysis, excel, organizational skills, psychology. Education: Bachelor's in Education. Experience: 0 years. Certifications: Google Ads Certified, Facebook Blueprint Certified, Google Analytics Certified."
Harper Gupta,37,Female,Diploma,Chemical Engineering,2,account manager,,"[""budgeting"", ""project management"", ""quality assurance"", ""team management""]",Registered Nurse License,0,1,0,0,"Current role: account manager. Skills: budgeting, project management, quality assurance, team management. Education: Diploma in Chemical Engineering. Experience: 2 years. Certifications: Registered Nurse License."
Abhinav Agarwal,21,Female,Bachelor's,Physics,2,market research analyst,,"[""counseling"", ""data analysis"", ""financial analysis"", ""negotiation"", ""presentation skills"", ""team management""]","Google Ads Certified, HubSpot Content Marketing, Six Sigma Green Belt",0,1,0,3,"Current role: market research analyst. Skills: counseling, data analysis, financial analysis, negotiation, presentation skills, team management. Education: Bachelor's in Physics. Experience: 2 years. Certifications: Google Ads Certified, HubSpot Content Marketing, Six Sigma Green Belt."
Arjun Mittal,27,Male,Certificate,Accounting,0,,,"[""leadership"", ""organizational skills"", ""problem solving"", ""quality assurance"", ""sales""]",Licensed Professional Counselor,1,1,0,0,"Skills: leadership, organizational skills, problem solving, quality assurance, sales. Education: Certificate in Accounting. Experience: 0 years. Certifications: Licensed Professional Counselor."
Liam Johnson,44,Female,Bachelor's,Physics,0,,,"[""budgeting"", ""critical thinking"", ""data analysis"", ""emotional intelligence"", ""excel"", ""leadership"", ""marketing"", ""powerpoint""]","Facebook Blueprint Certified, Google Analytics Certified, Certified Public Accountant",1,1,0,3,"Skills: budgeting, critical thinking, data analysis, emotional intelligence, excel, leadership, marketing, powerpoint. Education: Bachelor's in Physics. Experience: 0 years. Certifications: Facebook Blueprint Certified, Google Analytics Certified, Certified Public Accountant."
Christopher Rao,29,Male,PhD,Psychology,2,operations manager,,"[""adaptability"", ""critical thinking"", ""healthcare"", ""presentation skills"", ""project management"", ""time management""]","Digital Marketing Institute Certified, Project Management Professional",0,1,0,5,"Current role: operations manager. Skills: adaptability, critical thinking, healthcare, presentation skills, project management, time management. Education: PhD in Psychology. Experience: 2 years. Certifications: Digital Marketing Institute Certified, Project Management Professional."
Sneha Rodriguez,42,Female,Bachelor's,Human Resources,0,,,"[""healthcare"", ""patient care"", ""psychology"", ""seo"", ""social media marketing"", ""strategic planning""]","Project Management Professional, Licensed Professional Counselor, Google Ads Certified",1,1,0,3,"Skills: healthcare, patient care, psychology, seo, social media marketing, strategic planning. Education: Bachelor's in Human Resources. Experience: 0 years. Certifications: Project Management Professional, Licensed Professional Counselor, Google Ads Certified."
Sarah Park,23,Female,Bachelor's,Human Resources,0,,,"[""emotional intelligence"", ""financial analysis"", ""strategic planning"", ""time management""]",,1,0,0,3,"Skills: emotional intelligence, financial analysis, strategic planning, time management. Education: Bachelor's in Human Resources. Experience: 0 years."
James Thompson,38,Female,Bachelor's,Economics,1,nurse,,"[""accounting"", ""communication"", ""compliance"", ""customer service"", ""powerpoint"", ""quality assurance"", ""social media marketing""]",,0,0,0,3,"Current role: nurse. Skills: accounting, communication, compliance, customer service, powerpoint, quality assurance, social media marketing. Education: Bachelor's in Economics. Experience: 1 years."
Jessica Gupta,25,Female,Bachelor's,Nursing,3,sales representative,,"[""budgeting"", ""financial analysis"", ""patient care"", ""risk management"", ""team management""]",Certified Public Accountant,0,1,0,3,"Current role: sales representative. Skills: budgeting, financial analysis, patient care, risk management, team management. Education: Bachelor's in Nursing. Experience: 3 years. Certifications: Certified Public Accountant."
Ethan Kim,33,Non-Binary,Master's,Civil Engineering,0,,,"[""compliance"", ""critical thinking"", ""data analysis"", ""financial analysis"", ""marketing"", ""medical knowledge"", ""risk management"", ""sales""]","Google Analytics Certified, Certified Public Accountant",1,1,0,4,"Skills: compliance, critical thinking, data analysis, financial analysis, marketing, medical knowledge, risk management, sales. Education: Master's in Civil Engineering. Experience: 0 years. Certifications: Google Analytics Certified, Certified Public Accountant."
Christopher Zhang,39,Non-Binary,Bachelor's,Medicine,2,sales representative,,"[""counseling"", ""marketing"", ""seo"", ""strategic planning"", ""team management""]",,0,0,0,3,"Current role: sales representative. Skills: counseling, marketing, seo, strategic planning, team management. Education: Bachelor's in Medicine. Experience: 2 years."
Evelyn Rodriguez,36,Male,Master's,Psychology,0,,,"[""budgeting"", ""content writing"", ""emotional intelligence"", ""healthcare"", ""patient care"", ""risk management"", ""time management""]","Certified Financial Analyst, Registered Nurse License, HubSpot Content Marketing",1,1,0,4,"Skills: budgeting, content writing, emotional intelligence, healthcare, patient care, risk management, time management. Education: Master's in Psychology. Experience: 0 years. Certifications: Certified Financial Analyst, Registered Nurse License, HubSpot Content Marketing."
Olivia Hernandez,32,Female,Master's,Business Administration,4,restaurant specialist,human resources manager,"[""data analysis"", ""leadership"", ""marketing"", ""powerpoint"", ""seo"", ""team management""]",Certified Financial Analyst,0,1,1,4,"Current role: restaurant specialist. Previous roles: human resources manager. Skills: data analysis, leadership, marketing, powerpoint, seo, team management. Education: Master's in Business Administration. Experience: 4 years. Certifications: Certified Financial Analyst."
Ankit Lee,39,Non-Binary,Bachelor's,Journalism,1,financial analyst,,"[""budgeting"", ""critical thinking"", ""powerpoint"", ""project management"", ""psychology""]",,0,0,0,3,"Current role: financial analyst. Skills: budgeting, critical thinking, powerpoint, project management, psychology. Education: Bachelor's in Journalism. Experience: 1 years."
Michael Chen,27,Female,Bachelor's,Marketing,2,dentist,,"[""adaptability"", ""compliance"", ""content writing"", ""data analysis"", ""emotional intelligence"", ""excel"", ""organizational skills"", ""powerpoint""]","Google Analytics Certified, HubSpot Content Marketing, Licensed Professional Counselor",0,1,0,3,"Current role: dentist. Skills: adaptability, compliance, content writing, data analysis, emotional intelligence, excel, organizational skills, powerpoint. Education: Bachelor's in Marketing. Experience: 2 years. Certifications: Google Analytics Certified, HubSpot Content Marketing, Licensed Professional Counselor."
Karan Jain,33,Non-Binary,PhD,Journalism,5,counselor,,"[""budgeting"", ""content writing"", ""marketing"", ""negotiation"", ""organizational skills"", ""presentation skills"", ""problem solving"", ""social media marketing""]","Registered Nurse License, HubSpot Content Marketing",0,1,0,5,"Current role: counselor. Skills: budgeting, content writing, marketing, negotiation, organizational skills, presentation skills, problem solving, social media marketing. Education: PhD in Journalism. Experience: 5 years. Certifications: Registered Nurse License, HubSpot Content Marketing."
Amanda Reddy,44,Male,Certificate,Political Science,3,project manager,account manager,"[""communication"", ""customer service"", ""healthcare"", ""marketing"", ""organizational skills"", ""project management"", ""sales"", ""time management""]","Digital Marketing Institute Certified, Project Management Professional, Facebook Blueprint Certified",0,1,1,0,"Current role: project manager. Previous roles: account manager. Skills: communication, customer service, healthcare, marketing, organizational skills, project management, sales, time management. Education: Certificate in Political Science. Experience: 3 years. Certifications: Digital Marketing Institute Certified, Project Management Professional, Facebook Blueprint Certified."
Sarah Liu,34,Female,Bachelor's,Supply Chain Management,1,counselor,,"[""adaptability"", ""communication"", ""negotiation"", ""social media marketing"", ""team management""]","SHRM Certified Professional, Registered Nurse License",0,1,0,3,"Current role: counselor. Skills: adaptability, communication, negotiation, social media marketing, team management. Education: Bachelor's in Supply Chain Management. Experience: 1 years. Certifications: SHRM Certified Professional, Registered Nurse License."
Aditi Verma,25,Non-Binary,PhD,Finance,5,social media manager,mental health practitioner,"[""budgeting"", ""emotional intelligence"", ""patient care"", ""powerpoint""]","Six Sigma Green Belt, Google Ads Certified",0,1,1,5,"Current role: social media manager. Previous roles: mental health practitioner. Skills: budgeting, emotional intelligence, patient care, powerpoint. Education: PhD in Finance. Experience: 5 years. Certifications: Six Sigma Green Belt, Google Ads Certified."
Harper Gupta,39,Non-Binary,Bachelor's,Marketing,0,,,"[""adaptability"", ""compliance"", ""counseling"", ""excel"", ""seo"", ""social media marketing""]","Google Analytics Certified, Certified Public Accountant, Google Ads Certified",1,1,0,3,"Skills: adaptability, compliance, counseling, excel, seo, social media marketing. Education: Bachelor's in Marketing. Experience: 0 years. Certifications: Google Analytics Certified, Certified Public Accountant, Google Ads Certified."
Isabella Johnson,27,Female,Bachelor's,Political Science,0,,,"[""adaptability"", ""budgeting"", ""excel"", ""negotiation""]","Digital Marketing Institute Certified, HubSpot Content Marketing",1,1,0,3,"Skills: adaptability, budgeting, excel, negotiation. Education: Bachelor's in Political Science. Experience: 0 years. Certifications: Digital Marketing Institute Certified, HubSpot Content Marketing."
Sophia Park,35,Non-Binary,Master's,Architecture,0,,,"[""accounting"", ""critical thinking"", ""leadership"", ""patient care"", ""seo"", ""team management"", ""time management""]",SHRM Certified Professional,1,1,0,4,"Skills: accounting, critical thinking, leadership, patient care, seo, team management, time management. Education: Master's in Architecture. Experience: 0 years. Certifications: SHRM Certified Professional."
Akash Kim,42,Female,Bachelor's,Pharmacy,5,business development manager,,"[""content writing"", ""excel"", ""leadership"", ""medical knowledge"", ""problem solving"", ""sales"", ""seo""]",,0,0,0,3,"Current role: business development manager. Skills: content writing, excel, leadership, medical knowledge, problem solving, sales, seo. Education: Bachelor's in Pharmacy. Experience: 5 years."
Karan Davis,34,Female,Bachelor's,Civil Engineering,0,,,"[""communication"", ""content writing"", ""excel"", ""presentation skills"", ""social media marketing""]",Project Management Professional,1,1,0,3,"Skills: communication, content writing, excel, presentation skills, social media marketing. Education: Bachelor's in Civil Engineering. Experience: 0 years. Certifications: Project Management Professional."
Noah Sharma,28,Male,Bachelor's,Dentistry,5,director of operations,,"[""accounting"", ""counseling"", ""emotional intelligence"", ""powerpoint"", ""project management"", ""psychology"", ""strategic planning""]","Licensed Professional Counselor, Project Management Professional, Certified Financial Analyst",0,1,0,3,"Current role: director of operations. Skills: accounting, counseling, emotional intelligence, powerpoint, project management, psychology, strategic planning. Education: Bachelor's in Dentistry. Experience: 5 years. Certifications: Licensed Professional Counselor, Project Management Professional, Certified Financial Analyst."
Aditi Johnson,29,Non-Binary,Bachelor's,Business Administration,6,dentist,project manager,"[""compliance"", ""negotiation"", ""presentation skills"", ""problem solving"", ""seo""]",,0,0,1,3,"Current role: dentist. Previous roles: project manager. Skills: compliance, negotiation, presentation skills, problem solving, seo. Education: Bachelor's in Business Administration. Experience: 6 years."
Evelyn Patel,39,Non-Binary,Master's,Operations Management,3,restaurant specialist,market research analyst,"[""budgeting"", ""organizational skills"", ""seo"", ""social media marketing""]",,0,0,1,4,"Current role: restaurant specialist. Previous roles: market research analyst. Skills: budgeting, organizational skills, seo, social media marketing. Education: Master's in Operations Management. Experience: 3 years."
David Lee,43,Female,Bachelor's,Dentistry,1,marketing manager,,"[""data analysis"", ""healthcare"", ""problem solving"", ""project management""]","Certified Sales Professional, Six Sigma Green Belt",0,1,0,3,"Current role: marketing manager. Skills: data analysis, healthcare, problem solving, project management. Education: Bachelor's in Dentistry. Experience: 1 years. Certifications: Certified Sales Professional, Six Sigma Green Belt."
Priya Lee,25,Female,Master's,Marketing,3,business development manager,,"[""critical thinking"", ""emotional intelligence"", ""healthcare"", ""patient care"", ""team management""]","Google Ads Certified, HubSpot Content Marketing",0,1,0,4,"Current role: business development manager. Skills: critical thinking, emotional intelligence, healthcare, patient care, team management. Education: Master's in Marketing. Experience: 3 years. Certifications: Google Ads Certified, HubSpot Content Marketing."
Ananya Bansal,23,Male,Diploma,Finance,0,,,"[""budgeting"", ""counseling"", ""data analysis"", ""marketing"", ""quality assurance"", ""team management"", ""time management""]","Facebook Blueprint Certified, Google Ads Certified, SHRM Certified Professional",1,1,0,0,"Skills: budgeting, counseling, data analysis, marketing, quality assurance, team management, time management. Education: Diploma in Finance. Experience: 0 years. Certifications: Facebook Blueprint Certified, Google Ads Certified, SHRM Certified Professional."
Evelyn Kumar,36,Female,Master's,Supply Chain Management,0,,,"[""content writing"", ""counseling"", ""data analysis"", ""problem solving"", ""sales""]","Google Ads Certified, Certified Public Accountant",1,1,0,4,"Skills: content writing, counseling, data analysis, problem solving, sales. Education: Master's in Supply Chain Management. Experience: 0 years. Certifications: Google Ads Certified, Certified Public Accountant."
Alexander Yang,29,Male,Bachelor's,Civil Engineering,0,,,"[""content writing"", ""leadership"", ""marketing"", ""organizational skills"", ""psychology""]","Digital Marketing Institute Certified, Registered Nurse License, Certified Sales Professional",1,1,0,3,"Skills: content writing, leadership, marketing, organizational skills, psychology. Education: Bachelor's in Civil Engineering. Experience: 0 years. Certifications: Digital Marketing Institute Certified, Registered Nurse License, Certified Sales Professional."
David Hernandez,27,Male,Master's,Psychology,0,,,"[""accounting"", ""adaptability"", ""excel"", ""leadership"", ""organizational skills""]","Six Sigma Green Belt, Facebook Blueprint Certified",1,1,0,4,"Skills: accounting, adaptability, excel, leadership, organizational skills. Education: Master's in Psychology. Experience: 0 years. Certifications: Six Sigma Green Belt, Facebook Blueprint Certified."
Aadhya Thomas,40,Non-Binary,Bachelor's,Architecture,1,digital marketing specialist,,"[""critical thinking"", ""emotional intelligence"", ""patient care"", ""presentation skills"", ""sales"", ""strategic planning""]","HubSpot Content Marketing, SHRM Certified Professional, Digital Marketing Institute Certified",0,1,0,3,"Current role: digital marketing specialist. Skills: critical thinking, emotional intelligence, patient care, presentation skills, sales, strategic planning. Education: Bachelor's in Architecture. Experience: 1 years. Certifications: HubSpot Content Marketing, SHRM Certified Professional, Digital Marketing Institute Certified."
Joshua Wilson,34,Male,Bachelor's,Civil Engineering,5,operations manager,,"[""budgeting"", ""critical thinking"", ""customer service"", ""data analysis"", ""organizational skills"", ""seo"", ""strategic planning""]",,0,0,0,3,"Current role: operations manager. Skills: budgeting, critical thinking, customer service, data analysis, organizational skills, seo, strategic planning. Education: Bachelor's in Civil Engineering. Experience: 5 years."
Arjun Verma,41,Female,Master's,Economics,0,,,"[""financial analysis"", ""healthcare"", ""marketing"", ""organizational skills"", ""powerpoint"", ""sales"", ""seo"", ""team management""]",,1,0,0,4,"Skills: financial analysis, healthcare, marketing, organizational skills, powerpoint, sales, seo, team management. Education: Master's in Economics. Experience: 0 years."
Sophia Jackson,28,Female,Master's,Supply Chain Management,0,,,"[""customer service"", ""data analysis"", ""emotional intelligence"", ""healthcare"", ""leadership"", ""organizational skills"", ""powerpoint""]","Certified Public Accountant, Licensed Professional Counselor, Certified Sales Professional",1,1,0,4,"Skills: customer service, data analysis, emotional intelligence, healthcare, leadership, organizational skills, powerpoint. Education: Master's in Supply Chain Management. Experience: 0 years. Certifications: Certified Public Accountant, Licensed Professional Counselor, Certified Sales Professional."
Ananya Williams,27,Non-Binary,Bachelor's,Sociology,1,business development manager,,"[""presentation skills"", ""seo"", ""team management"", ""time management""]",,0,0,0,3,"Current role: business development manager. Skills: presentation skills, seo, team management, time management. Education: Bachelor's in Sociology. Experience: 1 years."
Charlotte Yang,30,Non-Binary,Master's,Finance,2,customer success manager,,"[""content writing"", ""excel"", ""financial analysis"", ""negotiation"", ""powerpoint"", ""quality assurance"", ""risk management"", ""time management""]",,0,0,0,4,"Current role: customer success manager. Skills: content writing, excel, financial analysis, negotiation, powerpoint, quality assurance, risk management, time management. Education: Master's in Finance. Experience: 2 years."
Mason Martinez,45,Male,PhD,Political Science,2,financial analyst,,"[""compliance"", ""data analysis"", ""healthcare"", ""quality assurance""]","Certified Sales Professional, Six Sigma Green Belt, Certified Financial Analyst",0,1,0,5,"Current role: financial analyst. Skills: compliance, data analysis, healthcare, quality assurance. Education: PhD in Political Science. Experience: 2 years. Certifications: Certified Sales Professional, Six Sigma Green Belt, Certified Financial Analyst."
Mason Zhou,44,Male,Master's,Human Resources,0,,,"[""content writing"", ""data analysis"", ""financial analysis"", ""marketing"", ""organizational skills""]",Digital Marketing Institute Certified,1,1,0,4,"Skills: content writing, data analysis, financial analysis, marketing, organizational skills. Education: Master's in Human Resources. Experience: 0 years. Certifications: Digital Marketing Institute Certified."
Emma Venkatesh,29,Non-Binary,Bachelor's,Finance,1,salesperson,,"[""adaptability"", ""financial analysis"", ""marketing"", ""negotiation"", ""presentation skills"", ""quality assurance"", ""team management""]",Facebook Blueprint Certified,0,1,0,3,"Current role: salesperson. Skills: adaptability, financial analysis, marketing, negotiation, presentation skills, quality assurance, team management. Education: Bachelor's in Finance. Experience: 1 years. Certifications: Facebook Blueprint Certified."
Ananya Kim,26,Non-Binary,Master's,Finance,0,,,"[""financial analysis"", ""medical knowledge"", ""presentation skills"", ""project management""]",,1,0,0,4,"Skills: financial analysis, medical knowledge, presentation skills, project management. Education: Master's in Finance. Experience: 0 years."
Olivia Yang,26,Non-Binary,Bachelor's,English Literature,1,financial analyst,,"[""communication"", ""critical thinking"", ""data analysis"", ""sales"", ""team management""]","Google Analytics Certified, Six Sigma Green Belt",0,1,0,3,"Current role: financial analyst. Skills: communication, critical thinking, data analysis, sales, team management. Education: Bachelor's in English Literature. Experience: 1 years. Certifications: Google Analytics Certified, Six Sigma Green Belt."
Michael Venkatesh,26,Non-Binary,Master's,Operations Management,3,business analyst,digital marketing specialist,"[""accounting"", ""financial analysis"", ""patient care"", ""project management""]",Certified Financial Analyst,0,1,1,4,"Current role: business analyst. Previous roles: digital marketing specialist. Skills: accounting, financial analysis, patient care, project management. Education: Master's in Operations Management. Experience: 3 years. Certifications: Certified Financial Analyst."
Noah Reddy,34,Non-Binary,Bachelor's,Biology,0,,,"[""budgeting"", ""data analysis"", ""patient care"", ""sales""]",Registered Nurse License,1,1,0,3,"Skills: budgeting, data analysis, patient care, sales. Education: Bachelor's in Biology. Experience: 0 years. Certifications: Registered Nurse License."
Olivia Mittal,42,Non-Binary,Master's,Nursing,2,mental health practitioner,,"[""content writing"", ""emotional intelligence"", ""financial analysis"", ""marketing"", ""problem solving"", ""psychology"", ""sales"", ""time management""]","Digital Marketing Institute Certified, Certified Financial Analyst",0,1,0,4,"Current role: mental health practitioner. Skills: content writing, emotional intelligence, financial analysis, marketing, problem solving, psychology, sales, time management. Education: Master's in Nursing. Experience: 2 years. Certifications: Digital Marketing Institute Certified, Certified Financial Analyst."
Priya Rao,33,Male,Master's,Mechanical Engineering,2,brand manager,,"[""accounting"", ""communication"", ""critical thinking"", ""problem solving"", ""seo"", ""time management""]",,0,0,0,4,"Current role: brand manager. Skills: accounting, communication, critical thinking, problem solving, seo, time management. Education: Master's in Mechanical Engineering. Experience: 2 years."
Michael Jain,35,Non-Binary,Master's,Chemistry,3,sales representative,,"[""adaptability"", ""customer service"", ""data analysis"", ""emotional intelligence"", ""negotiation"", ""psychology"", ""quality assurance""]",,0,0,0,4,"Current role: sales representative. Skills: adaptability, customer service, data analysis, emotional intelligence, negotiation, psychology, quality assurance. Education: Master's in Chemistry. Experience: 3 years."
Benjamin Krishnan,24,Male,Bachelor's,Nursing,4,mental health practitioner,restaurant specialist,"[""adaptability"", ""compliance"", ""emotional intelligence"", ""marketing"", ""quality assurance"", ""risk management"", ""seo"", ""social media marketing""]","Certified Sales Professional, Facebook Blueprint Certified, Project Management Professional",0,1,1,3,"Current role: mental health practitioner. Previous roles: restaurant specialist. Skills: adaptability, compliance, emotional intelligence, marketing, quality assurance, risk management, seo, social media marketing. Education: Bachelor's in Nursing. Experience: 4 years. Certifications: Certified Sales Professional, Facebook Blueprint Certified, Project Management Professional."
Priya Mittal,45,Non-Binary,Bachelor's,Journalism,3,salesperson,digital marketing specialist,"[""accounting"", ""compliance"", ""leadership"", ""patient care""]",,0,0,1,3,"Current role: salesperson. Previous roles: digital marketing specialist. Skills: accounting, compliance, leadership, patient care. Education: Bachelor's in Journalism. Experience: 3 years."
Meera Rodriguez,33,Female,Bachelor's,Architecture,4,account manager,salesperson,"[""accounting"", ""adaptability"", ""content writing"", ""marketing"", ""powerpoint"", ""presentation skills"", ""project management"", ""quality assurance""]","Google Analytics Certified, Registered Nurse License",0,1,1,3,"Current role: account manager. Previous roles: salesperson. Skills: accounting, adaptability, content writing, marketing, powerpoint, presentation skills, project management, quality assurance. Education: Bachelor's in Architecture. Experience: 4 years. Certifications: Google Analytics Certified, Registered Nurse License."
Aadhya Subramanian,26,Non-Binary,Master's,Supply Chain Management,4,financial analyst,,"[""critical thinking"", ""marketing"", ""seo"", ""team management""]",Registered Nurse License,0,1,0,4,"Current role: financial analyst. Skills: critical thinking, marketing, seo, team management. Education: Master's in Supply Chain Management. Experience: 4 years. Certifications: Registered Nurse License."
Kavya Johnson,29,Non-Binary,PhD,Chemistry,1,business analyst,,"[""communication"", ""excel"", ""presentation skills"", ""team management""]","Certified Financial Analyst, HubSpot Content Marketing",0,1,0,5,"Current role: business analyst. Skills: communication, excel, presentation skills, team management. Education: PhD in Chemistry. Experience: 1 years. Certifications: Certified Financial Analyst, HubSpot Content Marketing."
Ananya Pillai,32,Female,Certificate,Medicine,3,mental health practitioner,brand manager,"[""accounting"", ""communication"", ""powerpoint"", ""project management"", ""psychology""]",,0,0,1,0,"Current role: mental health practitioner. Previous roles: brand manager. Skills: accounting, communication, powerpoint, project management, psychology. Education: Certificate in Medicine. Experience: 3 years."
Aarav Taylor,33,Female,Bachelor's,Dentistry,1,nurse,,"[""accounting"", ""financial analysis"", ""organizational skills"", ""project management"", ""quality assurance""]","Google Ads Certified, Project Management Professional, Certified Sales Professional",0,1,0,3,"Current role: nurse. Skills: accounting, financial analysis, organizational skills, project management, quality assurance. Education: Bachelor's in Dentistry. Experience: 1 years. Certifications: Google Ads Certified, Project Management Professional, Certified Sales Professional."
Ankit Lee,45,Male,Bachelor's,Education,2,project manager,,"[""adaptability"", ""organizational skills"", ""presentation skills"", ""time management""]","Digital Marketing Institute Certified, SHRM Certified Professional",0,1,0,3,"Current role: project manager. Skills: adaptability, organizational skills, presentation skills, time management. Education: Bachelor's in Education. Experience: 2 years. Certifications: Digital Marketing Institute Certified, SHRM Certified Professional."
Charlotte Smith,30,Male,Bachelor's,Supply Chain Management,2,social media manager,,"[""counseling"", ""critical thinking"", ""financial analysis"", ""risk management""]",Licensed Professional Counselor,0,1,0,3,"Current role: social media manager. Skills: counseling, critical thinking, financial analysis, risk management. Education: Bachelor's in Supply Chain Management. Experience: 2 years. Certifications: Licensed Professional Counselor."
Emily Garcia,27,Non-Binary,Master's,Pharmacy,4,human resources manager,,"[""adaptability"", ""compliance"", ""problem solving"", ""risk management""]","HubSpot Content Marketing, Six Sigma Green Belt, Facebook Blueprint Certified",0,1,0,4,"Current role: human resources manager. Skills: adaptability, compliance, problem solving, risk management. Education: Master's in Pharmacy. Experience: 4 years. Certifications: HubSpot Content Marketing, Six Sigma Green Belt, Facebook Blueprint Certified."
Sophia Menon,28,Female,High School,Marketing,2,dentist,,"[""compliance"", ""counseling"", ""customer service"", ""emotional intelligence"", ""project management"", ""sales""]",,0,0,0,1,"Current role: dentist. Skills: compliance, counseling, customer service, emotional intelligence, project management, sales. Education: High School in Marketing. Experience: 2 years."
Andrew Reddy,28,Non-Binary,Bachelor's,Civil Engineering,4,operations manager,social media manager,"[""counseling"", ""critical thinking"", ""financial analysis"", ""negotiation"", ""time management""]","Six Sigma Green Belt, Licensed Professional Counselor",0,1,1,3,"Current role: operations manager. Previous roles: social media manager. Skills: counseling, critical thinking, financial analysis, negotiation, time management. Education: Bachelor's in Civil Engineering. Experience: 4 years. Certifications: Six Sigma Green Belt, Licensed Professional Counselor."
James Agarwal,33,Male,Diploma,Biology,2,operations manager,,"[""accounting"", ""budgeting"", ""customer service"", ""leadership"", ""seo"", ""team management""]",,0,0,0,0,"Current role: operations manager. Skills: accounting, budgeting, customer service, leadership, seo, team management. Education: Diploma in Biology. Experience: 2 years."
Lucas Reddy,28,Female,Master's,Chemistry,3,social media manager,,"[""accounting"", ""financial analysis"", ""medical knowledge"", ""organizational skills"", ""patient care"", ""project management""]","Certified Public Accountant, Licensed Professional Counselor, SHRM Certified Professional",0,1,0,4,"Current role: social media manager. Skills: accounting, financial analysis, medical knowledge, organizational skills, patient care, project management. Education: Master's in Chemistry. Experience: 3 years. Certifications: Certified Public Accountant, Licensed Professional Counselor, SHRM Certified Professional."
Sneha Menon,21,Male,Bachelor's,Architecture,2,project manager,,"[""counseling"", ""critical thinking"", ""customer service"", ""marketing"", ""medical knowledge"", ""sales"", ""strategic planning""]",Registered Nurse License,0,1,0,3,"Current role: project manager. Skills: counseling, critical thinking, customer service, marketing, medical knowledge, sales, strategic planning. Education: Bachelor's in Architecture. Experience: 2 years. Certifications: Registered Nurse License."
Benjamin Johnson,36,Non-Binary,Master's,Psychology,3,business analyst,,"[""customer service"", ""data analysis"", ""emotional intelligence"", ""financial analysis"", ""project management"", ""risk management"", ""seo"", ""team management""]","Google Ads Certified, HubSpot Content Marketing, Registered Nurse License",0,1,0,4,"Current role: business analyst. Skills: customer service, data analysis, emotional intelligence, financial analysis, project management, risk management, seo, team management. Education: Master's in Psychology. Experience: 3 years. Certifications: Google Ads Certified, HubSpot Content Marketing, Registered Nurse License."
Sneha Krishnan,24,Female,Bachelor's,Chemical Engineering,1,account manager,,"[""healthcare"", ""negotiation"", ""psychology"", ""risk management"", ""team management"", ""time management""]","Google Ads Certified, Registered Nurse License, Digital Marketing Institute Certified",0,1,0,3,"Current role: account manager. Skills: healthcare, negotiation, psychology, risk management, team management, time management. Education: Bachelor's in Chemical Engineering. Experience: 1 years. Certifications: Google Ads Certified, Registered Nurse License, Digital Marketing Institute Certified."
Arjun Srinivasan,40,Non-Binary,Bachelor's,Physics,0,,,"[""accounting"", ""adaptability"", ""emotional intelligence"", ""financial analysis"", ""leadership"", ""organizational skills"", ""problem solving""]",,1,0,0,3,"Skills: accounting, adaptability, emotional intelligence, financial analysis, leadership, organizational skills, problem solving. Education: Bachelor's in Physics. Experience: 0 years."
Rohan Anderson,36,Male,Master's,English Literature,0,,,"[""adaptability"", ""counseling"", ""sales"", ""seo"", ""team management"", ""time management""]","Certified Sales Professional, Six Sigma Green Belt, HubSpot Content Marketing",1,1,0,4,"Skills: adaptability, counseling, sales, seo, team management, time management. Education: Master's in English Literature. Experience: 0 years. Certifications: Certified Sales Professional, Six Sigma Green Belt, HubSpot Content Marketing."
Joshua Nair,45,Non-Binary,Bachelor's,Operations Management,0,,,"[""budgeting"", ""customer service"", ""data analysis"", ""healthcare"", ""medical knowledge"", ""presentation skills"", ""psychology"", ""time management""]","Licensed Professional Counselor, Certified Sales Professional, SHRM Certified Professional",1,1,0,3,"Skills: budgeting, customer service, data analysis, healthcare, medical knowledge, presentation skills, psychology, time management. Education: Bachelor's in Operations Management. Experience: 0 years. Certifications: Licensed Professional Counselor, Certified Sales Professional, SHRM Certified Professional."
Joshua Jain,39,Male,Bachelor's,Marketing,1,market research analyst,,"[""budgeting"", ""compliance"", ""content writing"", ""medical knowledge"", ""problem solving"", ""sales"", ""strategic planning"", ""time management""]","Certified Public Accountant, Certified Financial Analyst, Project Management Professional",0,1,0,3,"Current role: market research analyst. Skills: budgeting, compliance, content writing, medical knowledge, problem solving, sales, strategic planning, time management. Education: Bachelor's in Marketing. Experience: 1 years. Certifications: Certified Public Accountant, Certified Financial Analyst, Project Management Professional."
Noah Jackson,36,Male,Master's,Physics,0,,,"[""customer service"", ""data analysis"", ""leadership"", ""powerpoint""]",Six Sigma Green Belt,1,1,0,4,"Skills: customer service, data analysis, leadership, powerpoint. Education: Master's in Physics. Experience: 0 years. Certifications: Six Sigma Green Belt."
Meera Garcia,40,Female,PhD,Marketing,4,marketing manager,"account manager, counselor","[""adaptability"", ""communication"", ""emotional intelligence"", ""leadership"", ""patient care"", ""psychology""]",Certified Public Accountant,0,1,1,5,"Current role: marketing manager. Previous roles: account manager, counselor. Skills: adaptability, communication, emotional intelligence, leadership, patient care, psychology. Education: PhD in Marketing. Experience: 4 years. Certifications: Certified Public Accountant."
Akash Lee,42,Female,Master's,English Literature,8,mental health practitioner,"salesperson, social media manager, brand manager","[""communication"", ""critical thinking"", ""emotional intelligence"", ""excel"", ""quality assurance"", ""sales"", ""strategic planning""]",,0,0,1,4,"Current role: mental health practitioner. Previous roles: salesperson, social media manager, brand manager. Skills: communication, critical thinking, emotional intelligence, excel, quality assurance, sales, strategic planning. Education: Master's in English Literature. Experience: 8 years."
Benjamin Jain,28,Non-Binary,Bachelor's,Journalism,3,nurse,business analyst,"[""content writing"", ""counseling"", ""critical thinking"", ""financial analysis"", ""leadership"", ""problem solving"", ""project management"", ""sales""]","Project Management Professional, Digital Marketing Institute Certified",0,1,1,3,"Current role: nurse. Previous roles: business analyst. Skills: content writing, counseling, critical thinking, financial analysis, leadership, problem solving, project management, sales. Education: Bachelor's in Journalism. Experience: 3 years. Certifications: Project Management Professional, Digital Marketing Institute Certified."
Noah Hernandez,45,Female,Bachelor's,Civil Engineering,8,dentist,"customer success manager, brand manager","[""counseling"", ""negotiation"", ""patient care"", ""powerpoint"", ""quality assurance""]","Google Analytics Certified, SHRM Certified Professional",0,1,1,3,"Current role: dentist. Previous roles: customer success manager, brand manager. Skills: counseling, negotiation, patient care, powerpoint, quality assurance. Education: Bachelor's in Civil Engineering. Experience: 8 years. Certifications: Google Analytics Certified, SHRM Certified Professional."
Ethan Park,28,Male,Master's,Physics,0,,,"[""compliance"", ""counseling"", ""data analysis"", ""marketing"", ""sales""]","HubSpot Content Marketing, Google Analytics Certified, Registered Nurse License",1,1,0,4,"Skills: compliance, counseling, data analysis, marketing, sales. Education: Master's in Physics. Experience: 0 years. Certifications: HubSpot Content Marketing, Google Analytics Certified, Registered Nurse License."
Jackson Reddy,36,Male,Master's,Economics,0,,,"[""communication"", ""content writing"", ""customer service"", ""healthcare"", ""marketing"", ""medical knowledge"", ""powerpoint"", ""seo""]",,1,0,0,4,"Skills: communication, content writing, customer service, healthcare, marketing, medical knowledge, powerpoint, seo. Education: Master's in Economics. Experience: 0 years."
Christopher Martin,23,Male,PhD,Communications,8,human resources manager,operations manager,"[""critical thinking"", ""emotional intelligence"", ""financial analysis"", ""medical knowledge"", ""powerpoint"", ""time management""]","Registered Nurse License, HubSpot Content Marketing",0,1,1,5,"Current role: human resources manager. Previous roles: operations manager. Skills: critical thinking, emotional intelligence, financial analysis, medical knowledge, powerpoint, time management. Education: PhD in Communications. Experience: 8 years. Certifications: Registered Nurse License, HubSpot Content Marketing."
Aadhya Miller,25,Female,Bachelor's,Mechanical Engineering,6,social media manager,,"[""budgeting"", ""critical thinking"", ""emotional intelligence"", ""presentation skills"", ""problem solving"", ""project management"", ""sales"", ""social media marketing""]",SHRM Certified Professional,0,1,0,3,"Current role: social media manager. Skills: budgeting, critical thinking, emotional intelligence, presentation skills, problem solving, project management, sales, social media marketing. Education: Bachelor's in Mechanical Engineering. Experience: 6 years. Certifications: SHRM Certified Professional."
Rahul Moore,29,Non-Binary,Master's,Political Science,3,content manager,market research analyst,"[""budgeting"", ""data analysis"", ""quality assurance"", ""time management""]","Licensed Professional Counselor, Facebook Blueprint Certified",0,1,1,4,"Current role: content manager. Previous roles: market research analyst. Skills: budgeting, data analysis, quality assurance, time management. Education: Master's in Political Science. Experience: 3 years. Certifications: Licensed Professional Counselor, Facebook Blueprint Certified."
Lucas Williams,21,Non-Binary,Diploma,Supply Chain Management,4,project manager,"dentist, business analyst","[""accounting"", ""excel"", ""financial analysis"", ""healthcare"", ""marketing"", ""medical knowledge"", ""sales"", ""social media marketing""]",,0,0,1,0,"Current role: project manager. Previous roles: dentist, business analyst. Skills: accounting, excel, financial analysis, healthcare, marketing, medical knowledge, sales, social media marketing. Education: Diploma in Supply Chain Management. Experience: 4 years."
Noah Pillai,36,Female,Master's,Chemistry,1,business analyst,,"[""organizational skills"", ""patient care"", ""powerpoint"", ""presentation skills"", ""risk management""]","Project Management Professional, HubSpot Content Marketing, Certified Public Accountant",0,1,0,4,"Current role: business analyst. Skills: organizational skills, patient care, powerpoint, presentation skills, risk management. Education: Master's in Chemistry. Experience: 1 years. Certifications: Project Management Professional, HubSpot Content Marketing, Certified Public Accountant."
Michael Verma,26,Non-Binary,Bachelor's,Accounting,0,,,"[""budgeting"", ""compliance"", ""critical thinking"", ""seo"", ""social media marketing"", ""team management""]",Google Analytics Certified,1,1,0,3,"Skills: budgeting, compliance, critical thinking, seo, social media marketing, team management. Education: Bachelor's in Accounting. Experience: 0 years. Certifications: Google Analytics Certified."
Benjamin Thompson,35,Male,High School,Operations Management,3,brand manager,,"[""compliance"", ""leadership"", ""project management"", ""time management""]",,0,0,0,1,"Current role: brand manager. Skills: compliance, leadership, project management, time management. Education: High School in Operations Management. Experience: 3 years."
Karan Reddy,43,Non-Binary,Bachelor's,Sociology,1,salesperson,,"[""budgeting"", ""content writing"", ""leadership"", ""risk management"", ""time management""]","HubSpot Content Marketing, SHRM Certified Professional, Registered Nurse License",0,1,0,3,"Current role: salesperson. Skills: budgeting, content writing, leadership, risk management, time management. Education: Bachelor's in Sociology. Experience: 1 years. Certifications: HubSpot Content Marketing, SHRM Certified Professional, Registered Nurse License."
Liam Rodriguez,21,Female,PhD,Education,3,brand manager,,"[""data analysis"", ""medical knowledge"", ""project management"", ""sales"", ""team management""]",HubSpot Content Marketing,0,1,0,5,"Current role: brand manager. Skills: data analysis, medical knowledge, project management, sales, team management. Education: PhD in Education. Experience: 3 years. Certifications: HubSpot Content Marketing."
Kavya Moore,35,Non-Binary,Master's,Business Administration,4,social media manager,human resources manager,"[""emotional intelligence"", ""negotiation"", ""patient care"", ""team management""]","Google Ads Certified, Digital Marketing Institute Certified, Certified Public Accountant",0,1,1,4,"Current role: social media manager. Previous roles: human resources manager. Skills: emotional intelligence, negotiation, patient care, team management. Education: Master's in Business Administration. Experience: 4 years. Certifications: Google Ads Certified, Digital Marketing Institute Certified, Certified Public Accountant."
Diya Wilson,21,Male,Bachelor's,Medicine,1,social media manager,,"[""adaptability"", ""communication"", ""leadership"", ""patient care"", ""presentation skills"", ""sales""]","Certified Public Accountant, Google Analytics Certified, Project Management Professional",0,1,0,3,"Current role: social media manager. Skills: adaptability, communication, leadership, patient care, presentation skills, sales. Education: Bachelor's in Medicine. Experience: 1 years. Certifications: Certified Public Accountant, Google Analytics Certified, Project Management Professional."
Meera Singh,44,Non-Binary,Master's,Marketing,1,brand manager,,"[""communication"", ""compliance"", ""content writing"", ""customer service"", ""medical knowledge"", ""patient care"", ""project management""]","Licensed Professional Counselor, Google Ads Certified",0,1,0,4,"Current role: brand manager. Skills: communication, compliance, content writing, customer service, medical knowledge, patient care, project management. Education: Master's in Marketing. Experience: 1 years. Certifications: Licensed Professional Counselor, Google Ads Certified."
Aisha Reddy,21,Female,Bachelor's,Medicine,0,,,"[""adaptability"", ""content writing"", ""organizational skills"", ""presentation skills""]",Digital Marketing Institute Certified,1,1,0,3,"Skills: adaptability, content writing, organizational skills, presentation skills. Education: Bachelor's in Medicine. Experience: 0 years. Certifications: Digital Marketing Institute Certified."
Aadhya Mittal,31,Male,Bachelor's,Journalism,0,,,"[""adaptability"", ""content writing"", ""leadership"", ""time management""]","Facebook Blueprint Certified, Certified Financial Analyst, Digital Marketing Institute Certified",1,1,0,3,"Skills: adaptability, content writing, leadership, time management. Education: Bachelor's in Journalism. Experience: 0 years. Certifications: Facebook Blueprint Certified, Certified Financial Analyst, Digital Marketing Institute Certified."
Liam Martin,41,Non-Binary,Bachelor's,Finance,6,counselor,"market research analyst, financial analyst","[""adaptability"", ""budgeting"", ""customer service"", ""medical knowledge"", ""risk management""]",,0,0,1,3,"Current role: counselor. Previous roles: market research analyst, financial analyst. Skills: adaptability, budgeting, customer service, medical knowledge, risk management. Education: Bachelor's in Finance. Experience: 6 years."
Arjun Agarwal,24,Non-Binary,Master's,Biology,3,business analyst,social media manager,"[""counseling"", ""customer service"", ""excel"", ""healthcare"", ""patient care"", ""powerpoint"", ""seo"", ""time management""]","Google Ads Certified, SHRM Certified Professional",0,1,1,4,"Current role: business analyst. Previous roles: social media manager. Skills: counseling, customer service, excel, healthcare, patient care, powerpoint, seo, time management. Education: Master's in Biology. Experience: 3 years. Certifications: Google Ads Certified, SHRM Certified Professional."
Evelyn Hernandez,22,Male,Master's,Dentistry,0,,,"[""leadership"", ""marketing"", ""medical knowledge"", ""presentation skills"", ""problem solving"", ""psychology"", ""quality assurance""]",,1,0,0,4,"Skills: leadership, marketing, medical knowledge, presentation skills, problem solving, psychology, quality assurance. Education: Master's in Dentistry. Experience: 0 years."
Karan Krishnan,25,Male,Bachelor's,Business Administration,4,nurse,human resources manager,"[""adaptability"", ""critical thinking"", ""excel"", ""medical knowledge"", ""patient care"", ""psychology"", ""strategic planning""]",Facebook Blueprint Certified,0,1,1,3,"Current role: nurse. Previous roles: human resources manager. Skills: adaptability, critical thinking, excel, medical knowledge, patient care, psychology, strategic planning. Education: Bachelor's in Business Administration. Experience: 4 years. Certifications: Facebook Blueprint Certified."
Sneha Smith,24,Male,Master's,Architecture,1,customer success manager,,"[""compliance"", ""counseling"", ""customer service"", ""financial analysis"", ""strategic planning"", ""time management""]",,0,0,0,4,"Current role: customer success manager. Skills: compliance, counseling, customer service, financial analysis, strategic planning, time management. Education: Master's in Architecture. Experience: 1 years."
Aadhya Brown,45,Male,High School,Psychology,0,,,"[""content writing"", ""counseling"", ""excel"", ""healthcare"", ""negotiation"", ""patient care"", ""presentation skills"", ""psychology""]",SHRM Certified Professional,1,1,0,1,"Skills: content writing, counseling, excel, healthcare, negotiation, patient care, presentation skills, psychology. Education: High School in Psychology. Experience: 0 years. Certifications: SHRM Certified Professional."
Vikram Krishnan,45,Non-Binary,Certificate,Finance,0,,,"[""communication"", ""customer service"", ""leadership"", ""patient care""]","SHRM Certified Professional, Google Ads Certified, Certified Sales Professional",1,1,0,0,"Skills: communication, customer service, leadership, patient care. Education: Certificate in Finance. Experience: 0 years. Certifications: SHRM Certified Professional, Google Ads Certified, Certified Sales Professional."
Olivia White,44,Non-Binary,Master's,Operations Management,3,sales representative,,"[""communication"", ""healthcare"", ""patient care"", ""psychology"", ""seo"", ""team management"", ""time management""]","Six Sigma Green Belt, Certified Public Accountant",0,1,0,4,"Current role: sales representative. Skills: communication, healthcare, patient care, psychology, seo, team management, time management. Education: Master's in Operations Management. Experience: 3 years. Certifications: Six Sigma Green Belt, Certified Public Accountant."
Diya Srinivasan,37,Female,Master's,Medicine,0,,,"[""accounting"", ""customer service"", ""negotiation"", ""sales""]",,1,0,0,4,"Skills: accounting, customer service, negotiation, sales. Education: Master's in Medicine. Experience: 0 years."
Rohan Kim,32,Non-Binary,Bachelor's,Architecture,1,social media manager,,"[""adaptability"", ""communication"", ""content writing"", ""critical thinking"", ""emotional intelligence"", ""patient care"", ""sales"", ""social media marketing""]",,0,0,0,3,"Current role: social media manager. Skills: adaptability, communication, content writing, critical thinking, emotional intelligence, patient care, sales, social media marketing. Education: Bachelor's in Architecture. Experience: 1 years."
Aarav Thompson,31,Female,PhD,Communications,5,content manager,,"[""excel"", ""financial analysis"", ""organizational skills"", ""powerpoint"", ""presentation skills"", ""time management""]",Google Ads Certified,0,1,0,5,"Current role: content manager. Skills: excel, financial analysis, organizational skills, powerpoint, presentation skills, time management. Education: PhD in Communications. Experience: 5 years. Certifications: Google Ads Certified."
Andrew Menon,23,Non-Binary,Master's,Accounting,2,human resources manager,,"[""accounting"", ""communication"", ""content writing"", ""organizational skills"", ""quality assurance""]","Digital Marketing Institute Certified, Project Management Professional, Six Sigma Green Belt",0,1,0,4,"Current role: human resources manager. Skills: accounting, communication, content writing, organizational skills, quality assurance. Education: Master's in Accounting. Experience: 2 years. Certifications: Digital Marketing Institute Certified, Project Management Professional, Six Sigma Green Belt."
Benjamin Lee,27,Female,Bachelor's,Medicine,6,brand manager,,"[""adaptability"", ""communication"", ""content writing"", ""customer service"", ""leadership"", ""project management"", ""team management""]",Six Sigma Green Belt,0,1,0,3,"Current role: brand manager. Skills: adaptability, communication, content writing, customer service, leadership, project management, team management. Education: Bachelor's in Medicine. Experience: 6 years. Certifications: Six Sigma Green Belt."
Benjamin Krishnan,21,Female,Master's,Physics,0,,,"[""budgeting"", ""data analysis"", ""presentation skills"", ""project management""]",,1,0,0,4,"Skills: budgeting, data analysis, presentation skills, project management. Education: Master's in Physics. Experience: 0 years."
Jackson Iyer,25,Female,Bachelor's,Marketing,0,,,"[""counseling"", ""customer service"", ""financial analysis"", ""social media marketing"", ""strategic planning""]",Project Management Professional,1,1,0,3,"Skills: counseling, customer service, financial analysis, social media marketing, strategic planning. Education: Bachelor's in Marketing. Experience: 0 years. Certifications: Project Management Professional."
Joshua Jackson,34,Female,Bachelor's,Operations Management,4,restaurant specialist,,"[""accounting"", ""content writing"", ""critical thinking"", ""customer service"", ""healthcare"", ""team management""]",Certified Financial Analyst,0,1,0,3,"Current role: restaurant specialist. Skills: accounting, content writing, critical thinking, customer service, healthcare, team management. Education: Bachelor's in Operations Management. Experience: 4 years. Certifications: Certified Financial Analyst."
Karan Gupta,31,Male,High School,Chemical Engineering,1,brand manager,,"[""adaptability"", ""compliance"", ""content writing"", ""negotiation"", ""problem solving""]","Six Sigma Green Belt, Registered Nurse License",0,1,0,1,"Current role: brand manager. Skills: adaptability, compliance, content writing, negotiation, problem solving. Education: High School in Chemical Engineering. Experience: 1 years. Certifications: Six Sigma Green Belt, Registered Nurse License."
Samantha Agarwal,44,Non-Binary,Bachelor's,Civil Engineering,1,content manager,,"[""accounting"", ""communication"", ""medical knowledge"", ""patient care"", ""quality assurance""]","Licensed Professional Counselor, Google Ads Certified, Registered Nurse License",0,1,0,3,"Current role: content manager. Skills: accounting, communication, medical knowledge, patient care, quality assurance. Education: Bachelor's in Civil Engineering. Experience: 1 years. Certifications: Licensed Professional Counselor, Google Ads Certified, Registered Nurse License."
Michael Menon,35,Non-Binary,PhD,Dentistry,0,,,"[""budgeting"", ""customer service"", ""emotional intelligence"", ""medical knowledge"", ""risk management"", ""team management""]",,1,0,0,5,"Skills: budgeting, customer service, emotional intelligence, medical knowledge, risk management, team management. Education: PhD in Dentistry. Experience: 0 years."
Sneha Martinez,37,Non-Binary,Master's,Pharmacy,0,,,"[""adaptability"", ""critical thinking"", ""negotiation"", ""powerpoint"", ""time management""]",,1,0,0,4,"Skills: adaptability, critical thinking, negotiation, powerpoint, time management. Education: Master's in Pharmacy. Experience: 0 years."
Akash Anderson,41,Female,PhD,Communications,0,,,"[""counseling"", ""data analysis"", ""leadership"", ""patient care"", ""problem solving""]","Facebook Blueprint Certified, HubSpot Content Marketing",1,1,0,5,"Skills: counseling, data analysis, leadership, patient care, problem solving. Education: PhD in Communications. Experience: 0 years. Certifications: Facebook Blueprint Certified, HubSpot Content Marketing."
Karan Rao,45,Male,Master's,Marketing,2,dentist,,"[""budgeting"", ""communication"", ""financial analysis"", ""negotiation"", ""presentation skills""]","Google Analytics Certified, Licensed Professional Counselor",0,1,0,4,"Current role: dentist. Skills: budgeting, communication, financial analysis, negotiation, presentation skills. Education: Master's in Marketing. Experience: 2 years. Certifications: Google Analytics Certified, Licensed Professional Counselor."
Vikram Davis,39,Female,Master's,Physics,5,financial analyst,"business development manager, counselor","[""budgeting"", ""counseling"", ""financial analysis"", ""leadership"", ""medical knowledge"", ""project management""]",,0,0,1,4,"Current role: financial analyst. Previous roles: business development manager, counselor. Skills: budgeting, counseling, financial analysis, leadership, medical knowledge, project management. Education: Master's in Physics. Experience: 5 years."
Ankit Liu,33,Male,Bachelor's,Human Resources,3,business analyst,project manager,"[""communication"", ""compliance"", ""counseling"", ""negotiation"", ""project management"", ""psychology"", ""strategic planning""]","Project Management Professional, Facebook Blueprint Certified, Google Analytics Certified",0,1,1,3,"Current role: business analyst. Previous roles: project manager. Skills: communication, compliance, counseling, negotiation, project management, psychology, strategic planning. Education: Bachelor's in Human Resources. Experience: 3 years. Certifications: Project Management Professional, Facebook Blueprint Certified, Google Analytics Certified."
Karan Subramanian,22,Male,Bachelor's,Dentistry,7,project manager,"nurse, market research analyst, brand manager","[""adaptability"", ""marketing"", ""powerpoint"", ""risk management""]",Certified Public Accountant,0,1,1,3,"Current role: project manager. Previous roles: nurse, market research analyst, brand manager. Skills: adaptability, marketing, powerpoint, risk management. Education: Bachelor's in Dentistry. Experience: 7 years. Certifications: Certified Public Accountant."
Arya Wu,32,Non-Binary,Master's,Operations Management,5,nurse,"business development manager, market research analyst","[""budgeting"", ""content writing"", ""critical thinking"", ""financial analysis"", ""organizational skills"", ""presentation skills"", ""problem solving"", ""sales""]","Licensed Professional Counselor, Project Management Professional",0,1,1,4,"Current role: nurse. Previous roles: business development manager, market research analyst. Skills: budgeting, content writing, critical thinking, financial analysis, organizational skills, presentation skills, problem solving, sales. Education: Master's in Operations Management. Experience: 5 years. Certifications: Licensed Professional Counselor, Project Management Professional."
Priya Smith,38,Non-Binary,Master's,Civil Engineering,0,,,"[""budgeting"", ""project management"", ""risk management"", ""social media marketing""]",Certified Financial Analyst,1,1,0,4,"Skills: budgeting, project management, risk management, social media marketing. Education: Master's in Civil Engineering. Experience: 0 years. Certifications: Certified Financial Analyst."
Sneha Jain,45,Non-Binary,Master's,Accounting,6,social media manager,,"[""compliance"", ""healthcare"", ""marketing"", ""problem solving"", ""risk management""]",Certified Financial Analyst,0,1,0,4,"Current role: social media manager. Skills: compliance, healthcare, marketing, problem solving, risk management. Education: Master's in Accounting. Experience: 6 years. Certifications: Certified Financial Analyst."
Liam Rodriguez,38,Male,Master's,Education,6,business development manager,,"[""budgeting"", ""communication"", ""counseling"", ""financial analysis"", ""leadership"", ""problem solving""]",Certified Sales Professional,0,1,0,4,"Current role: business development manager. Skills: budgeting, communication, counseling, financial analysis, leadership, problem solving. Education: Master's in Education. Experience: 6 years. Certifications: Certified Sales Professional."
Aryan Singh,33,Non-Binary,Master's,Physics,0,,,"[""budgeting"", ""communication"", ""emotional intelligence"", ""excel"", ""negotiation"", ""problem solving""]","Facebook Blueprint Certified, Certified Financial Analyst, Certified Sales Professional",1,1,0,4,"Skills: budgeting, communication, emotional intelligence, excel, negotiation, problem solving. Education: Master's in Physics. Experience: 0 years. Certifications: Facebook Blueprint Certified, Certified Financial Analyst, Certified Sales Professional."
Meera Thomas,43,Non-Binary,PhD,Accounting,0,,,"[""accounting"", ""content writing"", ""marketing"", ""medical knowledge"", ""powerpoint"", ""project management""]",Registered Nurse License,1,1,0,5,"Skills: accounting, content writing, marketing, medical knowledge, powerpoint, project management. Education: PhD in Accounting. Experience: 0 years. Certifications: Registered Nurse License."
Vikram Zhou,29,Male,Bachelor's,Nursing,5,market research analyst,,"[""content writing"", ""financial analysis"", ""presentation skills"", ""problem solving"", ""risk management"", ""social media marketing"", ""team management"", ""time management""]",Project Management Professional,0,1,0,3,"Current role: market research analyst. Skills: content writing, financial analysis, presentation skills, problem solving, risk management, social media marketing, team management, time management. Education: Bachelor's in Nursing. Experience: 5 years. Certifications: Project Management Professional."
James Jones,22,Male,Bachelor's,Marketing,1,financial analyst,,"[""content writing"", ""counseling"", ""excel"", ""healthcare"", ""patient care"", ""psychology"", ""risk management""]",Google Analytics Certified,0,1,0,3,"Current role: financial analyst. Skills: content writing, counseling, excel, healthcare, patient care, psychology, risk management. Education: Bachelor's in Marketing. Experience: 1 years. Certifications: Google Analytics Certified."
Aarav Jain,45,Female,PhD,Mechanical Engineering,1,operations manager,,"[""compliance"", ""critical thinking"", ""financial analysis"", ""marketing"", ""quality assurance""]","Google Analytics Certified, Six Sigma Green Belt, Licensed Professional Counselor",0,1,0,5,"Current role: operations manager. Skills: compliance, critical thinking, financial analysis, marketing, quality assurance. Education: PhD in Mechanical Engineering. Experience: 1 years. Certifications: Google Analytics Certified, Six Sigma Green Belt, Licensed Professional Counselor."
Ananya Bansal,28,Non-Binary,Bachelor's,Journalism,4,operations manager,"customer success manager, restaurant specialist","[""critical thinking"", ""data analysis"", ""emotional intelligence"", ""excel"", ""leadership"", ""sales"", ""social media marketing"", ""strategic planning""]","Digital Marketing Institute Certified, Google Analytics Certified, Registered Nurse License",0,1,1,3,"Current role: operations manager. Previous roles: customer success manager, restaurant specialist. Skills: critical thinking, data analysis, emotional intelligence, excel, leadership, sales, social media marketing, strategic planning. Education: Bachelor's in Journalism. Experience: 4 years. Certifications: Digital Marketing Institute Certified, Google Analytics Certified, Registered Nurse License."
Andrew White,35,Male,High School,Marketing,0,,,"[""budgeting"", ""leadership"", ""powerpoint"", ""project management""]","Certified Public Accountant, Licensed Professional Counselor, Registered Nurse License",1,1,0,1,"Skills: budgeting, leadership, powerpoint, project management. Education: High School in Marketing. Experience: 0 years. Certifications: Certified Public Accountant, Licensed Professional Counselor, Registered Nurse License."
Samantha Jones,36,Non-Binary,Master's,Nursing,3,market research analyst,,"[""adaptability"", ""communication"", ""critical thinking"", ""customer service"", ""healthcare"", ""marketing"", ""problem solving""]","HubSpot Content Marketing, Certified Public Accountant, Facebook Blueprint Certified",0,1,0,4,"Current role: market research analyst. Skills: adaptability, communication, critical thinking, customer service, healthcare, marketing, problem solving. Education: Master's in Nursing. Experience: 3 years. Certifications: HubSpot Content Marketing, Certified Public Accountant, Facebook Blueprint Certified."
Ava Zhou,45,Female,Master's,Physics,0,,,"[""accounting"", ""adaptability"", ""data analysis"", ""leadership"", ""powerpoint"", ""presentation skills"", ""social media marketing""]",Project Management Professional,1,1,0,4,"Skills: accounting, adaptability, data analysis, leadership, powerpoint, presentation skills, social media marketing. Education: Master's in Physics. Experience: 0 years. Certifications: Project Management Professional."
Aisha Liu,27,Female,Bachelor's,English Literature,0,,,"[""adaptability"", ""data analysis"", ""medical knowledge"", ""problem solving"", ""sales"", ""social media marketing"", ""strategic planning""]","Google Ads Certified, Six Sigma Green Belt, Certified Financial Analyst",1,1,0,3,"Skills: adaptability, data analysis, medical knowledge, problem solving, sales, social media marketing, strategic planning. Education: Bachelor's in English Literature. Experience: 0 years. Certifications: Google Ads Certified, Six Sigma Green Belt, Certified Financial Analyst."
Vikram Iyer,33,Non-Binary,Master's,Economics,3,director of operations,marketing manager,"[""communication"", ""data analysis"", ""negotiation"", ""patient care"", ""psychology"", ""social media marketing""]",,0,0,1,4,"Current role: director of operations. Previous roles: marketing manager. Skills: communication, data analysis, negotiation, patient care, psychology, social media marketing. Education: Master's in Economics. Experience: 3 years."
Andrew Sharma,31,Male,Master's,Human Resources,0,,,"[""accounting"", ""adaptability"", ""negotiation"", ""presentation skills"", ""problem solving"", ""project management"", ""psychology""]","Google Ads Certified, Licensed Professional Counselor, Facebook Blueprint Certified",1,1,0,4,"Skills: accounting, adaptability, negotiation, presentation skills, problem solving, project management, psychology. Education: Master's in Human Resources. Experience: 0 years. Certifications: Google Ads Certified, Licensed Professional Counselor, Facebook Blueprint Certified."
Vikram Miller,25,Male,Master's,Physics,3,social media manager,,"[""accounting"", ""counseling"", ""critical thinking"", ""customer service"", ""data analysis"", ""leadership"", ""powerpoint""]",Certified Financial Analyst,0,1,0,4,"Current role: social media manager. Skills: accounting, counseling, critical thinking, customer service, data analysis, leadership, powerpoint. Education: Master's in Physics. Experience: 3 years. Certifications: Certified Financial Analyst."
Ananya Jackson,26,Male,Master's,Economics,0,,,"[""content writing"", ""excel"", ""marketing"", ""medical knowledge"", ""organizational skills"", ""psychology"", ""social media marketing"", ""time management""]",Project Management Professional,1,1,0,4,"Skills: content writing, excel, marketing, medical knowledge, organizational skills, psychology, social media marketing, time management. Education: Master's in Economics. Experience: 0 years. Certifications: Project Management Professional."
Aryan Johnson,26,Male,PhD,Human Resources,0,,,"[""accounting"", ""budgeting"", ""communication"", ""customer service"", ""emotional intelligence"", ""excel"", ""sales"", ""social media marketing""]","Certified Public Accountant, Project Management Professional, Registered Nurse License",1,1,0,5,"Skills: accounting, budgeting, communication, customer service, emotional intelligence, excel, sales, social media marketing. Education: PhD in Human Resources. Experience: 0 years. Certifications: Certified Public Accountant, Project Management Professional, Registered Nurse License."
Akash Moore,27,Female,PhD,Business Administration,3,director of operations,,"[""excel"", ""organizational skills"", ""powerpoint"", ""team management""]",Registered Nurse License,0,1,0,5,"Current role: director of operations. Skills: excel, organizational skills, powerpoint, team management. Education: PhD in Business Administration. Experience: 3 years. Certifications: Registered Nurse License."
Emma Krishnan,29,Female,Bachelor's,Medicine,1,project manager,,"[""critical thinking"", ""patient care"", ""presentation skills"", ""team management""]","Project Management Professional, Digital Marketing Institute Certified",0,1,0,3,"Current role: project manager. Skills: critical thinking, patient care, presentation skills, team management. Education: Bachelor's in Medicine. Experience: 1 years. Certifications: Project Management Professional, Digital Marketing Institute Certified."
Sophia Yang,40,Male,Bachelor's,Education,4,nurse,,"[""accounting"", ""compliance"", ""customer service"", ""data analysis"", ""medical knowledge"", ""organizational skills"", ""project management""]","Google Analytics Certified, Licensed Professional Counselor, Certified Sales Professional",0,1,0,3,"Current role: nurse. Skills: accounting, compliance, customer service, data analysis, medical knowledge, organizational skills, project management. Education: Bachelor's in Education. Experience: 4 years. Certifications: Google Analytics Certified, Licensed Professional Counselor, Certified Sales Professional."
Matthew Martin,35,Female,Master's,Economics,3,customer success manager,mental health practitioner,"[""adaptability"", ""compliance"", ""counseling"", ""powerpoint"", ""problem solving""]","Project Management Professional, Certified Financial Analyst",0,1,1,4,"Current role: customer success manager. Previous roles: mental health practitioner. Skills: adaptability, compliance, counseling, powerpoint, problem solving. Education: Master's in Economics. Experience: 3 years. Certifications: Project Management Professional, Certified Financial Analyst."
Abhinav Menon,21,Non-Binary,Master's,Finance,0,,,"[""data analysis"", ""psychology"", ""seo"", ""strategic planning"", ""team management""]","Google Analytics Certified, SHRM Certified Professional",1,1,0,4,"Skills: data analysis, psychology, seo, strategic planning, team management. Education: Master's in Finance. Experience: 0 years. Certifications: Google Analytics Certified, SHRM Certified Professional."
Olivia Garcia,27,Male,High School,Economics,0,,,"[""critical thinking"", ""data analysis"", ""patient care"", ""quality assurance"", ""strategic planning"", ""team management""]","Licensed Professional Counselor, Project Management Professional",1,1,0,1,"Skills: critical thinking, data analysis, patient care, quality assurance, strategic planning, team management. Education: High School in Economics. Experience: 0 years. Certifications: Licensed Professional Counselor, Project Management Professional."
Isabella Anderson,43,Non-Binary,PhD,Medicine,2,financial analyst,,"[""accounting"", ""adaptability"", ""counseling"", ""healthcare"", ""organizational skills"", ""patient care"", ""quality assurance"", ""sales""]",Google Analytics Certified,0,1,0,5,"Current role: financial analyst. Skills: accounting, adaptability, counseling, healthcare, organizational skills, patient care, quality assurance, sales. Education: PhD in Medicine. Experience: 2 years. Certifications: Google Analytics Certified."
Aadhya Menon,21,Female,Master's,Human Resources,0,,,"[""customer service"", ""marketing"", ""seo"", ""social media marketing"", ""time management""]",,1,0,0,4,"Skills: customer service, marketing, seo, social media marketing, time management. Education: Master's in Human Resources. Experience: 0 years."
Ankit Mittal,28,Female,Bachelor's,Marketing,0,,,"[""adaptability"", ""communication"", ""customer service"", ""excel"", ""psychology"", ""social media marketing"", ""team management""]",SHRM Certified Professional,1,1,0,3,"Skills: adaptability, communication, customer service, excel, psychology, social media marketing, team management. Education: Bachelor's in Marketing. Experience: 0 years. Certifications: SHRM Certified Professional."
Ethan Anderson,40,Male,Master's,Economics,0,,,"[""data analysis"", ""marketing"", ""negotiation"", ""presentation skills"", ""project management"", ""psychology"", ""strategic planning""]","Digital Marketing Institute Certified, Registered Nurse License, HubSpot Content Marketing",1,1,0,4,"Skills: data analysis, marketing, negotiation, presentation skills, project management, psychology, strategic planning. Education: Master's in Economics. Experience: 0 years. Certifications: Digital Marketing Institute Certified, Registered Nurse License, HubSpot Content Marketing."
Amelia Miller,33,Male,PhD,Accounting,2,mental health practitioner,,"[""communication"", ""compliance"", ""financial analysis"", ""healthcare"", ""marketing"", ""medical knowledge"", ""patient care"", ""presentation skills""]",Certified Sales Professional,0,1,0,5,"Current role: mental health practitioner. Skills: communication, compliance, financial analysis, healthcare, marketing, medical knowledge, patient care, presentation skills. Education: PhD in Accounting. Experience: 2 years. Certifications: Certified Sales Professional."
Matthew Agarwal,23,Female,Master's,Biology,6,customer success manager,"operations manager, sales representative, human resources manager","[""critical thinking"", ""powerpoint"", ""sales"", ""time management""]",Certified Public Accountant,0,1,1,4,"Current role: customer success manager. Previous roles: operations manager, sales representative, human resources manager. Skills: critical thinking, powerpoint, sales, time management. Education: Master's in Biology. Experience: 6 years. Certifications: Certified Public Accountant."
Arjun Miller,35,Non-Binary,Diploma,Chemistry,0,,,"[""content writing"", ""customer service"", ""negotiation"", ""problem solving"", ""quality assurance""]","Google Ads Certified, Six Sigma Green Belt",1,1,0,0,"Skills: content writing, customer service, negotiation, problem solving, quality assurance. Education: Diploma in Chemistry. Experience: 0 years. Certifications: Google Ads Certified, Six Sigma Green Belt."
Andrew Menon,36,Female,High School,Chemical Engineering,8,brand manager,"restaurant specialist, nurse, business analyst","[""accounting"", ""customer service"", ""excel"", ""healthcare"", ""marketing"", ""organizational skills"", ""powerpoint""]","Licensed Professional Counselor, Certified Public Accountant, Facebook Blueprint Certified",0,1,1,1,"Current role: brand manager. Previous roles: restaurant specialist, nurse, business analyst. Skills: accounting, customer service, excel, healthcare, marketing, organizational skills, powerpoint. Education: High School in Chemical Engineering. Experience: 8 years. Certifications: Licensed Professional Counselor, Certified Public Accountant, Facebook Blueprint Certified."
Sarah Nair,32,Non-Binary,Master's,Nursing,4,customer success manager,account manager,"[""critical thinking"", ""financial analysis"", ""patient care"", ""risk management"", ""social media marketing""]",Project Management Professional,0,1,1,4,"Current role: customer success manager. Previous roles: account manager. Skills: critical thinking, financial analysis, patient care, risk management, social media marketing. Education: Master's in Nursing. Experience: 4 years. Certifications: Project Management Professional."
James Yang,32,Male,Master's,Physics,4,business development manager,"marketing manager, account manager","[""communication"", ""compliance"", ""customer service"", ""data analysis"", ""financial analysis"", ""healthcare"", ""project management"", ""seo""]",Licensed Professional Counselor,0,1,1,4,"Current role: business development manager. Previous roles: marketing manager, account manager. Skills: communication, compliance, customer service, data analysis, financial analysis, healthcare, project management, seo. Education: Master's in Physics. Experience: 4 years. Certifications: Licensed Professional Counselor."
Samantha Miller,26,Non-Binary,High School,Economics,3,business development manager,financial analyst,"[""communication"", ""customer service"", ""data analysis"", ""organizational skills"", ""time management""]",,0,0,1,1,"Current role: business development manager. Previous roles: financial analyst. Skills: communication, customer service, data analysis, organizational skills, time management. Education: High School in Economics. Experience: 3 years."
Ava Anderson,22,Non-Binary,Bachelor's,Nursing,1,business development manager,,"[""leadership"", ""organizational skills"", ""risk management"", ""team management""]",SHRM Certified Professional,0,1,0,3,"Current role: business development manager. Skills: leadership, organizational skills, risk management, team management. Education: Bachelor's in Nursing. Experience: 1 years. Certifications: SHRM Certified Professional."
Charlotte Wu,27,Non-Binary,Master's,Accounting,2,business development manager,,"[""budgeting"", ""customer service"", ""excel"", ""marketing"", ""organizational skills"", ""team management""]",,0,0,0,4,"Current role: business development manager. Skills: budgeting, customer service, excel, marketing, organizational skills, team management. Education: Master's in Accounting. Experience: 2 years."
Abhinav Wilson,33,Female,Bachelor's,Political Science,0,,,"[""financial analysis"", ""patient care"", ""risk management"", ""social media marketing""]","Google Analytics Certified, Google Ads Certified",1,1,0,3,"Skills: financial analysis, patient care, risk management, social media marketing. Education: Bachelor's in Political Science. Experience: 0 years. Certifications: Google Analytics Certified, Google Ads Certified."
Sophia White,26,Male,Bachelor's,Marketing,3,human resources manager,,"[""accounting"", ""content writing"", ""emotional intelligence"", ""financial analysis"", ""presentation skills"", ""project management"", ""sales""]","Certified Public Accountant, Project Management Professional, Certified Sales Professional",0,1,0,3,"Current role: human resources manager. Skills: accounting, content writing, emotional intelligence, financial analysis, presentation skills, project management, sales. Education: Bachelor's in Marketing. Experience: 3 years. Certifications: Certified Public Accountant, Project Management Professional, Certified Sales Professional."
Ananya Hernandez,32,Female,PhD,Pharmacy,1,market research analyst,,"[""budgeting"", ""data analysis"", ""healthcare"", ""psychology"", ""risk management""]","Registered Nurse License, Project Management Professional, Facebook Blueprint Certified",0,1,0,5,"Current role: market research analyst. Skills: budgeting, data analysis, healthcare, psychology, risk management. Education: PhD in Pharmacy. Experience: 1 years. Certifications: Registered Nurse License, Project Management Professional, Facebook Blueprint Certified."
Lucas Jackson,23,Female,Bachelor's,Biology,0,,,"[""accounting"", ""adaptability"", ""budgeting"", ""financial analysis"", ""leadership"", ""medical knowledge"", ""negotiation"", ""team management""]",Digital Marketing Institute Certified,1,1,0,3,"Skills: accounting, adaptability, budgeting, financial analysis, leadership, medical knowledge, negotiation, team management. Education: Bachelor's in Biology. Experience: 0 years. Certifications: Digital Marketing Institute Certified."
Isabella Pillai,28,Female,Bachelor's,Operations Management,2,restaurant specialist,,"[""compliance"", ""presentation skills"", ""seo"", ""time management""]","Registered Nurse License, Licensed Professional Counselor",0,1,0,3,"Current role: restaurant specialist. Skills: compliance, presentation skills, seo, time management. Education: Bachelor's in Operations Management. Experience: 2 years. Certifications: Registered Nurse License, Licensed Professional Counselor."
Samantha Sharma,26,Female,PhD,Operations Management,4,project manager,,"[""compliance"", ""healthcare"", ""medical knowledge"", ""powerpoint"", ""presentation skills"", ""strategic planning""]",,0,0,0,5,"Current role: project manager. Skills: compliance, healthcare, medical knowledge, powerpoint, presentation skills, strategic planning. Education: PhD in Operations Management. Experience: 4 years."
Diya Anderson,28,Non-Binary,PhD,Sociology,1,director of operations,,"[""data analysis"", ""excel"", ""marketing"", ""psychology"", ""social media marketing"", ""team management"", ""time management""]","Facebook Blueprint Certified, SHRM Certified Professional",0,1,0,5,"Current role: director of operations. Skills: data analysis, excel, marketing, psychology, social media marketing, team management, time management. Education: PhD in Sociology. Experience: 1 years. Certifications: Facebook Blueprint Certified, SHRM Certified Professional."
Christopher Jackson,22,Female,Master's,Sociology,7,customer success manager,"restaurant specialist, marketing manager, human resources manager","[""accounting"", ""marketing"", ""organizational skills"", ""presentation skills"", ""problem solving"", ""sales"", ""social media marketing""]","Google Analytics Certified, Certified Financial Analyst",0,1,1,4,"Current role: customer success manager. Previous roles: restaurant specialist, marketing manager, human resources manager. Skills: accounting, marketing, organizational skills, presentation skills, problem solving, sales, social media marketing. Education: Master's in Sociology. Experience: 7 years. Certifications: Google Analytics Certified, Certified Financial Analyst."
Christopher Hernandez,45,Male,Bachelor's,Supply Chain Management,2,dentist,,"[""adaptability"", ""customer service"", ""data analysis"", ""medical knowledge"", ""problem solving"", ""risk management""]",,0,0,0,3,"Current role: dentist. Skills: adaptability, customer service, data analysis, medical knowledge, problem solving, risk management. Education: Bachelor's in Supply Chain Management. Experience: 2 years."
Aadhya Zhou,37,Female,Bachelor's,Education,3,human resources manager,sales representative,"[""content writing"", ""data analysis"", ""financial analysis"", ""healthcare"", ""leadership"", ""marketing"", ""powerpoint"", ""quality assurance""]",,0,0,1,3,"Current role: human resources manager. Previous roles: sales representative. Skills: content writing, data analysis, financial analysis, healthcare, leadership, marketing, powerpoint, quality assurance. Education: Bachelor's in Education. Experience: 3 years."
Jackson Brown,21,Female,Master's,Civil Engineering,0,,,"[""leadership"", ""marketing"", ""patient care"", ""risk management"", ""social media marketing""]",Google Ads Certified,1,1,0,4,"Skills: leadership, marketing, patient care, risk management, social media marketing. Education: Master's in Civil Engineering. Experience: 0 years. Certifications: Google Ads Certified."
Aarav Zhou,37,Female,Master's,Architecture,1,marketing manager,,"[""adaptability"", ""compliance"", ""emotional intelligence"", ""medical knowledge"", ""patient care"", ""powerpoint""]",,0,0,0,4,"Current role: marketing manager. Skills: adaptability, compliance, emotional intelligence, medical knowledge, patient care, powerpoint. Education: Master's in Architecture. Experience: 1 years."
Ashley Nair,43,Non-Binary,PhD,Architecture,8,operations manager,,"[""communication"", ""compliance"", ""critical thinking"", ""financial analysis"", ""leadership"", ""patient care"", ""seo""]","SHRM Certified Professional, Digital Marketing Institute Certified",0,1,0,5,"Current role: operations manager. Skills: communication, compliance, critical thinking, financial analysis, leadership, patient care, seo. Education: PhD in Architecture. Experience: 8 years. Certifications: SHRM Certified Professional, Digital Marketing Institute Certified."
Amelia Chen,44,Female,High School,Physics,0,,,"[""communication"", ""patient care"", ""project management"", ""seo"", ""strategic planning""]","Google Analytics Certified, SHRM Certified Professional, Google Ads Certified",1,1,0,1,"Skills: communication, patient care, project management, seo, strategic planning. Education: High School in Physics. Experience: 0 years. Certifications: Google Analytics Certified, SHRM Certified Professional, Google Ads Certified."
Meera Menon,26,Female,Bachelor's,Accounting,1,marketing manager,,"[""compliance"", ""powerpoint"", ""presentation skills"", ""psychology"", ""risk management"", ""team management""]",,0,0,0,3,"Current role: marketing manager. Skills: compliance, powerpoint, presentation skills, psychology, risk management, team management. Education: Bachelor's in Accounting. Experience: 1 years."
Emma Verma,27,Non-Binary,Master's,English Literature,0,,,"[""adaptability"", ""critical thinking"", ""customer service"", ""leadership"", ""negotiation""]",,1,0,0,4,"Skills: adaptability, critical thinking, customer service, leadership, negotiation. Education: Master's in English Literature. Experience: 0 years."
Diya Johnson,23,Non-Binary,Bachelor's,English Literature,0,,,"[""communication"", ""problem solving"", ""psychology"", ""seo"", ""time management""]",Six Sigma Green Belt,1,1,0,3,"Skills: communication, problem solving, psychology, seo, time management. Education: Bachelor's in English Literature. Experience: 0 years. Certifications: Six Sigma Green Belt."
Ashley Mittal,43,Non-Binary,PhD,Marketing,0,,,"[""communication"", ""critical thinking"", ""excel"", ""financial analysis"", ""marketing"", ""medical knowledge"", ""negotiation"", ""problem solving""]","Certified Sales Professional, HubSpot Content Marketing, Facebook Blueprint Certified",1,1,0,5,"Skills: communication, critical thinking, excel, financial analysis, marketing, medical knowledge, negotiation, problem solving. Education: PhD in Marketing. Experience: 0 years. Certifications: Certified Sales Professional, HubSpot Content Marketing, Facebook Blueprint Certified."
Ananya Hernandez,41,Female,PhD,Journalism,0,,,"[""communication"", ""customer service"", ""emotional intelligence"", ""excel"", ""quality assurance""]","Facebook Blueprint Certified, Project Management Professional, Certified Public Accountant",1,1,0,5,"Skills: communication, customer service, emotional intelligence, excel, quality assurance. Education: PhD in Journalism. Experience: 0 years. Certifications: Facebook Blueprint Certified, Project Management Professional, Certified Public Accountant."
Aditi Brown,21,Non-Binary,Master's,Business Administration,0,,,"[""budgeting"", ""content writing"", ""patient care"", ""seo""]",SHRM Certified Professional,1,1,0,4,"Skills: budgeting, content writing, patient care, seo. Education: Master's in Business Administration. Experience: 0 years. Certifications: SHRM Certified Professional."
Mason Iyer,31,Male,Master's,Psychology,0,,,"[""budgeting"", ""data analysis"", ""emotional intelligence"", ""quality assurance"", ""time management""]",,1,0,0,4,"Skills: budgeting, data analysis, emotional intelligence, quality assurance, time management. Education: Master's in Psychology. Experience: 0 years."
Diya Hernandez,24,Male,Master's,Physics,2,financial analyst,,"[""communication"", ""leadership"", ""negotiation"", ""social media marketing"", ""team management""]",,0,0,0,4,"Current role: financial analyst. Skills: communication, leadership, negotiation, social media marketing, team management. Education: Master's in Physics. Experience: 2 years."
James Subramanian,33,Non-Binary,Master's,Sociology,2,restaurant specialist,,"[""communication"", ""compliance"", ""customer service"", ""psychology"", ""quality assurance"", ""team management""]","Facebook Blueprint Certified, Certified Sales Professional",0,1,0,4,"Current role: restaurant specialist. Skills: communication, compliance, customer service, psychology, quality assurance, team management. Education: Master's in Sociology. Experience: 2 years. Certifications: Facebook Blueprint Certified, Certified Sales Professional."
Aarav Srinivasan,23,Male,Diploma,Civil Engineering,1,customer success manager,,"[""accounting"", ""communication"", ""data analysis"", ""patient care"", ""time management""]",,0,0,0,0,"Current role: customer success manager. Skills: accounting, communication, data analysis, patient care, time management. Education: Diploma in Civil Engineering. Experience: 1 years."
Jackson Hernandez,31,Male,PhD,Education,2,salesperson,,"[""counseling"", ""financial analysis"", ""presentation skills"", ""problem solving""]",,0,0,0,5,"Current role: salesperson. Skills: counseling, financial analysis, presentation skills, problem solving. Education: PhD in Education. Experience: 2 years."
Amelia Wang,29,Non-Binary,Master's,Finance,4,business analyst,salesperson,"[""accounting"", ""compliance"", ""counseling"", ""data analysis"", ""excel"", ""marketing"", ""problem solving"", ""social media marketing""]","Digital Marketing Institute Certified, Google Analytics Certified, Facebook Blueprint Certified",0,1,1,4,"Current role: business analyst. Previous roles: salesperson. Skills: accounting, compliance, counseling, data analysis, excel, marketing, problem solving, social media marketing. Education: Master's in Finance. Experience: 4 years. Certifications: Digital Marketing Institute Certified, Google Analytics Certified, Facebook Blueprint Certified."
Aisha Bansal,32,Non-Binary,Bachelor's,Chemical Engineering,0,,,"[""data analysis"", ""healthcare"", ""problem solving"", ""project management"", ""social media marketing""]",Digital Marketing Institute Certified,1,1,0,3,"Skills: data analysis, healthcare, problem solving, project management, social media marketing. Education: Bachelor's in Chemical Engineering. Experience: 0 years. Certifications: Digital Marketing Institute Certified."
Michael Moore,23,Female,PhD,Journalism,7,financial analyst,"operations manager, human resources manager, content manager","[""accounting"", ""adaptability"", ""compliance"", ""data analysis"", ""excel"", ""organizational skills"", ""quality assurance""]",SHRM Certified Professional,0,1,1,5,"Current role: financial analyst. Previous roles: operations manager, human resources manager, content manager. Skills: accounting, adaptability, compliance, data analysis, excel, organizational skills, quality assurance. Education: PhD in Journalism. Experience: 7 years. Certifications: SHRM Certified Professional."
Charlotte Zhou,34,Male,Bachelor's,Medicine,3,content manager,,"[""adaptability"", ""data analysis"", ""financial analysis"", ""marketing"", ""patient care"", ""problem solving"", ""project management"", ""social media marketing""]",,0,0,0,3,"Current role: content manager. Skills: adaptability, data analysis, financial analysis, marketing, patient care, problem solving, project management, social media marketing. Education: Bachelor's in Medicine. Experience: 3 years."
Arjun Moore,21,Male,High School,Marketing,0,,,"[""budgeting"", ""compliance"", ""excel"", ""medical knowledge"", ""project management"", ""strategic planning""]",,1,0,0,1,"Skills: budgeting, compliance, excel, medical knowledge, project management, strategic planning. Education: High School in Marketing. Experience: 0 years."
Isabella Zhang,39,Male,Bachelor's,Finance,0,,,"[""compliance"", ""content writing"", ""critical thinking"", ""risk management"", ""social media marketing""]",,1,0,0,3,"Skills: compliance, content writing, critical thinking, risk management, social media marketing. Education: Bachelor's in Finance. Experience: 0 years."
Alexander Martinez,26,Non-Binary,Master's,Education,0,,,"[""adaptability"", ""communication"", ""counseling"", ""critical thinking"", ""emotional intelligence"", ""strategic planning""]",,1,0,0,4,"Skills: adaptability, communication, counseling, critical thinking, emotional intelligence, strategic planning. Education: Master's in Education. Experience: 0 years."
Rahul Jackson,34,Non-Binary,PhD,Finance,0,,,"[""budgeting"", ""healthcare"", ""medical knowledge"", ""organizational skills"", ""patient care"", ""social media marketing""]",,1,0,0,5,"Skills: budgeting, healthcare, medical knowledge, organizational skills, patient care, social media marketing. Education: PhD in Finance. Experience: 0 years."
Priya Park,32,Male,Master's,Psychology,4,human resources manager,,"[""budgeting"", ""medical knowledge"", ""organizational skills"", ""powerpoint"", ""problem solving"", ""project management"", ""quality assurance"", ""seo""]","Digital Marketing Institute Certified, Certified Sales Professional, Google Ads Certified",0,1,0,4,"Current role: human resources manager. Skills: budgeting, medical knowledge, organizational skills, powerpoint, problem solving, project management, quality assurance, seo. Education: Master's in Psychology. Experience: 4 years. Certifications: Digital Marketing Institute Certified, Certified Sales Professional, Google Ads Certified."
Emma Wilson,28,Male,Master's,Chemical Engineering,1,digital marketing specialist,,"[""communication"", ""critical thinking"", ""financial analysis"", ""leadership"", ""medical knowledge"", ""negotiation"", ""patient care"", ""project management""]",Certified Sales Professional,0,1,0,4,"Current role: digital marketing specialist. Skills: communication, critical thinking, financial analysis, leadership, medical knowledge, negotiation, patient care, project management. Education: Master's in Chemical Engineering. Experience: 1 years. Certifications: Certified Sales Professional."
Abhinav Mittal,43,Female,PhD,Human Resources,3,sales representative,,"[""accounting"", ""excel"", ""leadership"", ""negotiation"", ""presentation skills"", ""problem solving"", ""sales"", ""strategic planning""]",HubSpot Content Marketing,0,1,0,5,"Current role: sales representative. Skills: accounting, excel, leadership, negotiation, presentation skills, problem solving, sales, strategic planning. Education: PhD in Human Resources. Experience: 3 years. Certifications: HubSpot Content Marketing."
Rahul Jackson,21,Female,Master's,English Literature,1,marketing manager,,"[""communication"", ""critical thinking"", ""presentation skills"", ""risk management"", ""strategic planning""]","Licensed Professional Counselor, Certified Public Accountant, SHRM Certified Professional",0,1,0,4,"Current role: marketing manager. Skills: communication, critical thinking, presentation skills, risk management, strategic planning. Education: Master's in English Literature. Experience: 1 years. Certifications: Licensed Professional Counselor, Certified Public Accountant, SHRM Certified Professional."
Jackson Park,26,Non-Binary,Master's,Marketing,0,,,"[""adaptability"", ""excel"", ""healthcare"", ""leadership"", ""medical knowledge"", ""social media marketing""]",,1,0,0,4,"Skills: adaptability, excel, healthcare, leadership, medical knowledge, social media marketing. Education: Master's in Marketing. Experience: 0 years."
Kavya Yang,23,Non-Binary,Master's,Finance,7,director of operations,"mental health practitioner, sales representative","[""adaptability"", ""counseling"", ""emotional intelligence"", ""excel"", ""patient care"", ""problem solving"", ""time management""]","Google Analytics Certified, SHRM Certified Professional",0,1,1,4,"Current role: director of operations. Previous roles: mental health practitioner, sales representative. Skills: adaptability, counseling, emotional intelligence, excel, patient care, problem solving, time management. Education: Master's in Finance. Experience: 7 years. Certifications: Google Analytics Certified, SHRM Certified Professional."
Aadhya Liu,30,Female,PhD,Finance,0,,,"[""adaptability"", ""budgeting"", ""counseling"", ""leadership"", ""negotiation"", ""patient care""]",Digital Marketing Institute Certified,1,1,0,5,"Skills: adaptability, budgeting, counseling, leadership, negotiation, patient care. Education: PhD in Finance. Experience: 0 years. Certifications: Digital Marketing Institute Certified."
Amelia Zhou,26,Non-Binary,Master's,Medicine,0,,,"[""communication"", ""counseling"", ""critical thinking"", ""patient care"", ""psychology"", ""time management""]","Six Sigma Green Belt, Facebook Blueprint Certified, Project Management Professional",1,1,0,4,"Skills: communication, counseling, critical thinking, patient care, psychology, time management. Education: Master's in Medicine. Experience: 0 years. Certifications: Six Sigma Green Belt, Facebook Blueprint Certified, Project Management Professional."
Isabella Wang,34,Non-Binary,Master's,Nursing,4,content manager,"operations manager, nurse","[""adaptability"", ""leadership"", ""medical knowledge"", ""risk management"", ""sales"", ""social media marketing""]","HubSpot Content Marketing, Facebook Blueprint Certified, Project Management Professional",0,1,1,4,"Current role: content manager. Previous roles: operations manager, nurse. Skills: adaptability, leadership, medical knowledge, risk management, sales, social media marketing. Education: Master's in Nursing. Experience: 4 years. Certifications: HubSpot Content Marketing, Facebook Blueprint Certified, Project Management Professional."
Emma Singh,42,Non-Binary,Bachelor's,Education,0,,,"[""customer service"", ""excel"", ""organizational skills"", ""presentation skills""]",Facebook Blueprint Certified,1,1,0,3,"Skills: customer service, excel, organizational skills, presentation skills. Education: Bachelor's in Education. Experience: 0 years. Certifications: Facebook Blueprint Certified."
Kavya Davis,38,Female,Master's,Biology,0,,,"[""adaptability"", ""budgeting"", ""critical thinking"", ""data analysis"", ""emotional intelligence"", ""negotiation"", ""project management""]","Project Management Professional, HubSpot Content Marketing, Certified Financial Analyst",1,1,0,4,"Skills: adaptability, budgeting, critical thinking, data analysis, emotional intelligence, negotiation, project management. Education: Master's in Biology. Experience: 0 years. Certifications: Project Management Professional, HubSpot Content Marketing, Certified Financial Analyst."
Diya Reddy,42,Male,Master's,Dentistry,2,customer success manager,,"[""counseling"", ""leadership"", ""organizational skills"", ""patient care"", ""psychology"", ""risk management""]",Certified Sales Professional,0,1,0,4,"Current role: customer success manager. Skills: counseling, leadership, organizational skills, patient care, psychology, risk management. Education: Master's in Dentistry. Experience: 2 years. Certifications: Certified Sales Professional."
Karan Krishnan,31,Non-Binary,Bachelor's,Dentistry,0,,,"[""customer service"", ""financial analysis"", ""healthcare"", ""marketing"", ""medical knowledge"", ""powerpoint"", ""strategic planning""]","Google Ads Certified, SHRM Certified Professional",1,1,0,3,"Skills: customer service, financial analysis, healthcare, marketing, medical knowledge, powerpoint, strategic planning. Education: Bachelor's in Dentistry. Experience: 0 years. Certifications: Google Ads Certified, SHRM Certified Professional."
Joshua Hernandez,23,Non-Binary,Master's,Psychology,3,customer success manager,,"[""accounting"", ""communication"", ""compliance"", ""excel"", ""problem solving"", ""sales""]","Project Management Professional, Licensed Professional Counselor, Facebook Blueprint Certified",0,1,0,4,"Current role: customer success manager. Skills: accounting, communication, compliance, excel, problem solving, sales. Education: Master's in Psychology. Experience: 3 years. Certifications: Project Management Professional, Licensed Professional Counselor, Facebook Blueprint Certified."
Amanda Iyer,41,Male,Master's,Mechanical Engineering,2,restaurant specialist,,"[""communication"", ""marketing"", ""powerpoint"", ""team management""]",,0,0,0,4,"Current role: restaurant specialist. Skills: communication, marketing, powerpoint, team management. Education: Master's in Mechanical Engineering. Experience: 2 years."
Diya Miller,31,Male,Master's,Operations Management,0,,,"[""budgeting"", ""financial analysis"", ""marketing"", ""organizational skills"", ""project management"", ""psychology""]",Registered Nurse License,1,1,0,4,"Skills: budgeting, financial analysis, marketing, organizational skills, project management, psychology. Education: Master's in Operations Management. Experience: 0 years. Certifications: Registered Nurse License."
Benjamin Rao,30,Non-Binary,Bachelor's,Supply Chain Management,8,restaurant specialist,"customer success manager, brand manager","[""adaptability"", ""budgeting"", ""content writing"", ""psychology"", ""seo"", ""social media marketing"", ""team management"", ""time management""]","Licensed Professional Counselor, Google Analytics Certified",0,1,1,3,"Current role: restaurant specialist. Previous roles: customer success manager, brand manager. Skills: adaptability, budgeting, content writing, psychology, seo, social media marketing, team management, time management. Education: Bachelor's in Supply Chain Management. Experience: 8 years. Certifications: Licensed Professional Counselor, Google Analytics Certified."
Noah Rodriguez,30,Female,Bachelor's,Physics,6,business development manager,"social media manager, salesperson, project manager","[""compliance"", ""content writing"", ""marketing"", ""project management"", ""psychology""]","Google Ads Certified, Registered Nurse License",0,1,1,3,"Current role: business development manager. Previous roles: social media manager, salesperson, project manager. Skills: compliance, content writing, marketing, project management, psychology. Education: Bachelor's in Physics. Experience: 6 years. Certifications: Google Ads Certified, Registered Nurse License."
Aarav Thompson,21,Female,Bachelor's,Sociology,3,social media manager,,"[""data analysis"", ""leadership"", ""patient care"", ""quality assurance"", ""sales"", ""strategic planning"", ""team management""]","Six Sigma Green Belt, Licensed Professional Counselor",0,1,0,3,"Current role: social media manager. Skills: data analysis, leadership, patient care, quality assurance, sales, strategic planning, team management. Education: Bachelor's in Sociology. Experience: 3 years. Certifications: Six Sigma Green Belt, Licensed Professional Counselor."
Sophia Chen,44,Non-Binary,Diploma,Mechanical Engineering,1,operations manager,,"[""counseling"", ""critical thinking"", ""financial analysis"", ""project management""]","SHRM Certified Professional, Project Management Professional, Licensed Professional Counselor",0,1,0,0,"Current role: operations manager. Skills: counseling, critical thinking, financial analysis, project management. Education: Diploma in Mechanical Engineering. Experience: 1 years. Certifications: SHRM Certified Professional, Project Management Professional, Licensed Professional Counselor."
James Martinez,35,Non-Binary,Bachelor's,Education,1,business analyst,,"[""emotional intelligence"", ""patient care"", ""powerpoint"", ""project management"", ""psychology"", ""seo""]","SHRM Certified Professional, Project Management Professional, Licensed Professional Counselor",0,1,0,3,"Current role: business analyst. Skills: emotional intelligence, patient care, powerpoint, project management, psychology, seo. Education: Bachelor's in Education. Experience: 1 years. Certifications: SHRM Certified Professional, Project Management Professional, Licensed Professional Counselor."
Meera Menon,33,Female,Diploma,Pharmacy,4,financial analyst,"mental health practitioner, customer success manager","[""accounting"", ""excel"", ""financial analysis"", ""marketing"", ""powerpoint"", ""project management"", ""seo"", ""time management""]",Licensed Professional Counselor,0,1,1,0,"Current role: financial analyst. Previous roles: mental health practitioner, customer success manager. Skills: accounting, excel, financial analysis, marketing, powerpoint, project management, seo, time management. Education: Diploma in Pharmacy. Experience: 4 years. Certifications: Licensed Professional Counselor."
Evelyn Kumar,45,Male,Diploma,Human Resources,0,,,"[""communication"", ""critical thinking"", ""customer service"", ""financial analysis"", ""marketing"", ""patient care"", ""problem solving""]",,1,0,0,0,"Skills: communication, critical thinking, customer service, financial analysis, marketing, patient care, problem solving. Education: Diploma in Human Resources. Experience: 0 years."
Harper Rao,28,Male,Bachelor's,Accounting,1,human resources manager,,"[""content writing"", ""excel"", ""financial analysis"", ""organizational skills"", ""powerpoint"", ""sales"", ""social media marketing""]","Project Management Professional, Digital Marketing Institute Certified",0,1,0,3,"Current role: human resources manager. Skills: content writing, excel, financial analysis, organizational skills, powerpoint, sales, social media marketing. Education: Bachelor's in Accounting. Experience: 1 years. Certifications: Project Management Professional, Digital Marketing Institute Certified."
Karan Srinivasan,41,Male,Bachelor's,Civil Engineering,4,operations manager,,"[""content writing"", ""emotional intelligence"", ""presentation skills"", ""seo"", ""team management""]",Google Analytics Certified,0,1,0,3,"Current role: operations manager. Skills: content writing, emotional intelligence, presentation skills, seo, team management. Education: Bachelor's in Civil Engineering. Experience: 4 years. Certifications: Google Analytics Certified."
Harper Venkatesh,27,Male,Master's,Economics,0,,,"[""content writing"", ""emotional intelligence"", ""negotiation"", ""organizational skills"", ""sales"", ""social media marketing""]",,1,0,0,4,"Skills: content writing, emotional intelligence, negotiation, organizational skills, sales, social media marketing. Education: Master's in Economics. Experience: 0 years."
Priya Anderson,31,Male,Bachelor's,Dentistry,0,,,"[""accounting"", ""critical thinking"", ""financial analysis"", ""healthcare"", ""project management""]",,1,0,0,3,"Skills: accounting, critical thinking, financial analysis, healthcare, project management. Education: Bachelor's in Dentistry. Experience: 0 years."
Aadhya Liu,33,Female,Certificate,Nursing,8,digital marketing specialist,,"[""compliance"", ""content writing"", ""data analysis"", ""financial analysis"", ""social media marketing""]","Certified Financial Analyst, Facebook Blueprint Certified, Google Analytics Certified",0,1,0,0,"Current role: digital marketing specialist. Skills: compliance, content writing, data analysis, financial analysis, social media marketing. Education: Certificate in Nursing. Experience: 8 years. Certifications: Certified Financial Analyst, Facebook Blueprint Certified, Google Analytics Certified."
Amelia Martinez,44,Female,High School,Supply Chain Management,4,human resources manager,dentist,"[""negotiation"", ""powerpoint"", ""project management"", ""psychology""]","Facebook Blueprint Certified, Project Management Professional, Licensed Professional Counselor",0,1,1,1,"Current role: human resources manager. Previous roles: dentist. Skills: negotiation, powerpoint, project management, psychology. Education: High School in Supply Chain Management. Experience: 4 years. Certifications: Facebook Blueprint Certified, Project Management Professional, Licensed Professional Counselor."
Abhinav Lee,36,Non-Binary,Bachelor's,Business Administration,2,social media manager,,"[""critical thinking"", ""emotional intelligence"", ""financial analysis"", ""leadership"", ""negotiation"", ""powerpoint"", ""time management""]","Six Sigma Green Belt, Digital Marketing Institute Certified",0,1,0,3,"Current role: social media manager. Skills: critical thinking, emotional intelligence, financial analysis, leadership, negotiation, powerpoint, time management. Education: Bachelor's in Business Administration. Experience: 2 years. Certifications: Six Sigma Green Belt, Digital Marketing Institute Certified."
Harper Smith,21,Male,Bachelor's,Physics,5,account manager,,"[""accounting"", ""compliance"", ""counseling"", ""patient care"", ""powerpoint"", ""psychology"", ""social media marketing"", ""team management""]","SHRM Certified Professional, Certified Financial Analyst",0,1,0,3,"Current role: account manager. Skills: accounting, compliance, counseling, patient care, powerpoint, psychology, social media marketing, team management. Education: Bachelor's in Physics. Experience: 5 years. Certifications: SHRM Certified Professional, Certified Financial Analyst."
Noah Srinivasan,43,Non-Binary,Master's,Human Resources,6,sales representative,social media manager,"[""adaptability"", ""counseling"", ""leadership"", ""powerpoint"", ""problem solving"", ""social media marketing"", ""strategic planning"", ""time management""]","Licensed Professional Counselor, Project Management Professional",0,1,1,4,"Current role: sales representative. Previous roles: social media manager. Skills: adaptability, counseling, leadership, powerpoint, problem solving, social media marketing, strategic planning, time management. Education: Master's in Human Resources. Experience: 6 years. Certifications: Licensed Professional Counselor, Project Management Professional."
Sophia Srinivasan,29,Female,Bachelor's,Finance,6,business development manager,account manager,"[""adaptability"", ""content writing"", ""marketing"", ""risk management"", ""sales"", ""seo"", ""strategic planning"", ""time management""]","Project Management Professional, Facebook Blueprint Certified",0,1,1,3,"Current role: business development manager. Previous roles: account manager. Skills: adaptability, content writing, marketing, risk management, sales, seo, strategic planning, time management. Education: Bachelor's in Finance. Experience: 6 years. Certifications: Project Management Professional, Facebook Blueprint Certified."
Vikram Liu,30,Female,Bachelor's,Sociology,8,business development manager,"nurse, director of operations, digital marketing specialist","[""budgeting"", ""counseling"", ""negotiation"", ""patient care"", ""problem solving"", ""psychology""]",,0,0,1,3,"Current role: business development manager. Previous roles: nurse, director of operations, digital marketing specialist. Skills: budgeting, counseling, negotiation, patient care, problem solving, psychology. Education: Bachelor's in Sociology. Experience: 8 years."
Isabella Patel,33,Non-Binary,High School,Education,1,dentist,,"[""adaptability"", ""budgeting"", ""patient care"", ""problem solving"", ""psychology""]","Registered Nurse License, Project Management Professional",0,1,0,1,"Current role: dentist. Skills: adaptability, budgeting, patient care, problem solving, psychology. Education: High School in Education. Experience: 1 years. Certifications: Registered Nurse License, Project Management Professional."
Andrew Hernandez,27,Non-Binary,Master's,Psychology,0,,,"[""compliance"", ""content writing"", ""excel"", ""leadership"", ""medical knowledge"", ""patient care"", ""project management""]",,1,0,0,4,"Skills: compliance, content writing, excel, leadership, medical knowledge, patient care, project management. Education: Master's in Psychology. Experience: 0 years."
Arjun Sharma,24,Female,Bachelor's,Biology,0,,,"[""emotional intelligence"", ""excel"", ""medical knowledge"", ""negotiation"", ""problem solving"", ""risk management"", ""seo"", ""time management""]","Facebook Blueprint Certified, Licensed Professional Counselor",1,1,0,3,"Skills: emotional intelligence, excel, medical knowledge, negotiation, problem solving, risk management, seo, time management. Education: Bachelor's in Biology. Experience: 0 years. Certifications: Facebook Blueprint Certified, Licensed Professional Counselor."
Ava Reddy,34,Female,High School,Business Administration,0,,,"[""accounting"", ""budgeting"", ""emotional intelligence"", ""patient care"", ""powerpoint"", ""problem solving"", ""quality assurance"", ""risk management""]",HubSpot Content Marketing,1,1,0,1,"Skills: accounting, budgeting, emotional intelligence, patient care, powerpoint, problem solving, quality assurance, risk management. Education: High School in Business Administration. Experience: 0 years. Certifications: HubSpot Content Marketing."
Benjamin Miller,31,Male,Bachelor's,Dentistry,0,,,"[""budgeting"", ""communication"", ""content writing"", ""quality assurance"", ""risk management"", ""strategic planning""]",Google Analytics Certified,1,1,0,3,"Skills: budgeting, communication, content writing, quality assurance, risk management, strategic planning. Education: Bachelor's in Dentistry. Experience: 0 years. Certifications: Google Analytics Certified."
Andrew Jones,31,Female,PhD,Human Resources,5,project manager,counselor,"[""adaptability"", ""content writing"", ""leadership"", ""negotiation"", ""powerpoint"", ""quality assurance"", ""sales""]","Digital Marketing Institute Certified, Google Analytics Certified",0,1,1,5,"Current role: project manager. Previous roles: counselor. Skills: adaptability, content writing, leadership, negotiation, powerpoint, quality assurance, sales. Education: PhD in Human Resources. Experience: 5 years. Certifications: Digital Marketing Institute Certified, Google Analytics Certified."
Diya Zhou,29,Non-Binary,Bachelor's,Dentistry,4,digital marketing specialist,,"[""adaptability"", ""communication"", ""compliance"", ""critical thinking"", ""financial analysis"", ""medical knowledge"", ""negotiation"", ""team management""]","SHRM Certified Professional, Certified Financial Analyst, Digital Marketing Institute Certified",0,1,0,3,"Current role: digital marketing specialist. Skills: adaptability, communication, compliance, critical thinking, financial analysis, medical knowledge, negotiation, team management. Education: Bachelor's in Dentistry. Experience: 4 years. Certifications: SHRM Certified Professional, Certified Financial Analyst, Digital Marketing Institute Certified."
Alexander Venkatesh,29,Non-Binary,High School,Biology,1,nurse,,"[""budgeting"", ""compliance"", ""counseling"", ""excel"", ""healthcare"", ""powerpoint"", ""risk management""]","HubSpot Content Marketing, Six Sigma Green Belt, Project Management Professional",0,1,0,1,"Current role: nurse. Skills: budgeting, compliance, counseling, excel, healthcare, powerpoint, risk management. Education: High School in Biology. Experience: 1 years. Certifications: HubSpot Content Marketing, Six Sigma Green Belt, Project Management Professional."
Aarav Anderson,39,Non-Binary,Master's,Business Administration,4,social media manager,business analyst,"[""accounting"", ""adaptability"", ""communication"", ""counseling"", ""seo"", ""social media marketing"", ""strategic planning""]",,0,0,1,4,"Current role: social media manager. Previous roles: business analyst. Skills: accounting, adaptability, communication, counseling, seo, social media marketing, strategic planning. Education: Master's in Business Administration. Experience: 4 years."
Karan Verma,35,Male,PhD,Accounting,0,,,"[""accounting"", ""budgeting"", ""organizational skills"", ""risk management"", ""sales""]","Certified Financial Analyst, Licensed Professional Counselor, SHRM Certified Professional",1,1,0,5,"Skills: accounting, budgeting, organizational skills, risk management, sales. Education: PhD in Accounting. Experience: 0 years. Certifications: Certified Financial Analyst, Licensed Professional Counselor, SHRM Certified Professional."
Harper Yang,29,Non-Binary,Master's,Economics,0,,,"[""critical thinking"", ""patient care"", ""quality assurance"", ""social media marketing""]","Certified Public Accountant, SHRM Certified Professional",1,1,0,4,"Skills: critical thinking, patient care, quality assurance, social media marketing. Education: Master's in Economics. Experience: 0 years. Certifications: Certified Public Accountant, SHRM Certified Professional."
Harper Verma,44,Non-Binary,Bachelor's,English Literature,6,financial analyst,digital marketing specialist,"[""content writing"", ""medical knowledge"", ""negotiation"", ""powerpoint"", ""presentation skills"", ""problem solving"", ""seo"", ""time management""]",Certified Public Accountant,0,1,1,3,"Current role: financial analyst. Previous roles: digital marketing specialist. Skills: content writing, medical knowledge, negotiation, powerpoint, presentation skills, problem solving, seo, time management. Education: Bachelor's in English Literature. Experience: 6 years. Certifications: Certified Public Accountant."
Christopher Gupta,32,Male,Certificate,Architecture,4,marketing manager,,"[""compliance"", ""content writing"", ""excel"", ""healthcare"", ""medical knowledge"", ""quality assurance"", ""strategic planning""]","Licensed Professional Counselor, SHRM Certified Professional",0,1,0,0,"Current role: marketing manager. Skills: compliance, content writing, excel, healthcare, medical knowledge, quality assurance, strategic planning. Education: Certificate in Architecture. Experience: 4 years. Certifications: Licensed Professional Counselor, SHRM Certified Professional."
Arjun White,44,Male,Bachelor's,Chemical Engineering,2,project manager,,"[""accounting"", ""customer service"", ""leadership"", ""marketing"", ""negotiation"", ""quality assurance"", ""strategic planning""]",,0,0,0,3,"Current role: project manager. Skills: accounting, customer service, leadership, marketing, negotiation, quality assurance, strategic planning. Education: Bachelor's in Chemical Engineering. Experience: 2 years."
Sarah Thompson,22,Non-Binary,PhD,Dentistry,2,human resources manager,,"[""critical thinking"", ""patient care"", ""powerpoint"", ""presentation skills"", ""problem solving"", ""quality assurance"", ""team management""]","Licensed Professional Counselor, Facebook Blueprint Certified, Google Analytics Certified",0,1,0,5,"Current role: human resources manager. Skills: critical thinking, patient care, powerpoint, presentation skills, problem solving, quality assurance, team management. Education: PhD in Dentistry. Experience: 2 years. Certifications: Licensed Professional Counselor, Facebook Blueprint Certified, Google Analytics Certified."
Joshua Brown,35,Non-Binary,Bachelor's,Journalism,2,dentist,,"[""compliance"", ""content writing"", ""data analysis"", ""organizational skills"", ""project management"", ""time management""]","Digital Marketing Institute Certified, Registered Nurse License, Six Sigma Green Belt",0,1,0,3,"Current role: dentist. Skills: compliance, content writing, data analysis, organizational skills, project management, time management. Education: Bachelor's in Journalism. Experience: 2 years. Certifications: Digital Marketing Institute Certified, Registered Nurse License, Six Sigma Green Belt."
Vikram Verma,25,Male,Master's,Physics,8,dentist,"brand manager, market research analyst, business analyst","[""data analysis"", ""marketing"", ""negotiation"", ""patient care"", ""sales""]",,0,0,1,4,"Current role: dentist. Previous roles: brand manager, market research analyst, business analyst. Skills: data analysis, marketing, negotiation, patient care, sales. Education: Master's in Physics. Experience: 8 years."
Aarav Kim,36,Male,PhD,Physics,1,content manager,,"[""budgeting"", ""marketing"", ""project management"", ""social media marketing""]",Certified Financial Analyst,0,1,0,5,"Current role: content manager. Skills: budgeting, marketing, project management, social media marketing. Education: PhD in Physics. Experience: 1 years. Certifications: Certified Financial Analyst."
Sneha Park,34,Non-Binary,Bachelor's,Civil Engineering,3,nurse,human resources manager,"[""budgeting"", ""compliance"", ""critical thinking"", ""medical knowledge"", ""team management""]","Six Sigma Green Belt, Google Ads Certified, Google Analytics Certified",0,1,1,3,"Current role: nurse. Previous roles: human resources manager. Skills: budgeting, compliance, critical thinking, medical knowledge, team management. Education: Bachelor's in Civil Engineering. Experience: 3 years. Certifications: Six Sigma Green Belt, Google Ads Certified, Google Analytics Certified."
Joshua Agarwal,45,Male,PhD,Political Science,2,account manager,,"[""accounting"", ""critical thinking"", ""emotional intelligence"", ""team management""]",,0,0,0,5,"Current role: account manager. Skills: accounting, critical thinking, emotional intelligence, team management. Education: PhD in Political Science. Experience: 2 years."
Sophia Iyer,29,Non-Binary,PhD,Dentistry,5,account manager,project manager,"[""budgeting"", ""content writing"", ""powerpoint"", ""project management"", ""psychology"", ""team management""]","Certified Financial Analyst, Project Management Professional",0,1,1,5,"Current role: account manager. Previous roles: project manager. Skills: budgeting, content writing, powerpoint, project management, psychology, team management. Education: PhD in Dentistry. Experience: 5 years. Certifications: Certified Financial Analyst, Project Management Professional."
Ankit Wilson,41,Female,PhD,Operations Management,2,project manager,,"[""accounting"", ""adaptability"", ""critical thinking"", ""financial analysis"", ""organizational skills"", ""presentation skills"", ""strategic planning"", ""team management""]","Six Sigma Green Belt, Project Management Professional, Digital Marketing Institute Certified",0,1,0,5,"Current role: project manager. Skills: accounting, adaptability, critical thinking, financial analysis, organizational skills, presentation skills, strategic planning, team management. Education: PhD in Operations Management. Experience: 2 years. Certifications: Six Sigma Green Belt, Project Management Professional, Digital Marketing Institute Certified."
Meera Rodriguez,21,Male,PhD,Mechanical Engineering,7,marketing manager,content manager,"[""adaptability"", ""compliance"", ""leadership"", ""powerpoint"", ""sales"", ""strategic planning""]","Certified Financial Analyst, Google Analytics Certified",0,1,1,5,"Current role: marketing manager. Previous roles: content manager. Skills: adaptability, compliance, leadership, powerpoint, sales, strategic planning. Education: PhD in Mechanical Engineering. Experience: 7 years. Certifications: Certified Financial Analyst, Google Analytics Certified."
Jessica Mittal,42,Female,Bachelor's,Architecture,0,,,"[""compliance"", ""medical knowledge"", ""organizational skills"", ""powerpoint"", ""seo"", ""strategic planning"", ""team management"", ""time management""]","Google Ads Certified, Certified Sales Professional",1,1,0,3,"Skills: compliance, medical knowledge, organizational skills, powerpoint, seo, strategic planning, team management, time management. Education: Bachelor's in Architecture. Experience: 0 years. Certifications: Google Ads Certified, Certified Sales Professional."
Sophia Johnson,30,Male,Bachelor's,Human Resources,6,customer success manager,"financial analyst, business development manager","[""counseling"", ""financial analysis"", ""negotiation"", ""problem solving""]","Project Management Professional, Certified Financial Analyst, Google Analytics Certified",0,1,1,3,"Current role: customer success manager. Previous roles: financial analyst, business development manager. Skills: counseling, financial analysis, negotiation, problem solving. Education: Bachelor's in Human Resources. Experience: 6 years. Certifications: Project Management Professional, Certified Financial Analyst, Google Analytics Certified."
Ankit Taylor,44,Non-Binary,Master's,English Literature,2,salesperson,,"[""compliance"", ""financial analysis"", ""marketing"", ""time management""]",,0,0,0,4,"Current role: salesperson. Skills: compliance, financial analysis, marketing, time management. Education: Master's in English Literature. Experience: 2 years."
Ananya Moore,39,Non-Binary,Bachelor's,Pharmacy,1,market research analyst,,"[""adaptability"", ""healthcare"", ""project management"", ""risk management"", ""time management""]","Six Sigma Green Belt, Google Analytics Certified",0,1,0,3,"Current role: market research analyst. Skills: adaptability, healthcare, project management, risk management, time management. Education: Bachelor's in Pharmacy. Experience: 1 years. Certifications: Six Sigma Green Belt, Google Analytics Certified."
Arjun Menon,33,Female,Master's,Medicine,3,account manager,marketing manager,"[""content writing"", ""counseling"", ""financial analysis"", ""leadership""]","Google Ads Certified, Digital Marketing Institute Certified, Certified Public Accountant",0,1,1,4,"Current role: account manager. Previous roles: marketing manager. Skills: content writing, counseling, financial analysis, leadership. Education: Master's in Medicine. Experience: 3 years. Certifications: Google Ads Certified, Digital Marketing Institute Certified, Certified Public Accountant."
Harper Patel,21,Male,Certificate,Human Resources,3,marketing manager,,"[""data analysis"", ""presentation skills"", ""social media marketing"", ""team management"", ""time management""]","SHRM Certified Professional, Facebook Blueprint Certified",0,1,0,0,"Current role: marketing manager. Skills: data analysis, presentation skills, social media marketing, team management, time management. Education: Certificate in Human Resources. Experience: 3 years. Certifications: SHRM Certified Professional, Facebook Blueprint Certified."
Rahul Taylor,40,Non-Binary,High School,Chemical Engineering,0,,,"[""compliance"", ""content writing"", ""critical thinking"", ""excel"", ""medical knowledge"", ""quality assurance"", ""social media marketing"", ""strategic planning""]",,1,0,0,1,"Skills: compliance, content writing, critical thinking, excel, medical knowledge, quality assurance, social media marketing, strategic planning. Education: High School in Chemical Engineering. Experience: 0 years."
Noah Garcia,45,Female,Bachelor's,Pharmacy,1,financial analyst,,"[""adaptability"", ""excel"", ""financial analysis"", ""patient care"", ""quality assurance"", ""strategic planning""]",,0,0,0,3,"Current role: financial analyst. Skills: adaptability, excel, financial analysis, patient care, quality assurance, strategic planning. Education: Bachelor's in Pharmacy. Experience: 1 years."
Aisha Krishnan,39,Female,Master's,Sociology,5,financial analyst,,"[""accounting"", ""counseling"", ""critical thinking"", ""customer service"", ""emotional intelligence"", ""healthcare"", ""negotiation"", ""organizational skills""]","Registered Nurse License, HubSpot Content Marketing, Certified Public Accountant",0,1,0,4,"Current role: financial analyst. Skills: accounting, counseling, critical thinking, customer service, emotional intelligence, healthcare, negotiation, organizational skills. Education: Master's in Sociology. Experience: 5 years. Certifications: Registered Nurse License, HubSpot Content Marketing, Certified Public Accountant."
Emily Anderson,23,Non-Binary,Master's,Nursing,0,,,"[""customer service"", ""negotiation"", ""patient care"", ""problem solving"", ""strategic planning"", ""time management""]",SHRM Certified Professional,1,1,0,4,"Skills: customer service, negotiation, patient care, problem solving, strategic planning, time management. Education: Master's in Nursing. Experience: 0 years. Certifications: SHRM Certified Professional."
Lucas Hernandez,44,Non-Binary,Master's,Chemistry,0,,,"[""data analysis"", ""excel"", ""organizational skills"", ""project management"", ""social media marketing"", ""strategic planning"", ""team management""]","Six Sigma Green Belt, Facebook Blueprint Certified, Certified Financial Analyst",1,1,0,4,"Skills: data analysis, excel, organizational skills, project management, social media marketing, strategic planning, team management. Education: Master's in Chemistry. Experience: 0 years. Certifications: Six Sigma Green Belt, Facebook Blueprint Certified, Certified Financial Analyst."
Aadhya Rodriguez,21,Non-Binary,Bachelor's,Medicine,8,human resources manager,dentist,"[""counseling"", ""financial analysis"", ""leadership"", ""problem solving"", ""project management"", ""quality assurance"", ""sales""]","Six Sigma Green Belt, Project Management Professional",0,1,1,3,"Current role: human resources manager. Previous roles: dentist. Skills: counseling, financial analysis, leadership, problem solving, project management, quality assurance, sales. Education: Bachelor's in Medicine. Experience: 8 years. Certifications: Six Sigma Green Belt, Project Management Professional."
Noah Srinivasan,23,Female,Bachelor's,Marketing,0,,,"[""financial analysis"", ""medical knowledge"", ""risk management"", ""sales"", ""seo""]",,1,0,0,3,"Skills: financial analysis, medical knowledge, risk management, sales, seo. Education: Bachelor's in Marketing. Experience: 0 years."
Ananya Singh,40,Non-Binary,Bachelor's,Architecture,3,director of operations,,"[""adaptability"", ""healthcare"", ""leadership"", ""medical knowledge"", ""presentation skills"", ""seo"", ""social media marketing""]","Certified Sales Professional, Six Sigma Green Belt, Facebook Blueprint Certified",0,1,0,3,"Current role: director of operations. Skills: adaptability, healthcare, leadership, medical knowledge, presentation skills, seo, social media marketing. Education: Bachelor's in Architecture. Experience: 3 years. Certifications: Certified Sales Professional, Six Sigma Green Belt, Facebook Blueprint Certified."
Ava Johnson,43,Non-Binary,Bachelor's,Physics,0,,,"[""data analysis"", ""excel"", ""project management"", ""quality assurance""]","Licensed Professional Counselor, Certified Sales Professional, Facebook Blueprint Certified",1,1,0,3,"Skills: data analysis, excel, project management, quality assurance. Education: Bachelor's in Physics. Experience: 0 years. Certifications: Licensed Professional Counselor, Certified Sales Professional, Facebook Blueprint Certified."
Emma Rodriguez,44,Male,Bachelor's,Supply Chain Management,9,social media manager,,"[""medical knowledge"", ""patient care"", ""risk management"", ""team management""]",,0,0,0,3,"Current role: social media manager. Skills: medical knowledge, patient care, risk management, team management. Education: Bachelor's in Supply Chain Management. Experience: 9 years."
Amelia Jackson,28,Male,PhD,Architecture,5,social media manager,"content manager, nurse","[""critical thinking"", ""presentation skills"", ""social media marketing"", ""team management"", ""time management""]",Digital Marketing Institute Certified,0,1,1,5,"Current role: social media manager. Previous roles: content manager, nurse. Skills: critical thinking, presentation skills, social media marketing, team management, time management. Education: PhD in Architecture. Experience: 5 years. Certifications: Digital Marketing Institute Certified."
Ankit Wu,27,Female,Master's,Nursing,3,counselor,social media manager,"[""accounting"", ""critical thinking"", ""customer service"", ""data analysis"", ""excel"", ""marketing"", ""problem solving"", ""sales""]","Certified Public Accountant, Google Analytics Certified, Digital Marketing Institute Certified",0,1,1,4,"Current role: counselor. Previous roles: social media manager. Skills: accounting, critical thinking, customer service, data analysis, excel, marketing, problem solving, sales. Education: Master's in Nursing. Experience: 3 years. Certifications: Certified Public Accountant, Google Analytics Certified, Digital Marketing Institute Certified."
Mason Johnson,37,Female,Bachelor's,Supply Chain Management,9,counselor,"human resources manager, brand manager, digital marketing specialist","[""accounting"", ""communication"", ""customer service"", ""financial analysis"", ""organizational skills"", ""patient care"", ""problem solving"", ""social media marketing""]","Registered Nurse License, Google Analytics Certified, HubSpot Content Marketing",0,1,1,3,"Current role: counselor. Previous roles: human resources manager, brand manager, digital marketing specialist. Skills: accounting, communication, customer service, financial analysis, organizational skills, patient care, problem solving, social media marketing. Education: Bachelor's in Supply Chain Management. Experience: 9 years. Certifications: Registered Nurse License, Google Analytics Certified, HubSpot Content Marketing."
Sarah Garcia,29,Non-Binary,Master's,Sociology,3,brand manager,sales representative,"[""data analysis"", ""excel"", ""marketing"", ""medical knowledge"", ""quality assurance"", ""risk management""]",,0,0,1,4,"Current role: brand manager. Previous roles: sales representative. Skills: data analysis, excel, marketing, medical knowledge, quality assurance, risk management. Education: Master's in Sociology. Experience: 3 years."
Lucas Rao,45,Female,Diploma,Chemistry,0,,,"[""content writing"", ""medical knowledge"", ""negotiation"", ""patient care"", ""powerpoint"", ""project management"", ""quality assurance"", ""social media marketing""]","Google Analytics Certified, Facebook Blueprint Certified",1,1,0,0,"Skills: content writing, medical knowledge, negotiation, patient care, powerpoint, project management, quality assurance, social media marketing. Education: Diploma in Chemistry. Experience: 0 years. Certifications: Google Analytics Certified, Facebook Blueprint Certified."
Ethan Zhou,29,Female,Bachelor's,Biology,4,digital marketing specialist,,"[""emotional intelligence"", ""medical knowledge"", ""negotiation"", ""powerpoint"", ""social media marketing""]",HubSpot Content Marketing,0,1,0,3,"Current role: digital marketing specialist. Skills: emotional intelligence, medical knowledge, negotiation, powerpoint, social media marketing. Education: Bachelor's in Biology. Experience: 4 years. Certifications: HubSpot Content Marketing."
Priya Gupta,26,Non-Binary,Master's,Sociology,0,,,"[""critical thinking"", ""organizational skills"", ""powerpoint"", ""presentation skills"", ""time management""]","Six Sigma Green Belt, Licensed Professional Counselor, Facebook Blueprint Certified",1,1,0,4,"Skills: critical thinking, organizational skills, powerpoint, presentation skills, time management. Education: Master's in Sociology. Experience: 0 years. Certifications: Six Sigma Green Belt, Licensed Professional Counselor, Facebook Blueprint Certified."
